Unfall_ID;Original_Unfall_ID;Datum + Uhrzeit;Koordinaten Breitengrad;Koordinaten Längengrad;Gemeinde;Anzahl der Getöteten;Anzahl der Schwerverletzten;Anzahl der Leichtverletzten;Anzahl Beteiligte;Unfallart;Charakteristik;Besonderheiten;Lichtzeichenanlage;Lichtverhältnisse;Straßenzustand;Aufprall auf Hindernis;Unfallkategorie;Unfalltyp;Beteiligter 1: Ursachen;Beteiligter 2: Ursachen;Beteiligter 1: Verkehrsbeteiligung;Beteiligter 2: Verkehrsbeteiligung;beteiligt_fuss;beteiligt_fahrrad;beteiligt_pkw;beteiligt_sonst_kfz;beteiligt_sonst;Anzahl Fahrrad;Anzahl zu Fuß;Anzahl Pkw;Anzahl Pkw/Lkw/Bus;Anzahl sonstige Kfz;Anzahl sonstige;Anzahl sonstige Verkehrsmittel
791;;2024-03-21T14:12:00Z;49.00887906;8.397344086;Karlsruhe, Stadt;0;0;1;2;Zusammenstoß zwischen Fahrzeug und Fußgänger;;;;hell;trocken;kein Aufprall;Unfall mit Leichtverletzten;Unfall im Längsverkehr;Falsches Verhalten gegenüber Fußgängern an anderen Stellen;;Pkw;zu Fuß;TRUE;FALSE;TRUE;FALSE;FALSE;0;1;1;;0;0;
795;;2024-03-22T06:25:00Z;49.00221291;8.453029221;Karlsruhe, Stadt;0;1;0;2;Zusammenstoß mit einbiegendem/kreuzendem Fahrzeug;Kreuzung;"Benutzungspflicht der Radverkehrsanlage; Radverkehrsanlage neben der Fahrbahn / baulich getrennte RVA";;hell;trocken;kein Aufprall;Unfall mit Schwerverletzten;Einbiege-/Kreuzen-Unfall;Nichtbeachten der Vorfahrt regelnden Verkehrszeichen;;Pkw;Fahrrad;FALSE;TRUE;TRUE;FALSE;FALSE;1;0;1;;0;0;
796;;2024-03-22T08:01:00Z;49.00494673;8.440601353;Karlsruhe, Stadt;0;0;0;2;Zusammenstoß mit anfahrendem/anhaltendem/ruhendem Fahrzeug;;;;hell;trocken;sonstiges Hindernis;Sonstiger Sachschadensunfall ohne Alkoholeinwirkung;Sonstiger Unfall;Andere Fehler beim Fahrzeugführer;;Pkw;Fahrrad;FALSE;TRUE;TRUE;FALSE;FALSE;1;0;1;;0;0;
804;;2024-03-22T20:45:00Z;49.01074944;8.398929637;Karlsruhe, Stadt;0;0;1;2;Zusammenstoß zwischen Fahrzeug und Fußgänger;;;;dunkel;trocken;kein Aufprall;Unfall mit Leichtverletzten;Unfall im Längsverkehr;"Unbekannter Code 9; Falsches Verhalten gegenüber Fußgängern an anderen Stellen";;Pkw;zu Fuß;TRUE;FALSE;TRUE;FALSE;FALSE;0;1;1;;0;0;
805;;2024-03-22T20:45:00Z;49.00863475;8.418480235;Karlsruhe, Stadt;0;0;1;2;Unfall anderer Art;;Radverkehrsanlage neben der Fahrbahn / baulich getrennte RVA;;dunkel;trocken;kein Aufprall;Unfall mit Leichtverletzten;Sonstiger Unfall;Andere Fehler der Fußgänger;;zu Fuß;Fahrrad;TRUE;TRUE;FALSE;FALSE;FALSE;1;1;0;;0;0;
806;;2024-03-23T02:50:00Z;48.96550089;8.481081896;Karlsruhe, Stadt;0;0;0;2;Zusammenstoß mit einbiegendem/kreuzendem Fahrzeug;Kreuzung;;;dunkel;trocken;kein Aufprall;Sonstiger Sachschadensunfall ohne Alkoholeinwirkung;Einbiege-/Kreuzen-Unfall;"Nichtbeachten der Regel rechts vor links; Unbekannter Code 6";;Pedelec;Pkw;FALSE;TRUE;TRUE;FALSE;FALSE;1;0;1;;0;0;
808;;2024-03-23T10:19:00Z;49.01126841;8.361963904;Karlsruhe, Stadt;0;0;1;2;Zusammenstoß mit einbiegendem/kreuzendem Fahrzeug;;Radverkehrsanlage auf der Fahrbahn;;hell;trocken;kein Aufprall;Unfall mit Leichtverletzten;Abbiegeunfall;Nichtbeachten des Vorranges an Fußgängerüberwegen;;Pkw;Fahrrad;FALSE;TRUE;TRUE;FALSE;FALSE;1;0;1;;0;0;
822;;2024-03-24T16:25:00Z;49.00568538;8.375490262;Karlsruhe, Stadt;0;0;1;2;Zusammenstoß zwischen Fahrzeug und Fußgänger;;;;hell;nass;kein Aufprall;Unfall mit Leichtverletzten;Überschreiten-Unfall;Überschreiten der Fahrbahn ohne auf den Fahrzeugverkehr zu achten;;zu Fuß;Fahrrad;TRUE;TRUE;FALSE;FALSE;FALSE;1;1;0;;0;0;
832;;2024-03-25T10:20:00Z;49.00557533;8.384753789;Karlsruhe, Stadt;0;0;0;2;Zusammenstoß mit einbiegendem/kreuzendem Fahrzeug;Einmündung;Radverkehrsanlage auf der Fahrbahn;;hell;trocken;kein Aufprall;Sonstiger Sachschadensunfall ohne Alkoholeinwirkung;Abbiegeunfall;"Nichtbeachten des Vorranges an Fußgängerüberwegen; Unbekannter Code 6";;Pkw;Fahrrad;FALSE;TRUE;TRUE;FALSE;FALSE;1;0;1;;0;0;
835;;2024-03-25T13:22:00Z;49.00512039;8.437150082;Karlsruhe, Stadt;0;0;1;2;Zusammenstoß mit einbiegendem/kreuzendem Fahrzeug;Kreuzung;Radverkehrsanlage neben der Fahrbahn / baulich getrennte RVA;;hell;trocken;kein Aufprall;Unfall mit Leichtverletzten;Einbiege-/Kreuzen-Unfall;Nichtbeachten der Vorfahrt regelnden Verkehrszeichen;;Pkw;Fahrrad;FALSE;TRUE;TRUE;FALSE;FALSE;1;0;1;;0;0;
836;;2024-03-25T13:54:00Z;49.00584478;8.433314634;Karlsruhe, Stadt;0;0;1;2;Zusammenstoß mit einbiegendem/kreuzendem Fahrzeug;Einmündung;Radverkehrsanlage auf der Fahrbahn;;hell;trocken;kein Aufprall;Unfall mit Leichtverletzten;Einbiege-/Kreuzen-Unfall;Nichtbeachten der Vorfahrt regelnden Verkehrszeichen;;Pkw;Fahrrad;FALSE;TRUE;TRUE;FALSE;FALSE;1;0;1;;0;0;
837;;2024-03-25T14:20:00Z;49.01971243;8.421342341;Karlsruhe, Stadt;0;0;1;2;Zusammenstoß mit einbiegendem/kreuzendem Fahrzeug;;Haltestelle;;hell;trocken;kein Aufprall;Unfall mit Leichtverletzten;Einbiege-/Kreuzen-Unfall;Fehler beim Einfahren in den fließenden Verkehr;;Fahrrad;Fahrrad;FALSE;TRUE;FALSE;FALSE;FALSE;2;0;0;;0;0;
844;;2024-03-26T13:00:00Z;49.04371086;8.38294059;Karlsruhe, Stadt;0;1;0;2;Zusammenstoß mit einbiegendem/kreuzendem Fahrzeug;;Fußgängerüberweg (Zebrastreifen);;hell;trocken;kein Aufprall;Unfall mit Schwerverletzten;Einbiege-/Kreuzen-Unfall;"Fehler beim Einfahren in den fließenden Verkehr; Benutzung der falschen Fahrbahn oder verbotswidrige Benutzung anderer Straßenteile";;Pedelec;Pkw;FALSE;TRUE;TRUE;FALSE;FALSE;1;0;1;;0;0;
847;;2024-03-26T14:00:00Z;49.00880772;8.371567308;Karlsruhe, Stadt;0;0;0;2;Zusammenstoß mit einbiegendem/kreuzendem Fahrzeug;Kreuzung;;;hell;trocken;kein Aufprall;Sonstiger Sachschadensunfall ohne Alkoholeinwirkung;Einbiege-/Kreuzen-Unfall;"Nichtbeachten der Regel rechts vor links; Unbekannter Code 6";;Pedelec;Pkw;FALSE;TRUE;TRUE;FALSE;FALSE;1;0;1;;0;0;
850;;2024-03-26T16:10:00Z;48.99625421;8.453338028;Karlsruhe, Stadt;0;0;1;2;Zusammenstoß mit einbiegendem/kreuzendem Fahrzeug;Grundstücksein-/ausfahrt;;;hell;trocken;kein Aufprall;Unfall mit Leichtverletzten;Abbiegeunfall;Nichtbeachten des Vorranges an Fußgängerüberwegen;Benutzung der falschen Fahrbahn oder verbotswidrige Benutzung anderer Straßenteile;Pkw;Pedelec;FALSE;TRUE;TRUE;FALSE;FALSE;1;0;1;;0;0;
852;;2024-03-26T17:40:00Z;49.02919283;8.343177554;Karlsruhe, Stadt;0;0;2;2;Zusammenstoß zwischen Fahrzeug und Fußgänger;Einmündung;Fußgängerfurt;Lichtzeichenanlage in Betrieb;hell;trocken;kein Aufprall;Unfall mit Leichtverletzten;Abbiegeunfall;"Alkoholeinfluss; Nichtbeachten des Vorranges an Fußgängerüberwegen";"Falsches Verhalten beim Überschreiten der Fahrbahn in der Nähe von Kreuzungen, Einmündungen, Lichtzeichenanlagen oder Fußgängerüberwegen bzw. bei dichtem Verkehr an anderen Stellen; Überschreiten der Fahrbahn ohne auf den Fahrzeugverkehr zu achten";Fahrrad;zu Fuß;TRUE;TRUE;FALSE;FALSE;FALSE;1;1;0;;0;0;
855;;2024-03-26T22:04:00Z;48.98865437;8.377722558;Karlsruhe, Stadt;0;0;1;1;Unfall anderer Art;;;;dunkel;trocken;kein Aufprall;Unfall mit Leichtverletzten;Sonstiger Unfall;Sonstige körperliche oder geistige Mängel;;Fahrrad;;FALSE;TRUE;FALSE;FALSE;FALSE;1;0;0;;0;0;
856;;2024-03-27T09:50:00Z;49.00993007;8.395033035;Karlsruhe, Stadt;0;0;1;2;Zusammenstoß zwischen Fahrzeug und Fußgänger;;"Fußgängerfurt; Haltestelle";Lichtzeichenanlage in Betrieb;hell;trocken;kein Aufprall;Unfall mit Leichtverletzten;Überschreiten-Unfall;Fehler beim Wenden oder Rückwärtsfahren;Falsches Verhalten beim Überschreiten der Fahrbahn in der Nähe von Kreuzungen, Einmündungen, Lichtzeichenanlagen oder Fußgängerüberwegen bzw. bei dichtem Verkehr an anderen Stellen;Pkw;zu Fuß;TRUE;FALSE;TRUE;FALSE;FALSE;0;1;1;;0;0;
857;;2024-03-27T10:20:00Z;49.00962148;8.389744824;Karlsruhe, Stadt;0;0;1;2;Zusammenstoß mit vorausfahrendem/wartendem Fahrzeug;Kreuzung;;;hell;trocken;kein Aufprall;Unfall mit Leichtverletzten;Abbiegeunfall;Sonstige Fehler beim Überholen;;Fahrrad;Fahrrad;FALSE;TRUE;FALSE;FALSE;FALSE;2;0;0;;0;0;
867;;2024-03-28T13:45:00Z;49.00865415;8.398107968;Karlsruhe, Stadt;0;0;1;2;Zusammenstoß mit entgegenkommendem Fahrzeug;Kreuzung;;;hell;trocken;kein Aufprall;Unfall mit Leichtverletzten;Unfall im Längsverkehr;Andere Fehler beim Fahrzeugführer;;Fahrrad;Fahrrad;FALSE;TRUE;FALSE;FALSE;FALSE;2;0;0;;0;0;
870;;2024-03-28T14:30:00Z;49.00554964;8.381748401;Karlsruhe, Stadt;0;0;1;2;Zusammenstoß zwischen Fahrzeug und Fußgänger;Kreuzung;;;hell;trocken;kein Aufprall;Unfall mit Leichtverletzten;Überschreiten-Unfall;Überschreiten der Fahrbahn ohne auf den Fahrzeugverkehr zu achten;"Falsches Verhalten gegenüber Fußgängern an anderen Stellen; Sonstige körperliche oder geistige Mängel";zu Fuß;Pkw;TRUE;FALSE;TRUE;FALSE;FALSE;0;1;1;;0;0;
873;;2024-03-28T20:17:00Z;49.00551988;8.399904963;Karlsruhe, Stadt;0;1;0;2;Zusammenstoß mit einbiegendem/kreuzendem Fahrzeug;;"Schienengleicher Wegübergang; Fußgängerfurt";Lichtzeichenanlage in Betrieb;dunkel;trocken;kein Aufprall;Unfall mit Schwerverletzten;Einbiege-/Kreuzen-Unfall;Nichtbeachten der Verkehrsregelung durch Polizeibeamte oder Lichtzeichen;;Fahrrad;Tram;FALSE;TRUE;FALSE;TRUE;FALSE;1;0;0;;1;0;
876;;2024-03-29T09:15:00Z;49.00171901;8.425844467;Karlsruhe, Stadt;0;0;1;2;Zusammenstoß mit einbiegendem/kreuzendem Fahrzeug;Grundstücksein-/ausfahrt;Radverkehrsanlage neben der Fahrbahn / baulich getrennte RVA;;hell;nass;kein Aufprall;Unfall mit Leichtverletzten;Einbiege-/Kreuzen-Unfall;Fehler beim Einfahren in den fließenden Verkehr;;Lkw/Lieferwagen;Pedelec;FALSE;TRUE;FALSE;TRUE;FALSE;1;0;0;;1;0;
909;;2024-04-02T10:30:00Z;49.00436314;8.366446828;Karlsruhe, Stadt;0;0;1;2;Zusammenstoß mit einbiegendem/kreuzendem Fahrzeug;Kreuzung;Fußgängerfurt;Lichtzeichenanlage in Betrieb;hell;trocken;kein Aufprall;Unfall mit Leichtverletzten;Überschreiten-Unfall;Falsches Verhalten gegenüber Fußgängern an Fußgängerfurten;;sonstige;mit Sport-/Spielgerät;TRUE;FALSE;FALSE;FALSE;TRUE;0;1;0;;0;1;
912;;2024-04-03T06:47:00Z;49.01993125;8.385147805;Karlsruhe, Stadt;0;0;0;2;Zusammenstoß mit anfahrendem/anhaltendem/ruhendem Fahrzeug;Grundstücksein-/ausfahrt;;;Dämmerung;trocken;kein Aufprall;Sonstiger Sachschadensunfall ohne Alkoholeinwirkung;Sonstiger Unfall;Sonstiges falsches Verhalten der Fußgänger;;zu Fuß;Pkw;TRUE;FALSE;TRUE;FALSE;FALSE;0;1;1;;0;0;
917;;2024-04-03T12:30:00Z;49.01761876;8.367272681;Karlsruhe, Stadt;0;0;1;2;Zusammenstoß zwischen Fahrzeug und Fußgänger;Einmündung;;;hell;nass;kein Aufprall;Unfall mit Leichtverletzten;Abbiegeunfall;Falsches Verhalten gegenüber Fußgängern beim Abbiegen;;Pkw;zu Fuß;TRUE;FALSE;TRUE;FALSE;FALSE;0;1;1;;0;0;
942;;2024-04-04T16:50:00Z;49.00805327;8.399951003;Karlsruhe, Stadt;0;0;1;2;Zusammenstoß mit einbiegendem/kreuzendem Fahrzeug;Kreuzung;;;hell;nass;kein Aufprall;Unfall mit Leichtverletzten;Einbiege-/Kreuzen-Unfall;Nichtbeachten der Vorfahrt regelnden Verkehrszeichen;;Pkw;Fahrrad;FALSE;TRUE;TRUE;FALSE;FALSE;1;0;1;;0;0;
944;;2024-04-04T18:40:00Z;49.04634711;8.385642535;Karlsruhe, Stadt;0;0;1;2;Zusammenstoß mit anfahrendem/anhaltendem/ruhendem Fahrzeug;;Radverkehrsanlage neben der Fahrbahn / baulich getrennte RVA;;dunkel;nass;kein Aufprall;Unfall mit Leichtverletzten;Unfall durch ruhenden Verkehr;"Alkoholeinfluss; Andere Fehler beim Fahrzeugführer";;Fahrrad;Pkw;FALSE;TRUE;TRUE;FALSE;FALSE;1;0;1;;0;0;
945;;2024-04-04T19:25:00Z;49.00067377;8.426788112;Karlsruhe, Stadt;0;0;1;2;Unfall anderer Art;Einmündung;Radverkehrsanlage neben der Fahrbahn / baulich getrennte RVA;Lichtzeichenanlage in Betrieb;dunkel;nass;kein Aufprall;Unfall mit Leichtverletzten;Abbiegeunfall;Andere Fehler beim Fahrzeugführer;;sonstige;Fahrrad;FALSE;TRUE;FALSE;FALSE;TRUE;1;0;0;;0;1;
946;;2024-04-05T06:57:00Z;49.01832247;8.379638377;Karlsruhe, Stadt;0;0;1;2;Zusammenstoß mit einbiegendem/kreuzendem Fahrzeug;Kreuzung;;;hell;nass;kein Aufprall;Unfall mit Leichtverletzten;Einbiege-/Kreuzen-Unfall;Verstoß gegen das Rechtsfahrgebot;;Pkw;Pedelec;FALSE;TRUE;TRUE;FALSE;FALSE;1;0;1;;0;0;
957;;2024-04-05T13:49:00Z;49.02845109;8.440839882;Karlsruhe, Stadt;0;0;0;2;Zusammenstoß mit einbiegendem/kreuzendem Fahrzeug;Kreuzung;;;hell;trocken;kein Aufprall;Sonstiger Sachschadensunfall ohne Alkoholeinwirkung;Einbiege-/Kreuzen-Unfall;"Nichtbeachten der Regel rechts vor links; Unbekannter Code 6";;Fahrrad;Pkw;FALSE;TRUE;TRUE;FALSE;FALSE;1;0;1;;0;0;
960;;2024-04-05T16:05:00Z;49.00642778;8.375129739;Karlsruhe, Stadt;0;0;0;2;Zusammenstoß mit einbiegendem/kreuzendem Fahrzeug;Einmündung;;;hell;trocken;kein Aufprall;Sonstiger Sachschadensunfall ohne Alkoholeinwirkung;Einbiege-/Kreuzen-Unfall;"Nichtbeachten der Regel rechts vor links; Unbekannter Code 6";;Fahrrad;Pedelec;FALSE;TRUE;FALSE;FALSE;FALSE;2;0;0;;0;0;
963;;2024-04-06T08:30:00Z;48.97602157;8.407286293;Karlsruhe, Stadt;0;1;0;2;Zusammenstoß zwischen Fahrzeug und Fußgänger;;;;hell;trocken;kein Aufprall;Unfall mit Schwerverletzten;Sonstiger Unfall;Fehler beim Wenden oder Rückwärtsfahren;;Pkw;zu Fuß;TRUE;FALSE;TRUE;FALSE;FALSE;0;1;1;;0;0;
977;;2024-04-07T10:30:00Z;48.99926544;8.47018104;Karlsruhe, Stadt;0;0;1;1;Unfall anderer Art;;Schienengleicher Wegübergang;;hell;trocken;kein Aufprall;Unfall mit Leichtverletzten;Sonstiger Unfall;Unbekannter Code 6;;Fahrrad;;FALSE;TRUE;FALSE;FALSE;FALSE;1;0;0;;0;0;
982;;2024-04-08T04:40:00Z;49.0448189;8.389802422;Karlsruhe, Stadt;0;0;1;2;Unfall anderer Art;Kreisverkehr;;;Dämmerung;trocken;kein Aufprall;Unfall mit Leichtverletzten;Einbiege-/Kreuzen-Unfall;Nichtbeachten der Vorfahrt regelnden Verkehrszeichen;;Pkw;Fahrrad;FALSE;TRUE;TRUE;FALSE;FALSE;1;0;1;;0;0;
996;;2024-04-09T11:35:00Z;49.00134198;8.3448654;Karlsruhe, Stadt;0;0;1;2;Zusammenstoß zwischen Fahrzeug und Fußgänger;;"Haltestelle; Schienengleicher Wegübergang";Lichtzeichenanlage in Betrieb;hell;trocken;kein Aufprall;Unfall mit Leichtverletzten;Überschreiten-Unfall;Falsches Verhalten beim Überschreiten der Fahrbahn an Stellen mit Verkehrsregelung durch Polizeibeamte oder Lichtzeichen;;zu Fuß;Tram;TRUE;FALSE;FALSE;TRUE;FALSE;0;1;0;;1;0;
997;;2024-04-09T14:20:00Z;49.00491728;8.439344209;Karlsruhe, Stadt;0;0;1;2;Zusammenstoß mit einbiegendem/kreuzendem Fahrzeug;Grundstücksein-/ausfahrt;Radverkehrsanlage auf der Fahrbahn;;hell;trocken;kein Aufprall;Unfall mit Leichtverletzten;Abbiegeunfall;Nichtbeachten des Vorranges an Fußgängerüberwegen;Ungenügender Sicherheitsabstand;Pkw;Fahrrad;FALSE;TRUE;TRUE;FALSE;FALSE;1;0;1;;0;0;
1010;;2024-04-10T14:13:00Z;49.00548955;8.413125594;Karlsruhe, Stadt;0;0;1;2;Zusammenstoß mit einbiegendem/kreuzendem Fahrzeug;Grundstücksein-/ausfahrt;;;hell;trocken;kein Aufprall;Unfall mit Leichtverletzten;Einbiege-/Kreuzen-Unfall;"Unbekannter Code 6; Benutzung der falschen Fahrbahn oder verbotswidrige Benutzung anderer Straßenteile";;Fahrrad;Pkw;FALSE;TRUE;TRUE;FALSE;FALSE;1;0;1;;0;0;
1011;;2024-04-10T15:20:00Z;49.0207613;8.363049504;Karlsruhe, Stadt;0;0;1;2;Zusammenstoß mit einbiegendem/kreuzendem Fahrzeug;Einmündung;Radverkehrsanlage neben der Fahrbahn / baulich getrennte RVA;;hell;trocken;kein Aufprall;Unfall mit Leichtverletzten;Einbiege-/Kreuzen-Unfall;Benutzung der falschen Fahrbahn oder verbotswidrige Benutzung anderer Straßenteile;Nichtbeachten der Vorfahrt regelnden Verkehrszeichen;Fahrrad;Pkw;FALSE;TRUE;TRUE;FALSE;FALSE;1;0;1;;0;0;
1012;;2024-04-10T15:43:00Z;49.00819896;8.431826795;Karlsruhe, Stadt;0;0;1;2;Unfall anderer Art;Kreuzung;"Fußgängerfurt; Schienengleicher Wegübergang";Lichtzeichenanlage in Betrieb;hell;trocken;kein Aufprall;Unfall mit Leichtverletzten;Überschreiten-Unfall;Falsches Verhalten beim Überschreiten der Fahrbahn an Stellen mit Verkehrsregelung durch Polizeibeamte oder Lichtzeichen;;zu Fuß;Fahrrad;TRUE;TRUE;FALSE;FALSE;FALSE;1;1;0;;0;0;
1013;;2024-04-10T16:00:00Z;48.99617286;8.473749282;Karlsruhe, Stadt;0;0;0;2;Zusammenstoß mit anfahrendem/anhaltendem/ruhendem Fahrzeug;;;;hell;trocken;kein Aufprall;Sonstiger Sachschadensunfall ohne Alkoholeinwirkung;Unfall durch ruhenden Verkehr;"Andere Fehler beim Fahrzeugführer; Unbekannter Code 6";;Fahrrad;Pkw;FALSE;TRUE;TRUE;FALSE;FALSE;1;0;1;;0;0;
1019;;2024-04-11T05:50:00Z;49.00307873;8.356189632;Karlsruhe, Stadt;0;0;1;2;Zusammenstoß zwischen Fahrzeug und Fußgänger;Einmündung;Arbeitsstelle;;hell;trocken;kein Aufprall;Unfall mit Leichtverletzten;Abbiegeunfall;Falsches Verhalten gegenüber Fußgängern beim Abbiegen;;Pkw;zu Fuß;TRUE;FALSE;TRUE;FALSE;FALSE;0;1;1;;0;0;
1020;;2024-04-11T06:45:00Z;48.99553436;8.451022157;Karlsruhe, Stadt;0;0;1;2;Zusammenstoß mit einbiegendem/kreuzendem Fahrzeug;Kreisverkehr;Radverkehrsanlage neben der Fahrbahn / baulich getrennte RVA;;hell;trocken;kein Aufprall;Unfall mit Leichtverletzten;Einbiege-/Kreuzen-Unfall;Nichtbeachten der Vorfahrt regelnden Verkehrszeichen;;Pkw;Fahrrad;FALSE;TRUE;TRUE;FALSE;FALSE;1;0;1;;0;0;
1029;;2024-04-11T14:15:00Z;49.01712724;8.369000616;Karlsruhe, Stadt;0;0;0;2;Zusammenstoß mit vorausfahrendem/wartendem Fahrzeug;Einmündung;;Lichtzeichenanlage in Betrieb;hell;trocken;kein Aufprall;Sonstiger Sachschadensunfall ohne Alkoholeinwirkung;Unfall im Längsverkehr;Andere Fehler beim Fahrzeugführer;;Fahrrad;Pkw;FALSE;TRUE;TRUE;FALSE;FALSE;1;0;1;;0;0;
1030;;2024-04-11T14:15:00Z;48.9990804;8.402190633;Karlsruhe, Stadt;0;0;1;1;Abkommen von Fahrbahn nach links;Gefälle;;;hell;trocken;Mast;Unfall mit Leichtverletzten;Fahrunfall;Nicht angepasste Geschwindigkeit – andere Fälle;;Fahrrad;;FALSE;TRUE;FALSE;FALSE;FALSE;1;0;0;;0;0;
1034;;2024-04-11T14:42:00Z;49.02014824;8.459616883;Karlsruhe, Stadt;0;0;1;2;Unfall anderer Art;Grundstücksein-/ausfahrt;;;hell;trocken;kein Aufprall;Unfall mit Leichtverletzten;Einbiege-/Kreuzen-Unfall;Fehler beim Einfahren in den fließenden Verkehr;Benutzung der falschen Fahrbahn oder verbotswidrige Benutzung anderer Straßenteile;sonstige;Fahrrad;FALSE;TRUE;FALSE;FALSE;TRUE;1;0;0;;0;1;
1040;;2024-04-11T17:55:00Z;48.99864914;8.393790383;Karlsruhe, Stadt;0;0;1;2;Unfall anderer Art;;Radverkehrsanlage auf der Fahrbahn;;Dämmerung;trocken;kein Aufprall;Unfall mit Leichtverletzten;Sonstiger Unfall;Fehler beim Wenden oder Rückwärtsfahren;;Pkw;Fahrrad;FALSE;TRUE;TRUE;FALSE;FALSE;1;0;1;;0;0;
1045;;2024-04-12T10:22:00Z;49.05759591;8.384893192;Karlsruhe, Stadt;0;0;1;1;Unfall anderer Art;;;;hell;trocken;kein Aufprall;Unfall mit Leichtverletzten;Sonstiger Unfall;Andere Fehler beim Fahrzeugführer;;Fahrrad;;FALSE;TRUE;FALSE;FALSE;FALSE;1;0;0;;0;0;
1049;;2024-04-12T14:30:00Z;49.01387073;8.406216012;Karlsruhe, Stadt;0;0;1;1;Unfall anderer Art;;;;hell;trocken;kein Aufprall;Unfall mit Leichtverletzten;Sonstiger Unfall;Andere Fehler beim Fahrzeugführer;;Fahrrad;;FALSE;TRUE;FALSE;FALSE;FALSE;1;0;0;;0;0;
1051;;2024-04-12T15:45:00Z;49.00412385;8.429801274;Karlsruhe, Stadt;0;0;2;2;Zusammenstoß mit einbiegendem/kreuzendem Fahrzeug;Kurve;;;hell;trocken;kein Aufprall;Unfall mit Leichtverletzten;Überschreiten-Unfall;Überschreiten der Fahrbahn ohne auf den Fahrzeugverkehr zu achten;;mit Sport-/Spielgerät;Pedelec;TRUE;TRUE;FALSE;FALSE;FALSE;1;1;0;;0;0;
1061;;2024-04-13T15:00:00Z;49.0010718;8.344824921;Karlsruhe, Stadt;0;0;1;2;Zusammenstoß zwischen Fahrzeug und Fußgänger;Kreuzung;Fußgängerfurt;Lichtzeichenanlage in Betrieb;hell;trocken;kein Aufprall;Unfall mit Leichtverletzten;Überschreiten-Unfall;Falsches Verhalten beim Überschreiten der Fahrbahn an Stellen mit Verkehrsregelung durch Polizeibeamte oder Lichtzeichen;;zu Fuß;Pkw;TRUE;FALSE;TRUE;FALSE;FALSE;0;1;1;;0;0;
1066;;2024-04-14T03:40:00Z;49.00227729;8.397893449;Karlsruhe, Stadt;0;0;0;3;Zusammenstoß mit anfahrendem/anhaltendem/ruhendem Fahrzeug;;;;dunkel;trocken;kein Aufprall;Sonstiger Sachschadensunfall unter Einfluss berauschender Mittel;Sonstiger Unfall;"Alkoholeinfluss; Einfluss anderer berauschender Mittel; Unbekannter Code 5";;Fahrrad;Pkw;;TRUE;TRUE;;;1;0;1;;0;0;
1069;;2024-04-14T14:30:00Z;48.99250003;8.385639472;Karlsruhe, Stadt;0;0;2;3;Zusammenstoß mit einbiegendem/kreuzendem Fahrzeug;Kreuzung;;;hell;trocken;kein Aufprall;Unfall mit Leichtverletzten;Einbiege-/Kreuzen-Unfall;Nichtbeachten der Vorfahrt regelnden Verkehrszeichen;;Pkw;Fahrrad;;TRUE;TRUE;;;1;0;1;;0;0;
1077;;2024-04-15T10:45:00Z;48.98819796;8.403548103;Karlsruhe, Stadt;0;1;0;2;Zusammenstoß mit einbiegendem/kreuzendem Fahrzeug;"Einmündung; Kurve";Radverkehrsanlage neben der Fahrbahn / baulich getrennte RVA;;hell;trocken;kein Aufprall;Unfall mit Schwerverletzten;Einbiege-/Kreuzen-Unfall;Nichtbeachten der Vorfahrt regelnden Verkehrszeichen;;Pkw;Pedelec;FALSE;TRUE;TRUE;FALSE;FALSE;1;0;1;;0;0;
1079;;2024-04-15T12:20:00Z;49.01058207;8.383622833;Karlsruhe, Stadt;0;0;1;2;Unfall anderer Art;;Haltestelle;;hell;trocken;kein Aufprall;Unfall mit Leichtverletzten;Überschreiten-Unfall;Sonstiges falsches Verhalten der Fußgänger;;zu Fuß;Tram;TRUE;FALSE;FALSE;TRUE;FALSE;0;1;0;;1;0;
1083;;2024-04-15T16:20:00Z;48.99960291;8.418570579;Karlsruhe, Stadt;0;0;1;1;Aufprall auf Fahrbahnhindernis;;Radverkehrsanlage neben der Fahrbahn / baulich getrennte RVA;;hell;trocken;kein Aufprall;Unfall mit Leichtverletzten;Sonstiger Unfall;Andere Fehler beim Fahrzeugführer;;Fahrrad;;FALSE;TRUE;FALSE;FALSE;FALSE;1;0;0;;0;0;
1095;;2024-04-16T15:30:00Z;49.01146959;8.362170933;Karlsruhe, Stadt;0;0;0;2;Unfall anderer Art;;;;hell;nass;kein Aufprall;Sonstiger Sachschadensunfall ohne Alkoholeinwirkung;Sonstiger Unfall;Andere Fehler beim Fahrzeugführer;;Pkw;Fahrrad;FALSE;TRUE;TRUE;FALSE;FALSE;1;0;1;;0;0;