Unfall_ID;Original_Unfall_ID;Datum + Uhrzeit;Koordinaten Breitengrad;Koordinaten Längengrad;Gemeinde;Anzahl der Getöteten;Anzahl der Schwerverletzten;Anzahl der Leichtverletzten;Anzahl Beteiligte;Unfallart;Charakteristik;Besonderheiten;Lichtzeichenanlage;Lichtverhältnisse;Straßenzustand;Aufprall auf Hindernis;Unfallkategorie;Unfalltyp;Beteiligter 1: Ursachen;Beteiligter 2: Ursachen;Beteiligter 1: Verkehrsbeteiligung;Beteiligter 2: Verkehrsbeteiligung;beteiligt_fuss;beteiligt_fahrrad;beteiligt_pkw;beteiligt_sonst_kfz;beteiligt_sonst;Anzahl Fahrrad;Anzahl zu Fuß;Anzahl Pkw;Anzahl Pkw/Lkw/Bus;Anzahl sonstige Kfz;Anzahl sonstige;Anzahl sonstige Verkehrsmittel
1692;;2024-06-10T07:30:00Z;49.00565208;8.378104319;Karlsruhe, Stadt;0;0;1;2;Zusammenstoß mit einbiegendem/kreuzendem Fahrzeug;Kreuzung;Fußgängerfurt;Lichtzeichenanlage in Betrieb;hell;trocken;kein Aufprall;Unfall mit Leichtverletzten;Einbiege-/Kreuzen-Unfall;Nichtbeachten der Verkehrsregelung durch Polizeibeamte oder Lichtzeichen;;Pkw;Fahrrad;FALSE;TRUE;TRUE;FALSE;FALSE;1;0;1;;0;0;
1695;;2024-06-10T09:20:00Z;49.03211053;8.454173274;Karlsruhe, Stadt;0;0;1;2;Zusammenstoß mit einbiegendem/kreuzendem Fahrzeug;Kreuzung;Verkehrsberuhigter Bereich;;hell;trocken;kein Aufprall;Unfall mit Leichtverletzten;Einbiege-/Kreuzen-Unfall;Fehler beim Einfahren in den fließenden Verkehr;;Pkw;Fahrrad;FALSE;TRUE;TRUE;FALSE;FALSE;1;0;1;;0;0;
1697;;2024-06-10T12:50:00Z;49.00546803;8.366610281;Karlsruhe, Stadt;0;1;0;2;Unfall anderer Art;"Kreuzung; Gefälle";;;hell;trocken;kein Aufprall;Unfall mit Schwerverletzten;Einbiege-/Kreuzen-Unfall;Nichtbeachten der Regel rechts vor links;;Fahrrad;Fahrrad;FALSE;TRUE;FALSE;FALSE;FALSE;2;0;0;;0;0;
1698;;2024-06-10T13:45:00Z;49.00802118;8.379892627;Karlsruhe, Stadt;0;0;1;2;Zusammenstoß mit anfahrendem/anhaltendem/ruhendem Fahrzeug;;;;hell;trocken;kein Aufprall;Unfall mit Leichtverletzten;Unfall durch ruhenden Verkehr;Andere Fehler beim Fahrzeugführer;;Fahrrad;Pkw;FALSE;TRUE;TRUE;FALSE;FALSE;1;0;1;;0;0;
1701;;2024-06-10T15:20:00Z;48.99934807;8.45154001;Karlsruhe, Stadt;0;0;1;2;Zusammenstoß mit entgegenkommendem Fahrzeug;;;;hell;trocken;kein Aufprall;Unfall mit Leichtverletzten;Unfall im Längsverkehr;Andere Fehler beim Fahrzeugführer;;Fahrrad;Pkw;FALSE;TRUE;TRUE;FALSE;FALSE;1;0;1;;0;0;
1717;;2024-06-11T14:30:00Z;49.00077852;8.394065143;Karlsruhe, Stadt;0;0;1;2;Unfall anderer Art;Kreuzung;;Lichtzeichenanlage in Betrieb;hell;trocken;kein Aufprall;Unfall mit Leichtverletzten;Abbiegeunfall;Fehler beim Abbiegen;;Pkw;Fahrrad;FALSE;TRUE;TRUE;FALSE;FALSE;1;0;1;;0;0;
1718;;2024-06-11T16:20:00Z;49.00535045;8.394529191;Karlsruhe, Stadt;0;0;1;2;Zusammenstoß mit vorausfahrendem/wartendem Fahrzeug;Kreuzung;;Lichtzeichenanlage in Betrieb;hell;trocken;kein Aufprall;Unfall mit Leichtverletzten;Abbiegeunfall;Unzulässiges Rechtsüberholen;;Pkw;Fahrrad;FALSE;TRUE;TRUE;FALSE;FALSE;1;0;1;;0;0;
1724;;2024-06-12T12:15:00Z;49.02295716;8.395524186;Karlsruhe, Stadt;0;0;1;2;Zusammenstoß mit einbiegendem/kreuzendem Fahrzeug;Grundstücksein-/ausfahrt;Radverkehrsanlage neben der Fahrbahn / baulich getrennte RVA;;hell;trocken;kein Aufprall;Unfall mit Leichtverletzten;Einbiege-/Kreuzen-Unfall;Fehler beim Einfahren in den fließenden Verkehr;Benutzung der falschen Fahrbahn oder verbotswidrige Benutzung anderer Straßenteile;Pkw;Fahrrad;FALSE;TRUE;TRUE;FALSE;FALSE;1;0;1;;0;0;
1726;;2024-06-12T14:34:00Z;49.03289628;8.354943285;Karlsruhe, Stadt;0;0;1;1;Unfall anderer Art;Einmündung;;;hell;trocken;kein Aufprall;Unfall mit Leichtverletzten;Sonstiger Unfall;Andere Fehler beim Fahrzeugführer;;Fahrrad;;FALSE;TRUE;FALSE;FALSE;FALSE;1;0;0;;0;0;
1728;;2024-06-13T04:55:00Z;49.02475418;8.374713129;Karlsruhe, Stadt;0;0;1;1;Unfall anderer Art;;;;hell;trocken;kein Aufprall;Unfall mit Leichtverletzten;Sonstiger Unfall;Andere Fehler beim Fahrzeugführer;;Fahrrad;;FALSE;TRUE;FALSE;FALSE;FALSE;1;0;0;;0;0;
1731;;2024-06-13T07:00:00Z;49.00283643;8.341831856;Karlsruhe, Stadt;0;0;0;2;Zusammenstoß mit anfahrendem/anhaltendem/ruhendem Fahrzeug;;Radverkehrsanlage neben der Fahrbahn / baulich getrennte RVA;;hell;trocken;kein Aufprall;Sonstiger Sachschadensunfall ohne Alkoholeinwirkung;Sonstiger Unfall;Andere Fehler beim Fahrzeugführer;;Fahrrad;Pkw;FALSE;TRUE;TRUE;FALSE;FALSE;1;0;1;;0;0;
1734;;2024-06-13T09:20:00Z;49.01284901;8.379826434;Karlsruhe, Stadt;0;0;1;2;Zusammenstoß mit anfahrendem/anhaltendem/ruhendem Fahrzeug;;;;hell;trocken;kein Aufprall;Unfall mit Leichtverletzten;Unfall durch ruhenden Verkehr;Verkehrswidriges Verhalten beim Ein-/Aussteigen, Be-/Entladen;;Pkw;Fahrrad;FALSE;TRUE;TRUE;FALSE;FALSE;1;0;1;;0;0;
1743;;2024-06-13T20:45:00Z;49.01001225;8.361403075;Karlsruhe, Stadt;0;0;1;1;Unfall anderer Art;;;;dunkel;trocken;kein Aufprall;Unfall mit Leichtverletzten;Sonstiger Unfall;Andere Fehler beim Fahrzeugführer;;Fahrrad;;FALSE;TRUE;FALSE;FALSE;FALSE;1;0;0;;0;0;
1745;;2024-06-14T05:20:00Z;49.00552991;8.375658713;Karlsruhe, Stadt;0;0;2;2;Zusammenstoß mit einbiegendem/kreuzendem Fahrzeug;;Radverkehrsanlage neben der Fahrbahn / baulich getrennte RVA;;hell;trocken;kein Aufprall;Unfall mit Leichtverletzten;Einbiege-/Kreuzen-Unfall;Andere Fehler beim Fahrzeugführer;Andere Fehler beim Fahrzeugführer;Fahrrad;Fahrrad;FALSE;TRUE;FALSE;FALSE;FALSE;2;0;0;;0;0;
1750;;2024-06-14T10:10:00Z;49.00954076;8.39513057;Karlsruhe, Stadt;0;0;1;2;Zusammenstoß zwischen Fahrzeug und Fußgänger;Einmündung;;;hell;trocken;kein Aufprall;Unfall mit Leichtverletzten;Überschreiten-Unfall;Falsches Verhalten gegenüber Fußgängern an anderen Stellen;Falsches Verhalten beim Überschreiten der Fahrbahn in der Nähe von Kreuzungen, Einmündungen, Lichtzeichenanlagen oder Fußgängerüberwegen bzw. bei dichtem Verkehr an anderen Stellen;Pkw;zu Fuß;TRUE;FALSE;TRUE;FALSE;FALSE;0;1;1;;0;0;
1763;;2024-06-15T12:02:00Z;49.01691268;8.422012515;Karlsruhe, Stadt;0;0;1;2;Zusammenstoß mit anfahrendem/anhaltendem/ruhendem Fahrzeug;;;;hell;trocken;kein Aufprall;Unfall mit Leichtverletzten;Unfall durch ruhenden Verkehr;"Nicht angepasste Geschwindigkeit – andere Fälle; Andere Fehler beim Fahrzeugführer";;Pedelec;Pkw;FALSE;TRUE;TRUE;FALSE;FALSE;1;0;1;;0;0;
1765;;2024-06-15T19:00:00Z;49.01019167;8.424535503;Karlsruhe, Stadt;0;0;0;2;Zusammenstoß mit anfahrendem/anhaltendem/ruhendem Fahrzeug;;;;hell;trocken;sonstiges Hindernis;Sonstiger Sachschadensunfall ohne Alkoholeinwirkung;Sonstiger Unfall;Andere Fehler beim Fahrzeugführer;;sonstige;Fahrrad;FALSE;TRUE;FALSE;FALSE;TRUE;1;0;0;;0;1;
1768;;2024-06-16T00:08:00Z;49.00909139;8.413443181;Karlsruhe, Stadt;0;0;0;2;Zusammenstoß mit anfahrendem/anhaltendem/ruhendem Fahrzeug;;;;dunkel;trocken;kein Aufprall;Sonstiger Sachschadensunfall ohne Alkoholeinwirkung;Unfall durch ruhenden Verkehr;"Andere Fehler beim Fahrzeugführer; Unbekannter Code 6";;Fahrrad;Pkw;FALSE;TRUE;TRUE;FALSE;FALSE;1;0;1;;0;0;
1776;;2024-06-16T15:49:00Z;49.00553945;8.35031394;Karlsruhe, Stadt;0;0;1;2;Zusammenstoß zwischen Fahrzeug und Fußgänger;;Fußgängerfurt;Lichtzeichenanlage in Betrieb;hell;trocken;kein Aufprall;Unfall mit Leichtverletzten;Überschreiten-Unfall;Falsches Verhalten beim Überschreiten der Fahrbahn an Stellen mit Verkehrsregelung durch Polizeibeamte oder Lichtzeichen;;zu Fuß;Pkw;TRUE;FALSE;TRUE;FALSE;FALSE;0;1;1;;0;0;
1782;;2024-06-17T07:20:00Z;49.0086398;8.416843025;Karlsruhe, Stadt;0;0;1;2;Zusammenstoß mit einbiegendem/kreuzendem Fahrzeug;Einmündung;Radverkehrsanlage auf der Fahrbahn;;hell;nass;kein Aufprall;Unfall mit Leichtverletzten;Einbiege-/Kreuzen-Unfall;Nichtbeachten der Vorfahrt regelnden Verkehrszeichen;Benutzung der falschen Fahrbahn oder verbotswidrige Benutzung anderer Straßenteile;Pkw;Fahrrad;FALSE;TRUE;TRUE;FALSE;FALSE;1;0;1;;0;0;
1783;;2024-06-17T07:30:00Z;49.03211344;8.442779741;Karlsruhe, Stadt;0;0;1;2;Zusammenstoß mit einbiegendem/kreuzendem Fahrzeug;Einmündung;;;hell;trocken;kein Aufprall;Unfall mit Leichtverletzten;Einbiege-/Kreuzen-Unfall;Nichtbeachten der Regel rechts vor links;;Pkw;Fahrrad;FALSE;TRUE;TRUE;FALSE;FALSE;1;0;1;;0;0;
1792;;2024-06-18T06:01:00Z;49.01470748;8.385825755;Karlsruhe, Stadt;0;0;1;2;Zusammenstoß mit einbiegendem/kreuzendem Fahrzeug;;Radverkehrsanlage auf der Fahrbahn;;hell;trocken;kein Aufprall;Unfall mit Leichtverletzten;Abbiegeunfall;Nichtbeachten des Vorranges an Fußgängerüberwegen;;Pkw;Fahrrad;FALSE;TRUE;TRUE;FALSE;FALSE;1;0;1;;0;0;
1794;;2024-06-18T06:22:00Z;49.03331615;8.459801688;Karlsruhe, Stadt;0;0;1;2;Zusammenstoß mit einbiegendem/kreuzendem Fahrzeug;Grundstücksein-/ausfahrt;;;hell;trocken;kein Aufprall;Unfall mit Leichtverletzten;Einbiege-/Kreuzen-Unfall;Fehler beim Einfahren in den fließenden Verkehr;;Pkw;Fahrrad;FALSE;TRUE;TRUE;FALSE;FALSE;1;0;1;;0;0;
1796;;2024-06-18T07:10:00Z;48.99626886;8.403171902;Karlsruhe, Stadt;0;0;1;2;Zusammenstoß mit anfahrendem/anhaltendem/ruhendem Fahrzeug;;;;hell;trocken;kein Aufprall;Unfall mit Leichtverletzten;Unfall durch ruhenden Verkehr;"Fehler beim Einfahren in den fließenden Verkehr; Fehler beim Wenden oder Rückwärtsfahren";;Pkw;Fahrrad;FALSE;TRUE;TRUE;FALSE;FALSE;1;0;1;;0;0;
1797;;2024-06-18T07:30:00Z;49.01638995;8.369686984;Karlsruhe, Stadt;0;0;2;2;Zusammenstoß mit anfahrendem/anhaltendem/ruhendem Fahrzeug;Kurve;;;hell;trocken;kein Aufprall;Unfall mit Leichtverletzten;Unfall durch ruhenden Verkehr;Verkehrswidriges Verhalten beim Ein-/Aussteigen, Be-/Entladen;;Pkw;Fahrrad;FALSE;TRUE;TRUE;FALSE;FALSE;1;0;1;;0;0;
1805;;2024-06-18T17:45:00Z;49.01083316;8.389888438;Karlsruhe, Stadt;0;0;1;2;Zusammenstoß mit einbiegendem/kreuzendem Fahrzeug;Einmündung;;;hell;trocken;kein Aufprall;Unfall mit Leichtverletzten;Einbiege-/Kreuzen-Unfall;Fehler beim Einfahren in den fließenden Verkehr;;Fahrrad;Pkw;FALSE;TRUE;TRUE;FALSE;FALSE;1;0;1;;0;0;
1807;;2024-06-19T05:11:00Z;49.00836939;8.391647391;Karlsruhe, Stadt;0;0;1;1;Unfall anderer Art;;;;hell;nass;kein Aufprall;Unfall mit Leichtverletzten;Fahrunfall;"Nicht angepasste Geschwindigkeit – andere Fälle; Benutzung der falschen Fahrbahn oder verbotswidrige Benutzung anderer Straßenteile";;Fahrrad;;FALSE;TRUE;FALSE;FALSE;FALSE;1;0;0;;0;0;
1811;;2024-06-19T08:30:00Z;49.01853226;8.36622949;Karlsruhe, Stadt;0;1;0;1;Unfall anderer Art;;Radverkehrsanlage auf der Fahrbahn;;hell;nass;kein Aufprall;Unfall mit Schwerverletzten;Fahrunfall;Nicht angepasste Geschwindigkeit – andere Fälle;;Fahrrad;;FALSE;TRUE;FALSE;FALSE;FALSE;1;0;0;;0;0;
1815;;2024-06-19T16:11:00Z;49.02363728;8.398029022;Karlsruhe, Stadt;0;1;0;1;Abkommen von Fahrbahn nach rechts;;Radverkehrsanlage neben der Fahrbahn / baulich getrennte RVA;;hell;trocken;kein Aufprall;Unfall mit Schwerverletzten;Sonstiger Unfall;Andere Fehler beim Fahrzeugführer;;Fahrrad;;FALSE;TRUE;FALSE;FALSE;FALSE;1;0;0;;0;0;
1825;;2024-06-20T17:19:00Z;49.02456134;8.405424601;Karlsruhe, Stadt;0;1;0;1;Unfall anderer Art;Gefälle;Radverkehrsanlage neben der Fahrbahn / baulich getrennte RVA;;hell;sch;kein Aufprall;Unfall mit Schwerverletzten;Fahrunfall;Nicht angepasste Geschwindigkeit – andere Fälle;;Fahrrad;;FALSE;TRUE;FALSE;FALSE;FALSE;1;0;0;;0;0;
1826;;2024-06-20T18:38:00Z;48.99698133;8.431518203;Karlsruhe, Stadt;0;0;1;1;Unfall anderer Art;;Radverkehrsanlage neben der Fahrbahn / baulich getrennte RVA;;Dämmerung;trocken;kein Aufprall;Unfall mit Leichtverletzten;Fahrunfall;Andere Fehler beim Fahrzeugführer;;Fahrrad;;FALSE;TRUE;FALSE;FALSE;FALSE;1;0;0;;0;0;
1828;;2024-06-20T21:40:00Z;49.00828229;8.375446289;Karlsruhe, Stadt;0;0;1;2;Zusammenstoß mit anfahrendem/anhaltendem/ruhendem Fahrzeug;;;;dunkel;trocken;kein Aufprall;Unfall mit Leichtverletzten;Unfall durch ruhenden Verkehr;Andere Fehler beim Fahrzeugführer;;Fahrrad;Pkw;FALSE;TRUE;TRUE;FALSE;FALSE;1;0;1;;0;0;
1833;;2024-06-21T12:40:00Z;49.00405076;8.365673801;Karlsruhe, Stadt;0;0;1;2;Zusammenstoß mit einbiegendem/kreuzendem Fahrzeug;;Radverkehrsanlage neben der Fahrbahn / baulich getrennte RVA;;hell;trocken;kein Aufprall;Unfall mit Leichtverletzten;Abbiegeunfall;Fehler beim Abbiegen;Benutzung der falschen Fahrbahn oder verbotswidrige Benutzung anderer Straßenteile;Pkw;Pedelec;FALSE;TRUE;TRUE;FALSE;FALSE;1;0;1;;0;0;
1837;;2024-06-21T15:05:00Z;49.00472633;8.415420707;Karlsruhe, Stadt;0;0;1;2;Zusammenstoß mit einbiegendem/kreuzendem Fahrzeug;;;;hell;trocken;kein Aufprall;Unfall mit Leichtverletzten;Einbiege-/Kreuzen-Unfall;Fehler beim Einfahren in den fließenden Verkehr;;Elektrokleinstfahrzeug;Fahrrad;FALSE;TRUE;FALSE;TRUE;FALSE;1;0;0;;1;0;
1858;;2024-06-23T21:09:00Z;49.00893661;8.391729479;Karlsruhe, Stadt;0;0;1;2;Zusammenstoß zwischen Fahrzeug und Fußgänger;Kreuzung;;;dunkel;trocken;kein Aufprall;Unfall mit Leichtverletzten;Überschreiten-Unfall;Falsches Verhalten gegenüber Fußgängern an anderen Stellen;;Pkw;zu Fuß;TRUE;FALSE;TRUE;FALSE;FALSE;0;1;1;;0;0;
1862;;2024-06-24T05:45:00Z;49.04480589;8.389724035;Karlsruhe, Stadt;0;0;1;2;Zusammenstoß mit einbiegendem/kreuzendem Fahrzeug;Kreisverkehr;;;hell;trocken;kein Aufprall;Unfall mit Leichtverletzten;Einbiege-/Kreuzen-Unfall;Nichtbeachten der Vorfahrt regelnden Verkehrszeichen;;Pkw;Fahrrad;FALSE;TRUE;TRUE;FALSE;FALSE;1;0;1;;0;0;
1865;;2024-06-24T14:43:00Z;48.99912473;8.473392105;Karlsruhe, Stadt;0;0;1;1;Unfall anderer Art;;"Verkehrsberuhigter Bereich; Schienengleicher Wegübergang";;hell;trocken;kein Aufprall;Unfall mit Leichtverletzten;Sonstiger Unfall;Andere Fehler beim Fahrzeugführer;;Fahrrad;;FALSE;TRUE;FALSE;FALSE;FALSE;1;0;0;;0;0;
1873;;2024-06-25T05:15:00Z;49.0273305;8.386495487;Karlsruhe, Stadt;0;1;0;2;Zusammenstoß mit einbiegendem/kreuzendem Fahrzeug;Kreuzung;Radverkehrsanlage auf der Fahrbahn;;hell;trocken;kein Aufprall;Unfall mit Schwerverletzten;Einbiege-/Kreuzen-Unfall;Nichtbeachten der Vorfahrt regelnden Verkehrszeichen;;Pkw;Fahrrad;FALSE;TRUE;TRUE;FALSE;FALSE;1;0;1;;0;0;
1874;;2024-06-25T05:30:00Z;49.04910521;8.382582397;Karlsruhe, Stadt;0;0;1;2;Zusammenstoß mit einbiegendem/kreuzendem Fahrzeug;Grundstücksein-/ausfahrt;Radverkehrsanlage neben der Fahrbahn / baulich getrennte RVA;;hell;trocken;kein Aufprall;Unfall mit Leichtverletzten;Einbiege-/Kreuzen-Unfall;Fehler beim Einfahren in den fließenden Verkehr;;Pkw;Fahrrad;FALSE;TRUE;TRUE;FALSE;FALSE;1;0;1;;0;0;
1880;;2024-06-25T15:11:00Z;49.00905456;8.423531627;Karlsruhe, Stadt;0;0;0;2;Zusammenstoß mit anfahrendem/anhaltendem/ruhendem Fahrzeug;Grundstücksein-/ausfahrt;;;hell;trocken;kein Aufprall;Sonstiger Sachschadensunfall ohne Alkoholeinwirkung;Sonstiger Unfall;Andere Fehler beim Fahrzeugführer;;Pkw;Fahrrad;FALSE;TRUE;TRUE;FALSE;FALSE;1;0;1;;0;0;
1884;;2024-06-25T18:04:00Z;49.02770059;8.447642116;Karlsruhe, Stadt;0;0;1;2;Zusammenstoß mit anfahrendem/anhaltendem/ruhendem Fahrzeug;;;;hell;trocken;kein Aufprall;Unfall mit Leichtverletzten;Unfall durch ruhenden Verkehr;Verkehrswidriges Verhalten beim Ein-/Aussteigen, Be-/Entladen;;Pkw;Fahrrad;FALSE;TRUE;TRUE;FALSE;FALSE;1;0;1;;0;0;
1891;;2024-06-26T14:17:00Z;49.04678292;8.377530999;Karlsruhe, Stadt;0;0;1;2;Zusammenstoß mit einbiegendem/kreuzendem Fahrzeug;Grundstücksein-/ausfahrt;;;hell;trocken;kein Aufprall;Unfall mit Leichtverletzten;Abbiegeunfall;"Benutzung der falschen Fahrbahn oder verbotswidrige Benutzung anderer Straßenteile; Nichtbeachten des Vorranges an Fußgängerüberwegen";Überholen trotz unklarer Verkehrslage;Pedelec;Fahrrad;FALSE;TRUE;FALSE;FALSE;FALSE;2;0;0;;0;0;
1895;;2024-06-26T16:10:00Z;49.01023774;8.359332243;Karlsruhe, Stadt;0;0;0;2;Zusammenstoß mit einbiegendem/kreuzendem Fahrzeug;Kreuzung;Radverkehrsanlage neben der Fahrbahn / baulich getrennte RVA;Lichtzeichenanlage in Betrieb;hell;trocken;kein Aufprall;Sonstiger Sachschadensunfall ohne Alkoholeinwirkung;Einbiege-/Kreuzen-Unfall;Andere Fehler beim Fahrzeugführer;;Pedelec;Fahrrad;FALSE;TRUE;FALSE;FALSE;FALSE;2;0;0;;0;0;
1908;;2024-06-27T17:05:00Z;49.01123304;8.36164172;Karlsruhe, Stadt;0;0;1;2;Zusammenstoß mit einbiegendem/kreuzendem Fahrzeug;;Radverkehrsanlage auf der Fahrbahn;;hell;trocken;kein Aufprall;Unfall mit Leichtverletzten;Abbiegeunfall;Nichtbeachten des Vorranges an Fußgängerüberwegen;;Pkw;Fahrrad;FALSE;TRUE;TRUE;FALSE;FALSE;1;0;1;;0;0;
1910;;2024-06-27T19:16:00Z;48.95385643;8.470792062;Karlsruhe, Stadt;0;1;1;3;Zusammenstoß mit einbiegendem/kreuzendem Fahrzeug;Grundstücksein-/ausfahrt;;;Dämmerung;trocken;kein Aufprall;Unfall mit Schwerverletzten;Abbiegeunfall;Nichtbeachten des Vorranges an Fußgängerüberwegen;Nicht angepasste Geschwindigkeit – andere Fälle;Pkw;Fahrrad;;TRUE;TRUE;;;1;0;1;;0;0;
1911;;2024-06-28T05:35:00Z;49.00551771;8.398293127;Karlsruhe, Stadt;0;0;1;2;Zusammenstoß mit einbiegendem/kreuzendem Fahrzeug;;"Schienengleicher Wegübergang; Fußgängerfurt";Lichtzeichenanlage in Betrieb;hell;trocken;kein Aufprall;Unfall mit Leichtverletzten;Einbiege-/Kreuzen-Unfall;Nichtbeachten der Verkehrsregelung durch Polizeibeamte oder Lichtzeichen;;Fahrrad;Tram;FALSE;TRUE;FALSE;TRUE;FALSE;1;0;0;;1;0;
1913;;2024-06-28T06:15:00Z;49.01128854;8.365256461;Karlsruhe, Stadt;0;0;1;2;Zusammenstoß mit einbiegendem/kreuzendem Fahrzeug;Kreuzung;Radverkehrsanlage auf der Fahrbahn;Lichtzeichenanlage in Betrieb;hell;trocken;kein Aufprall;Unfall mit Leichtverletzten;Abbiegeunfall;Nichtbeachten des Vorranges an Fußgängerüberwegen;;Lkw/Lieferwagen;Pedelec;FALSE;TRUE;FALSE;TRUE;FALSE;1;0;0;;1;0;
1915;;2024-06-28T06:40:00Z;49.02296514;8.395563141;Karlsruhe, Stadt;0;0;1;2;Zusammenstoß mit einbiegendem/kreuzendem Fahrzeug;Grundstücksein-/ausfahrt;Radverkehrsanlage neben der Fahrbahn / baulich getrennte RVA;;hell;trocken;kein Aufprall;Unfall mit Leichtverletzten;Abbiegeunfall;Nichtbeachten des Vorranges an Fußgängerüberwegen;Andere Fehler beim Fahrzeugführer;Pkw;Pedelec;FALSE;TRUE;TRUE;FALSE;FALSE;1;0;1;;0;0;
1917;;2024-06-28T07:50:00Z;49.00531032;8.395791852;Karlsruhe, Stadt;0;0;1;2;Zusammenstoß mit anfahrendem/anhaltendem/ruhendem Fahrzeug;;Radverkehrsanlage auf der Fahrbahn;;hell;trocken;kein Aufprall;Unfall mit Leichtverletzten;Unfall durch ruhenden Verkehr;Verkehrswidriges Verhalten beim Ein-/Aussteigen, Be-/Entladen;;Pkw;Fahrrad;FALSE;TRUE;TRUE;FALSE;FALSE;1;0;1;;0;0;
1923;;2024-06-28T12:20:00Z;49.01430269;8.360063482;Karlsruhe, Stadt;0;0;1;2;Zusammenstoß mit anfahrendem/anhaltendem/ruhendem Fahrzeug;;Radverkehrsanlage auf der Fahrbahn;;hell;trocken;kein Aufprall;Unfall mit Leichtverletzten;Unfall durch ruhenden Verkehr;Verkehrswidriges Verhalten beim Ein-/Aussteigen, Be-/Entladen;;Pkw;Fahrrad;FALSE;TRUE;TRUE;FALSE;FALSE;1;0;1;;0;0;
1935;;2024-06-29T11:59:00Z;49.00773609;8.414957163;Karlsruhe, Stadt;1;0;0;1;Unfall anderer Art;;"Radverkehrsanlage auf der Fahrbahn; Schienengleicher Wegübergang; Arbeitsstelle";Lichtzeichenanlage in Betrieb;hell;trocken;kein Aufprall;Unfall mit Getöteten;Fahrunfall;Nicht angepasste Geschwindigkeit – andere Fälle;;Pedelec;;FALSE;TRUE;FALSE;FALSE;FALSE;1;0;0;;0;0;
1957;;2024-07-01T11:30:00Z;49.00913336;8.391022389;Karlsruhe, Stadt;0;0;1;2;Zusammenstoß mit einbiegendem/kreuzendem Fahrzeug;Grundstücksein-/ausfahrt;;;hell;nass;kein Aufprall;Unfall mit Leichtverletzten;Abbiegeunfall;Fehler beim Abbiegen;;Pkw;Fahrrad;FALSE;TRUE;TRUE;FALSE;FALSE;1;0;1;;0;0;
1958;;2024-07-01T11:32:00Z;49.00122352;8.423113728;Karlsruhe, Stadt;0;0;1;2;Zusammenstoß mit einbiegendem/kreuzendem Fahrzeug;Einmündung;Radverkehrsanlage neben der Fahrbahn / baulich getrennte RVA;;hell;trocken;kein Aufprall;Unfall mit Leichtverletzten;Einbiege-/Kreuzen-Unfall;Nichtbeachten der Vorfahrt regelnden Verkehrszeichen;;Pkw;Fahrrad;FALSE;TRUE;TRUE;FALSE;FALSE;1;0;1;;0;0;
1963;;2024-07-01T14:42:00Z;48.95288607;8.51456608;Karlsruhe, Stadt;0;0;1;1;Unfall anderer Art;Gefälle;;;hell;trocken;kein Aufprall;Unfall mit Leichtverletzten;Fahrunfall;Nicht angepasste Geschwindigkeit – andere Fälle;;Fahrrad;;FALSE;TRUE;FALSE;FALSE;FALSE;1;0;0;;0;0;
1969;;2024-07-02T07:30:00Z;49.00093986;8.411237963;Karlsruhe, Stadt;0;0;0;2;Zusammenstoß mit anfahrendem/anhaltendem/ruhendem Fahrzeug;;;;hell;trocken;kein Aufprall;Sonstiger Sachschadensunfall ohne Alkoholeinwirkung;Unfall durch ruhenden Verkehr;"Andere Fehler beim Fahrzeugführer; Benutzung der falschen Fahrbahn oder verbotswidrige Benutzung anderer Straßenteile";;Fahrrad;Pkw;FALSE;TRUE;TRUE;FALSE;FALSE;1;0;1;;0;0;
1974;;2024-07-02T14:30:00Z;49.01424224;8.354881548;Karlsruhe, Stadt;0;0;0;2;Zusammenstoß mit einbiegendem/kreuzendem Fahrzeug;Grundstücksein-/ausfahrt;Radverkehrsanlage auf der Fahrbahn;;hell;nass;kein Aufprall;Sonstiger Sachschadensunfall ohne Alkoholeinwirkung;Einbiege-/Kreuzen-Unfall;Fehler beim Einfahren in den fließenden Verkehr;;Fahrrad;Pkw;FALSE;TRUE;TRUE;FALSE;FALSE;1;0;1;;0;0;
1982;;2024-07-03T13:20:00Z;49.01263835;8.387684877;Karlsruhe, Stadt;0;0;1;2;Zusammenstoß mit einbiegendem/kreuzendem Fahrzeug;Kreuzung;Fußgängerüberweg (Zebrastreifen);;hell;nass;kein Aufprall;Unfall mit Leichtverletzten;Einbiege-/Kreuzen-Unfall;Fehler beim Einfahren in den fließenden Verkehr;Nicht angepasste Geschwindigkeit – andere Fälle;Fahrrad;Pkw;FALSE;TRUE;TRUE;FALSE;FALSE;1;0;1;;0;0;
1992;;2024-07-04T10:40:00Z;49.01232482;8.358041896;Karlsruhe, Stadt;0;0;1;3;Zusammenstoß mit seitlich in gleicher Richtung fahrendem Fahrzeug;Grundstücksein-/ausfahrt;Radverkehrsanlage auf der Fahrbahn;;hell;trocken;kein Aufprall;Unfall mit Leichtverletzten;Sonstiger Unfall;"Fehler beim Wenden oder Rückwärtsfahren; Fehler beim Einfahren in den fließenden Verkehr";;Pkw;Fahrrad;;TRUE;TRUE;;;1;0;1;;0;0;