Unfall_ID;Original_Unfall_ID;Datum + Uhrzeit;Koordinaten Breitengrad;Koordinaten Längengrad;Gemeinde;Anzahl der Getöteten;Anzahl der Schwerverletzten;Anzahl der Leichtverletzten;Anzahl Beteiligte;Unfallart;Charakteristik;Besonderheiten;Lichtzeichenanlage;Lichtverhältnisse;Straßenzustand;Aufprall auf Hindernis;Unfallkategorie;Unfalltyp;Beteiligter 1: Ursachen;Beteiligter 2: Ursachen;Beteiligter 1: Verkehrsbeteiligung;Beteiligter 2: Verkehrsbeteiligung;beteiligt_fuss;beteiligt_fahrrad;beteiligt_pkw;beteiligt_sonst_kfz;beteiligt_sonst;Anzahl Fahrrad;Anzahl zu Fuß;Anzahl Pkw;Anzahl Pkw/Lkw/Bus;Anzahl sonstige Kfz;Anzahl sonstige;Anzahl sonstige Verkehrsmittel
2659;;2024-09-01T17:00:00Z;49.03044511;8.371315435;Karlsruhe, Stadt;0;0;1;2;Zusammenstoß zwischen Fahrzeug und Fußgänger;;;;hell;trocken;kein Aufprall;Unfall mit Leichtverletzten;Sonstiger Unfall;Andere Fehler beim Fahrzeugführer;;Fahrrad;zu Fuß;TRUE;TRUE;FALSE;FALSE;FALSE;1;1;0;;0;0;
2668;;2024-09-02T19:30:00Z;48.95664824;8.507212717;Karlsruhe, Stadt;0;0;0;2;Zusammenstoß mit einbiegendem/kreuzendem Fahrzeug;Kreuzung;;;Dämmerung;trocken;kein Aufprall;Sonstiger Sachschadensunfall ohne Alkoholeinwirkung;Einbiege-/Kreuzen-Unfall;Nichtbeachten der Vorfahrt regelnden Verkehrszeichen;Benutzung der falschen Fahrbahn oder verbotswidrige Benutzung anderer Straßenteile;Pkw;Pedelec;FALSE;TRUE;TRUE;FALSE;FALSE;1;0;1;;0;0;
2683;;2024-09-04T06:54:00Z;49.01292332;8.369043615;Karlsruhe, Stadt;0;0;1;2;Zusammenstoß mit entgegenkommendem Fahrzeug;Einmündung;;;hell;trocken;kein Aufprall;Unfall mit Leichtverletzten;Sonstiger Unfall;Fehler beim Wenden oder Rückwärtsfahren;;Pkw;Fahrrad;FALSE;TRUE;TRUE;FALSE;FALSE;1;0;1;;0;0;
2692;;2024-09-04T14:35:00Z;48.97614294;8.406602921;Karlsruhe, Stadt;0;1;0;2;Zusammenstoß mit einbiegendem/kreuzendem Fahrzeug;Einmündung;Schienengleicher Wegübergang;Lichtzeichenanlage in Betrieb;hell;trocken;kein Aufprall;Unfall mit Schwerverletzten;Abbiegeunfall;Nichtbeachten des Vorranges von Schienenfahrzeugen an Bahnübergängen;;Pedelec;Tram;FALSE;TRUE;FALSE;TRUE;FALSE;1;0;0;;1;0;
2694;;2024-09-04T16:46:00Z;49.00526151;8.386972856;Karlsruhe, Stadt;0;0;1;2;Zusammenstoß mit seitlich in gleicher Richtung fahrendem Fahrzeug;;Radverkehrsanlage auf der Fahrbahn;Lichtzeichenanlage in Betrieb;hell;trocken;kein Aufprall;Unfall mit Leichtverletzten;Unfall im Längsverkehr;Fehler beim Fahrstreifenwechsel / Nichtbeachten des Reißverschlussverfahrens;;Fahrrad;Pkw;FALSE;TRUE;TRUE;FALSE;FALSE;1;0;1;;0;0;
2701;;2024-09-05T09:45:00Z;49.00594098;8.408504773;Karlsruhe, Stadt;0;0;1;2;Zusammenstoß mit einbiegendem/kreuzendem Fahrzeug;Kreuzung;;;hell;trocken;kein Aufprall;Unfall mit Leichtverletzten;Einbiege-/Kreuzen-Unfall;"Benutzung der falschen Fahrbahn oder verbotswidrige Benutzung anderer Straßenteile; Unbekannter Code 6";;Fahrrad;Lkw/Lieferwagen;FALSE;TRUE;FALSE;TRUE;FALSE;1;0;0;;1;0;
2711;;2024-09-06T07:50:00Z;48.99917133;8.47224274;Karlsruhe, Stadt;0;0;1;1;Unfall anderer Art;;Verkehrsberuhigter Bereich;;hell;trocken;kein Aufprall;Unfall mit Leichtverletzten;Sonstiger Unfall;Andere Fehler beim Fahrzeugführer;;Fahrrad;;FALSE;TRUE;FALSE;FALSE;FALSE;1;0;0;;0;0;
2716;;2024-09-06T14:00:00Z;49.02652368;8.386303447;Karlsruhe, Stadt;0;1;1;2;Zusammenstoß mit seitlich in gleicher Richtung fahrendem Fahrzeug;Einmündung;"Fußgängerüberweg (Zebrastreifen); Haltestelle; Radverkehrsanlage auf der Fahrbahn";;hell;trocken;kein Aufprall;Unfall mit Schwerverletzten;Abbiegeunfall;Fehler beim Abbiegen;;Fahrrad;Moped;FALSE;TRUE;FALSE;TRUE;FALSE;1;0;0;;1;0;
2718;;2024-09-06T14:40:00Z;49.00546142;8.368043597;Karlsruhe, Stadt;0;0;0;2;Zusammenstoß mit einbiegendem/kreuzendem Fahrzeug;Einmündung;Schienengleicher Wegübergang;Lichtzeichenanlage in Betrieb;hell;trocken;kein Aufprall;Sonstiger Sachschadensunfall ohne Alkoholeinwirkung;Einbiege-/Kreuzen-Unfall;Nichtbeachten des Vorranges von Schienenfahrzeugen an Bahnübergängen;;Pedelec;Tram;FALSE;TRUE;FALSE;TRUE;FALSE;1;0;0;;1;0;
2719;;2024-09-06T16:03:00Z;49.0150997;8.374956136;Karlsruhe, Stadt;0;0;1;2;Zusammenstoß mit seitlich in gleicher Richtung fahrendem Fahrzeug;Kreuzung;;Lichtzeichenanlage in Betrieb;hell;trocken;kein Aufprall;Unfall mit Leichtverletzten;Unfall im Längsverkehr;Überholen trotz unklarer Verkehrslage;;Pkw;Fahrrad;FALSE;TRUE;TRUE;FALSE;FALSE;1;0;1;;0;0;
2726;;2024-09-07T13:15:00Z;49.00924606;8.390898842;Karlsruhe, Stadt;0;0;1;2;Zusammenstoß zwischen Fahrzeug und Fußgänger;;;;hell;trocken;kein Aufprall;Unfall mit Leichtverletzten;Sonstiger Unfall;Andere Fehler der Fußgänger;;zu Fuß;Pkw;TRUE;FALSE;TRUE;FALSE;FALSE;0;1;1;;0;0;
2729;;2024-09-07T14:30:00Z;49.00556795;8.406254287;Karlsruhe, Stadt;0;1;0;2;Zusammenstoß mit einbiegendem/kreuzendem Fahrzeug;;Schienengleicher Wegübergang;Lichtzeichenanlage in Betrieb;hell;trocken;kein Aufprall;Unfall mit Schwerverletzten;Einbiege-/Kreuzen-Unfall;"Nichtbeachten der Verkehrsregelung durch Polizeibeamte oder Lichtzeichen; Nichtbeachten des Vorranges von Schienenfahrzeugen an Bahnübergängen";;Fahrrad;Tram;FALSE;TRUE;FALSE;TRUE;FALSE;1;0;0;;1;0;
2733;;2024-09-07T19:34:00Z;49.01847011;8.417073019;Karlsruhe, Stadt;0;1;0;2;Zusammenstoß mit anfahrendem/anhaltendem/ruhendem Fahrzeug;Kurve;Radverkehrsanlage neben der Fahrbahn / baulich getrennte RVA;;dunkel;trocken;kein Aufprall;Unfall mit Schwerverletzten;Unfall durch ruhenden Verkehr;"Alkoholeinfluss; Unbekannter Code 5";;Pedelec;Pkw;FALSE;TRUE;TRUE;FALSE;FALSE;1;0;1;;0;0;
2750;;2024-09-09T07:13:00Z;49.04472233;8.389928292;Karlsruhe, Stadt;0;0;1;1;Unfall anderer Art;Kreisverkehr;;;hell;nass;kein Aufprall;Unfall mit Leichtverletzten;Fahrunfall;Nicht angepasste Geschwindigkeit – andere Fälle;;Fahrrad;;FALSE;TRUE;FALSE;FALSE;FALSE;1;0;0;;0;0;
2766;;2024-09-09T19:45:00Z;48.99029603;8.384396812;Karlsruhe, Stadt;0;0;1;1;Abkommen von Fahrbahn nach rechts;;;;dunkel;nass;sonstiges Hindernis;Unfall mit Leichtverletzten;Sonstiger Unfall;Andere Fehler beim Fahrzeugführer;;Fahrrad;;FALSE;TRUE;FALSE;FALSE;FALSE;1;0;0;;0;0;
2773;;2024-09-10T14:45:00Z;48.99483834;8.390031676;Karlsruhe, Stadt;0;0;0;2;Zusammenstoß mit einbiegendem/kreuzendem Fahrzeug;Kreuzung;Fußgängerfurt;Lichtzeichenanlage in Betrieb;hell;trocken;kein Aufprall;Sonstiger Sachschadensunfall ohne Alkoholeinwirkung;Einbiege-/Kreuzen-Unfall;Nichtbeachten der Verkehrsregelung durch Polizeibeamte oder Lichtzeichen;;Fahrrad;Pkw;FALSE;TRUE;TRUE;FALSE;FALSE;1;0;1;;0;0;
2782;;2024-09-11T06:30:00Z;49.03177042;8.343083261;Karlsruhe, Stadt;0;0;1;2;Zusammenstoß zwischen Fahrzeug und Fußgänger;Kreuzung;Fußgängerüberweg (Zebrastreifen);;hell;nass;kein Aufprall;Unfall mit Leichtverletzten;Überschreiten-Unfall;Falsches Verhalten gegenüber Fußgängern an Fußgängerüberwegen;;Pkw;mit Sport-/Spielgerät;TRUE;FALSE;TRUE;FALSE;FALSE;0;1;1;;0;0;
2792;;2024-09-12T05:51:00Z;49.01274796;8.355688767;Karlsruhe, Stadt;0;0;1;2;Zusammenstoß mit einbiegendem/kreuzendem Fahrzeug;Einmündung;Radverkehrsanlage auf der Fahrbahn;;hell;trocken;kein Aufprall;Unfall mit Leichtverletzten;Abbiegeunfall;Nichtbeachten des Vorranges an Fußgängerüberwegen;;Pkw;Fahrrad;FALSE;TRUE;TRUE;FALSE;FALSE;1;0;1;;0;0;
2795;;2024-09-12T09:13:00Z;49.00221721;8.455046371;Karlsruhe, Stadt;0;0;1;2;Zusammenstoß mit einbiegendem/kreuzendem Fahrzeug;Einmündung;;Lichtzeichenanlage in Betrieb;hell;nass;kein Aufprall;Unfall mit Leichtverletzten;Abbiegeunfall;Nichtbeachten des Vorranges an Fußgängerüberwegen;;Pkw;Pedelec;FALSE;TRUE;TRUE;FALSE;FALSE;1;0;1;;0;0;
2798;;2024-09-12T12:10:00Z;49.03650901;8.446296996;Karlsruhe, Stadt;0;0;1;2;Zusammenstoß mit anfahrendem/anhaltendem/ruhendem Fahrzeug;;;;hell;trocken;kein Aufprall;Unfall mit Leichtverletzten;Sonstiger Unfall;Andere Fehler beim Fahrzeugführer;;Fahrrad;sonstige;FALSE;TRUE;FALSE;FALSE;TRUE;1;0;0;;0;1;
2802;;2024-09-12T15:00:00Z;48.98811651;8.381235768;Karlsruhe, Stadt;0;1;0;2;Zusammenstoß mit vorausfahrendem/wartendem Fahrzeug;;;;hell;trocken;kein Aufprall;Unfall mit Schwerverletzten;Unfall im Längsverkehr;Ungenügender Sicherheitsabstand;;Fahrrad;Pkw;FALSE;TRUE;TRUE;FALSE;FALSE;1;0;1;;0;0;
2813;;2024-09-13T10:35:00Z;49.00750011;8.407591442;Karlsruhe, Stadt;0;1;0;2;Zusammenstoß mit anfahrendem/anhaltendem/ruhendem Fahrzeug;;;;hell;trocken;kein Aufprall;Unfall mit Schwerverletzten;Unfall durch ruhenden Verkehr;Benutzung der falschen Fahrbahn oder verbotswidrige Benutzung anderer Straßenteile;;Lkw/Lieferwagen;Fahrrad;FALSE;TRUE;FALSE;TRUE;FALSE;1;0;0;;1;0;
2826;;2024-09-14T10:10:00Z;49.00871503;8.418889496;Karlsruhe, Stadt;0;0;0;2;Zusammenstoß mit einbiegendem/kreuzendem Fahrzeug;;Schienengleicher Wegübergang;Lichtzeichenanlage in Betrieb;hell;trocken;kein Aufprall;Sonstiger Sachschadensunfall ohne Alkoholeinwirkung;Sonstiger Unfall;Nichtbeachten der Verkehrsregelung durch Polizeibeamte oder Lichtzeichen;;Pedelec;Tram;FALSE;TRUE;FALSE;TRUE;FALSE;1;0;0;;1;0;
2848;;2024-09-16T18:56:00Z;48.99466282;8.393448926;Karlsruhe, Stadt;0;0;1;1;Unfall anderer Art;Kreuzung;Schienengleicher Wegübergang;Lichtzeichenanlage in Betrieb;dunkel;nass;kein Aufprall;Unfall mit Leichtverletzten;Fahrunfall;Nicht angepasste Geschwindigkeit – andere Fälle;;Fahrrad;;FALSE;TRUE;FALSE;FALSE;FALSE;1;0;0;;0;0;
2850;;2024-09-17T06:45:00Z;49.01026381;8.402874856;Karlsruhe, Stadt;0;0;1;2;Zusammenstoß mit einbiegendem/kreuzendem Fahrzeug;Kreuzung;;;hell;trocken;kein Aufprall;Unfall mit Leichtverletzten;Einbiege-/Kreuzen-Unfall;Fehler beim Einfahren in den fließenden Verkehr;;Fahrrad;Fahrrad;FALSE;TRUE;FALSE;FALSE;FALSE;2;0;0;;0;0;
2852;;2024-09-17T10:20:00Z;49.0099576;8.39505134;Karlsruhe, Stadt;0;0;1;1;Unfall anderer Art;Kreuzung;"Haltestelle; Schienengleicher Wegübergang";;hell;trocken;kein Aufprall;Unfall mit Leichtverletzten;Sonstiger Unfall;Andere Fehler beim Fahrzeugführer;;Fahrrad;;FALSE;TRUE;FALSE;FALSE;FALSE;1;0;0;;0;0;
2854;;2024-09-17T13:35:00Z;49.00534642;8.415598272;Karlsruhe, Stadt;0;0;1;2;Zusammenstoß mit einbiegendem/kreuzendem Fahrzeug;Kreuzung;;Lichtzeichenanlage in Betrieb;hell;trocken;kein Aufprall;Unfall mit Leichtverletzten;Abbiegeunfall;"Nichtbeachten des Vorranges an Fußgängerüberwegen; Unbekannter Code 6";;Pkw;Fahrrad;FALSE;TRUE;TRUE;FALSE;FALSE;1;0;1;;0;0;
2856;;2024-09-17T17:00:00Z;49.01786562;8.422007055;Karlsruhe, Stadt;0;0;1;1;Abkommen von Fahrbahn nach rechts;;;;Dämmerung;trocken;kein Aufprall;Unfall mit Leichtverletzten;Sonstiger Unfall;Andere Fehler beim Fahrzeugführer;;Fahrrad;;FALSE;TRUE;FALSE;FALSE;FALSE;1;0;0;;0;0;
2858;;2024-09-17T17:20:00Z;49.01429324;8.398228212;Karlsruhe, Stadt;0;0;1;2;Zusammenstoß mit einbiegendem/kreuzendem Fahrzeug;Einmündung;;Lichtzeichenanlage in Betrieb;hell;trocken;kein Aufprall;Unfall mit Leichtverletzten;Abbiegeunfall;Fehler beim Abbiegen;;Pkw;Fahrrad;FALSE;TRUE;TRUE;FALSE;FALSE;1;0;1;;0;0;
2859;;2024-09-17T18:09:00Z;49.02007326;8.42123767;Karlsruhe, Stadt;0;0;2;2;Unfall anderer Art;Einmündung;;;dunkel;trocken;kein Aufprall;Unfall mit Leichtverletzten;Einbiege-/Kreuzen-Unfall;"Fehler beim Einfahren in den fließenden Verkehr; Mangelhafte Beleuchtung des Fahrzeugs";;Fahrrad;Bus;FALSE;TRUE;FALSE;TRUE;FALSE;1;0;0;;1;0;
2867;;2024-09-18T16:00:00Z;49.00392464;8.405508592;Karlsruhe, Stadt;0;0;2;2;Zusammenstoß mit einbiegendem/kreuzendem Fahrzeug;Einmündung;Radverkehrsanlage auf der Fahrbahn;;hell;trocken;kein Aufprall;Unfall mit Leichtverletzten;Abbiegeunfall;Fehler beim Abbiegen;;Fahrrad;Fahrrad;FALSE;TRUE;FALSE;FALSE;FALSE;2;0;0;;0;0;
2868;;2024-09-18T17:20:00Z;48.99709438;8.492194124;Karlsruhe, Stadt;0;1;0;1;Abkommen von Fahrbahn nach links;Gefälle;;;hell;trocken;kein Aufprall;Unfall mit Schwerverletzten;Fahrunfall;Nicht angepasste Geschwindigkeit – andere Fälle;;Fahrrad;;FALSE;TRUE;FALSE;FALSE;FALSE;1;0;0;;0;0;
2869;;2024-09-18T18:21:00Z;48.98240299;8.372321731;Karlsruhe, Stadt;0;0;1;2;Zusammenstoß mit einbiegendem/kreuzendem Fahrzeug;Kreuzung;"Radverkehrsanlage auf der Fahrbahn; Benutzungspflicht der Radverkehrsanlage";Lichtzeichenanlage in Betrieb;dunkel;trocken;kein Aufprall;Unfall mit Leichtverletzten;Einbiege-/Kreuzen-Unfall;"Nichtbeachten der Verkehrsregelung durch Polizeibeamte oder Lichtzeichen; Alkoholeinfluss; Einfluss anderer berauschender Mittel";;Fahrrad;Pkw;FALSE;TRUE;TRUE;FALSE;FALSE;1;0;1;;0;0;
2873;;2024-09-19T11:30:00Z;49.04179143;8.367551695;Karlsruhe, Stadt;0;0;1;2;Zusammenstoß mit einbiegendem/kreuzendem Fahrzeug;Grundstücksein-/ausfahrt;;;hell;trocken;kein Aufprall;Unfall mit Leichtverletzten;Einbiege-/Kreuzen-Unfall;Fehler beim Einfahren in den fließenden Verkehr;Andere Fehler beim Fahrzeugführer;Pkw;Fahrrad;FALSE;TRUE;TRUE;FALSE;FALSE;1;0;1;;0;0;
2875;;2024-09-19T12:40:00Z;49.0097464;8.400266777;Karlsruhe, Stadt;0;0;1;2;Zusammenstoß zwischen Fahrzeug und Fußgänger;;;;hell;trocken;kein Aufprall;Unfall mit Leichtverletzten;Sonstiger Unfall;"Benutzung der falschen Fahrbahn oder verbotswidrige Benutzung anderer Straßenteile; Falsches Verhalten gegenüber Fußgängern an anderen Stellen";;Fahrrad;zu Fuß;TRUE;TRUE;FALSE;FALSE;FALSE;1;1;0;;0;0;
2876;;2024-09-19T13:00:00Z;49.0209848;8.445169498;Karlsruhe, Stadt;0;0;1;2;Zusammenstoß mit einbiegendem/kreuzendem Fahrzeug;;Fußgängerfurt;Lichtzeichenanlage in Betrieb;hell;trocken;kein Aufprall;Unfall mit Leichtverletzten;Einbiege-/Kreuzen-Unfall;Nichtbeachten der Verkehrsregelung durch Polizeibeamte oder Lichtzeichen;;Pkw;Fahrrad;FALSE;TRUE;TRUE;FALSE;FALSE;1;0;1;;0;0;
2877;;2024-09-19T13:08:00Z;49.00497261;8.39448492;Karlsruhe, Stadt;0;0;0;3;Zusammenstoß mit anfahrendem/anhaltendem/ruhendem Fahrzeug;;Haltestelle;;hell;trocken;kein Aufprall;Sonstiger Sachschadensunfall ohne Alkoholeinwirkung;Überschreiten-Unfall;Überschreiten der Fahrbahn ohne auf den Fahrzeugverkehr zu achten;Ungenügender Sicherheitsabstand;zu Fuß;Pkw;TRUE;;TRUE;;;0;1;1;;0;0;
2879;;2024-09-19T13:59:00Z;49.00431728;8.420158803;Karlsruhe, Stadt;0;0;1;2;Zusammenstoß mit einbiegendem/kreuzendem Fahrzeug;Einmündung;Fußgängerfurt;Lichtzeichenanlage in Betrieb;hell;trocken;kein Aufprall;Unfall mit Leichtverletzten;Abbiegeunfall;Nichtbeachten des Vorranges an Fußgängerüberwegen;;Pkw;Fahrrad;FALSE;TRUE;TRUE;FALSE;FALSE;1;0;1;;0;0;
2887;;2024-09-20T10:10:00Z;49.00893462;8.4040664;Karlsruhe, Stadt;0;0;1;1;Aufprall auf Fahrbahnhindernis;;;;hell;trocken;sonstiges Hindernis;Unfall mit Leichtverletzten;Sonstiger Unfall;Nicht angepasste Geschwindigkeit – andere Fälle;;Fahrrad;;FALSE;TRUE;FALSE;FALSE;FALSE;1;0;0;;0;0;
2898;;2024-09-21T10:42:00Z;49.00211996;8.345855121;Karlsruhe, Stadt;0;0;0;2;Zusammenstoß mit einbiegendem/kreuzendem Fahrzeug;Einmündung;Radverkehrsanlage neben der Fahrbahn / baulich getrennte RVA;;hell;trocken;kein Aufprall;Sonstiger Sachschadensunfall ohne Alkoholeinwirkung;Einbiege-/Kreuzen-Unfall;Nichtbeachten der Vorfahrt regelnden Verkehrszeichen;Benutzung der falschen Fahrbahn oder verbotswidrige Benutzung anderer Straßenteile;Pkw;Fahrrad;FALSE;TRUE;TRUE;FALSE;FALSE;1;0;1;;0;0;
2905;;2024-09-21T15:25:00Z;49.00398866;8.325218963;Karlsruhe, Stadt;0;0;1;1;Unfall anderer Art;;;;hell;trocken;kein Aufprall;Unfall mit Leichtverletzten;Sonstiger Unfall;Andere Fehler beim Fahrzeugführer;;Fahrrad;;FALSE;TRUE;FALSE;FALSE;FALSE;1;0;0;;0;0;
2908;;2024-09-21T16:30:00Z;49.00763433;8.440935412;Karlsruhe, Stadt;0;0;1;2;Zusammenstoß zwischen Fahrzeug und Fußgänger;;;;hell;trocken;kein Aufprall;Unfall mit Leichtverletzten;Sonstiger Unfall;"Fehler beim Wenden oder Rückwärtsfahren; Falsches Verhalten gegenüber Fußgängern an anderen Stellen";;Pkw;zu Fuß;TRUE;FALSE;TRUE;FALSE;FALSE;0;1;1;;0;0;
2909;;2024-09-21T16:40:00Z;49.01192016;8.439253705;Karlsruhe, Stadt;0;0;1;1;Unfall anderer Art;;;;hell;trocken;kein Aufprall;Unfall mit Leichtverletzten;Sonstiger Unfall;"Alkoholeinfluss; Andere Fehler beim Fahrzeugführer";;Pedelec;;FALSE;TRUE;FALSE;FALSE;FALSE;1;0;0;;0;0;
2911;;2024-09-22T11:30:00Z;49.0019447;8.408096557;Karlsruhe, Stadt;0;0;1;2;Unfall anderer Art;;;;hell;nass;kein Aufprall;Unfall mit Leichtverletzten;Unfall durch ruhenden Verkehr;Fehler beim Einfahren in den fließenden Verkehr;;sonstige;Pedelec;FALSE;TRUE;FALSE;FALSE;TRUE;1;0;0;;0;1;
2916;;2024-09-22T16:52:00Z;49.05821347;8.391874405;Karlsruhe, Stadt;0;0;1;2;Zusammenstoß mit einbiegendem/kreuzendem Fahrzeug;Kreuzung;Radverkehrsanlage neben der Fahrbahn / baulich getrennte RVA;Lichtzeichenanlage in Betrieb;Dämmerung;trocken;kein Aufprall;Unfall mit Leichtverletzten;Abbiegeunfall;Nichtbeachten der Verkehrsregelung durch Polizeibeamte oder Lichtzeichen;;Fahrrad;Pkw;FALSE;TRUE;TRUE;FALSE;FALSE;1;0;1;;0;0;
2917;;2024-09-23T06:45:00Z;48.99641378;8.411290497;Karlsruhe, Stadt;0;0;1;2;Zusammenstoß mit vorausfahrendem/wartendem Fahrzeug;Einmündung;;;hell;trocken;kein Aufprall;Unfall mit Leichtverletzten;Unfall im Längsverkehr;Andere Fehler beim Fahrzeugführer;;Bus;Fahrrad;FALSE;TRUE;FALSE;TRUE;FALSE;1;0;0;;1;0;
2922;;2024-09-23T10:00:00Z;49.00760666;8.38718154;Karlsruhe, Stadt;0;0;1;2;Zusammenstoß mit einbiegendem/kreuzendem Fahrzeug;Kreuzung;;Lichtzeichenanlage in Betrieb;hell;nass;kein Aufprall;Unfall mit Leichtverletzten;Abbiegeunfall;Fehler beim Abbiegen;;Pkw;Fahrrad;FALSE;TRUE;TRUE;FALSE;FALSE;1;0;1;;0;0;
2939;;2024-09-24T16:20:00Z;48.99845668;8.466241869;Karlsruhe, Stadt;0;0;1;2;Zusammenstoß mit einbiegendem/kreuzendem Fahrzeug;Kreuzung;;;hell;trocken;kein Aufprall;Unfall mit Leichtverletzten;Einbiege-/Kreuzen-Unfall;Nichtbeachten der Regel rechts vor links;;Pkw;Fahrrad;FALSE;TRUE;TRUE;FALSE;FALSE;1;0;1;;0;0;
2941;;2024-09-24T23:02:00Z;49.01131223;8.364938705;Karlsruhe, Stadt;0;0;1;2;Zusammenstoß zwischen Fahrzeug und Fußgänger;;"Fußgängerfurt; Haltestelle";Lichtzeichenanlage außer Betrieb;dunkel;trocken;kein Aufprall;Unfall mit Leichtverletzten;Überschreiten-Unfall;Falsches Verhalten beim Überschreiten der Fahrbahn in der Nähe von Kreuzungen, Einmündungen, Lichtzeichenanlagen oder Fußgängerüberwegen bzw. bei dichtem Verkehr an anderen Stellen;;zu Fuß;Pkw;TRUE;FALSE;TRUE;FALSE;FALSE;0;1;1;;0;0;
2948;;2024-09-25T15:35:00Z;48.99868281;8.385708829;Karlsruhe, Stadt;0;0;1;2;Zusammenstoß mit einbiegendem/kreuzendem Fahrzeug;Kreuzung;Fußgängerfurt;Lichtzeichenanlage in Betrieb;hell;trocken;kein Aufprall;Unfall mit Leichtverletzten;Einbiege-/Kreuzen-Unfall;Benutzung der falschen Fahrbahn oder verbotswidrige Benutzung anderer Straßenteile;;Fahrrad;Pkw;FALSE;TRUE;TRUE;FALSE;FALSE;1;0;1;;0;0;
2968;;2024-09-27T07:50:00Z;49.01040013;8.391149861;Karlsruhe, Stadt;0;0;0;2;Zusammenstoß mit anfahrendem/anhaltendem/ruhendem Fahrzeug;;;;hell;trocken;kein Aufprall;Sonstiger Sachschadensunfall ohne Alkoholeinwirkung;Sonstiger Unfall;Andere Fehler beim Fahrzeugführer;;Lkw/Lieferwagen;Pedelec;FALSE;TRUE;FALSE;TRUE;FALSE;1;0;0;;1;0;
2970;;2024-09-27T09:21:00Z;48.97763586;8.453851969;Karlsruhe, Stadt;0;0;1;2;Zusammenstoß zwischen Fahrzeug und Fußgänger;;;;hell;trocken;kein Aufprall;Unfall mit Leichtverletzten;Sonstiger Unfall;"Fehler beim Wenden oder Rückwärtsfahren; Fehler beim Einfahren in den fließenden Verkehr; Falsches Verhalten gegenüber Fußgängern an anderen Stellen";;Pkw;zu Fuß;TRUE;FALSE;TRUE;FALSE;FALSE;0;1;1;;0;0;
2995;;2024-09-29T12:22:00Z;49.04190352;8.379307214;Karlsruhe, Stadt;0;0;1;2;Unfall anderer Art;;;;hell;trocken;kein Aufprall;Unfall mit Leichtverletzten;Einbiege-/Kreuzen-Unfall;Fehler beim Einfahren in den fließenden Verkehr;;Pedelec;Pkw;FALSE;TRUE;TRUE;FALSE;FALSE;1;0;1;;0;0;
2996;;2024-09-29T12:35:00Z;49.04261348;8.455600602;Karlsruhe, Stadt;0;0;1;2;Zusammenstoß zwischen Fahrzeug und Fußgänger;;;;hell;trocken;kein Aufprall;Unfall mit Leichtverletzten;Unfall im Längsverkehr;Nichtbenutzen des Gehweges;Falsches Verhalten gegenüber Fußgängern an anderen Stellen;mit Sport-/Spielgerät;Pkw;TRUE;FALSE;TRUE;FALSE;FALSE;0;1;1;;0;0;
3005;;2024-09-30T05:35:00Z;49.00562321;8.394798322;Karlsruhe, Stadt;0;0;1;2;Zusammenstoß mit einbiegendem/kreuzendem Fahrzeug;Kreuzung;;;hell;nass;kein Aufprall;Unfall mit Leichtverletzten;Abbiegeunfall;Nichtbeachten der Vorfahrt regelnden Verkehrszeichen;;Pkw;Pedelec;FALSE;TRUE;TRUE;FALSE;FALSE;1;0;1;;0;0;
3006;;2024-09-30T06:00:00Z;49.00869461;8.409260809;Karlsruhe, Stadt;0;0;1;1;Unfall anderer Art;Gefälle;;;hell;nass;kein Aufprall;Unfall mit Leichtverletzten;Fahrunfall;Nicht angepasste Geschwindigkeit – andere Fälle;;Fahrrad;;FALSE;TRUE;FALSE;FALSE;FALSE;1;0;0;;0;0;
3014;;2024-10-01T08:45:00Z;49.0022633;8.39419892;Karlsruhe, Stadt;0;0;2;2;Zusammenstoß zwischen Fahrzeug und Fußgänger;Kreuzung;"Radverkehrsanlage auf der Fahrbahn; Fußgängerfurt";Lichtzeichenanlage in Betrieb;hell;nass;kein Aufprall;Unfall mit Leichtverletzten;Überschreiten-Unfall;Falsches Verhalten beim Überschreiten der Fahrbahn an Stellen mit Verkehrsregelung durch Polizeibeamte oder Lichtzeichen;Falsches Verhalten gegenüber Fußgängern an Fußgängerfurten;zu Fuß;Fahrrad;TRUE;TRUE;FALSE;FALSE;FALSE;1;1;0;;0;0;
3027;;2024-10-02T08:38:00Z;49.00532976;8.332483901;Karlsruhe, Stadt;0;0;1;3;Zusammenstoß mit anfahrendem/anhaltendem/ruhendem Fahrzeug;Kreuzung;;;hell;nass;kein Aufprall;Unfall mit Leichtverletzten;Einbiege-/Kreuzen-Unfall;Nichtbeachten der Vorfahrt regelnden Verkehrszeichen;;Pkw;Pedelec;;TRUE;TRUE;;;1;0;1;;0;0;