Unfall_ID;Original_Unfall_ID;Datum + Uhrzeit;Koordinaten Breitengrad;Koordinaten Längengrad;Gemeinde;Anzahl der Getöteten;Anzahl der Schwerverletzten;Anzahl der Leichtverletzten;Anzahl Beteiligte;Unfallart;Charakteristik;Besonderheiten;Lichtzeichenanlage;Lichtverhältnisse;Straßenzustand;Aufprall auf Hindernis;Unfallkategorie;Unfalltyp;Beteiligter 1: Ursachen;Beteiligter 2: Ursachen;Beteiligter 1: Verkehrsbeteiligung;Beteiligter 2: Verkehrsbeteiligung;beteiligt_fuss;beteiligt_fahrrad;beteiligt_pkw;beteiligt_sonst_kfz;beteiligt_sonst;Anzahl Fahrrad;Anzahl zu Fuß;Anzahl Pkw;Anzahl Pkw/Lkw/Bus;Anzahl sonstige Kfz;Anzahl sonstige;Anzahl sonstige Verkehrsmittel
5440;;2025-05-12T21:26:00Z;48.99073813;8.388193877;Karlsruhe, Stadt;0;0;0;2;Zusammenstoß mit anfahrendem/anhaltendem/ruhendem Fahrzeug;;Radverkehrsanlage neben der Fahrbahn / baulich getrennte RVA;;dunkel;trocken;kein Aufprall;Sonstiger Sachschadensunfall ohne Alkoholeinwirkung;Sonstiger Unfall;Andere Fehler beim Fahrzeugführer;;Fahrrad;Fahrrad;FALSE;TRUE;FALSE;FALSE;FALSE;2;0;0;;0;0;
5451;;2025-05-13T10:40:00Z;48.99554598;8.450618116;Karlsruhe, Stadt;0;0;1;2;Zusammenstoß mit einbiegendem/kreuzendem Fahrzeug;Kreisverkehr;Radverkehrsanlage auf der Fahrbahn;;hell;trocken;kein Aufprall;Unfall mit Leichtverletzten;Abbiegeunfall;Nichtbeachten des Vorranges an Fußgängerüberwegen;;Pkw;Fahrrad;FALSE;TRUE;TRUE;FALSE;FALSE;1;0;1;;0;0;
5452;;2025-05-13T11:02:00Z;49.01270453;8.385119808;Karlsruhe, Stadt;0;0;0;2;Zusammenstoß mit anfahrendem/anhaltendem/ruhendem Fahrzeug;;;;hell;trocken;kein Aufprall;Sonstiger Sachschadensunfall ohne Alkoholeinwirkung;Unfall durch ruhenden Verkehr;Andere Fehler beim Fahrzeugführer;;Fahrrad;Pkw;FALSE;TRUE;TRUE;FALSE;FALSE;1;0;1;;0;0;
5454;;2025-05-13T14:10:00Z;49.00772502;8.38490347;Karlsruhe, Stadt;0;0;1;2;Zusammenstoß mit einbiegendem/kreuzendem Fahrzeug;Einmündung;Radverkehrsanlage auf der Fahrbahn;;hell;trocken;kein Aufprall;Unfall mit Leichtverletzten;Abbiegeunfall;Fehler beim Abbiegen;;Pkw;Fahrrad;FALSE;TRUE;TRUE;FALSE;FALSE;1;0;1;;0;0;
5459;;2025-05-13T16:30:00Z;49.00245495;8.359668281;Karlsruhe, Stadt;0;0;0;2;Zusammenstoß mit entgegenkommendem Fahrzeug;Kreuzung;Radverkehrsanlage auf der Fahrbahn;Lichtzeichenanlage in Betrieb;hell;trocken;kein Aufprall;Sonstiger Sachschadensunfall ohne Alkoholeinwirkung;Abbiegeunfall;Fehler beim Abbiegen;;Pkw;Fahrrad;FALSE;TRUE;TRUE;FALSE;FALSE;1;0;1;;0;0;
5464;;2025-05-14T07:25:00Z;49.01291236;8.392186492;Karlsruhe, Stadt;0;0;1;2;Zusammenstoß mit seitlich in gleicher Richtung fahrendem Fahrzeug;;;;hell;trocken;kein Aufprall;Unfall mit Leichtverletzten;Unfall im Längsverkehr;Sonstige Fehler beim Überholen;;Pkw;Fahrrad;FALSE;TRUE;TRUE;FALSE;FALSE;1;0;1;;0;0;
5465;;2025-05-14T09:39:00Z;48.96534779;8.414879371;Karlsruhe, Stadt;0;0;1;2;Zusammenstoß mit anfahrendem/anhaltendem/ruhendem Fahrzeug;;;;hell;trocken;kein Aufprall;Unfall mit Leichtverletzten;Sonstiger Unfall;Andere Fehler beim Fahrzeugführer;;Fahrrad;Pkw;FALSE;TRUE;TRUE;FALSE;FALSE;1;0;1;;0;0;
5467;;2025-05-14T10:45:00Z;49.00630454;8.403447757;Karlsruhe, Stadt;0;0;1;2;Zusammenstoß mit anfahrendem/anhaltendem/ruhendem Fahrzeug;;;;hell;trocken;kein Aufprall;Unfall mit Leichtverletzten;Unfall durch ruhenden Verkehr;"Alkoholeinfluss; Unbekannter Code 7";;Fahrrad;Pkw;FALSE;TRUE;TRUE;FALSE;FALSE;1;0;1;;0;0;
5475;;2025-05-14T17:15:00Z;49.00561793;8.394523772;Karlsruhe, Stadt;0;0;1;2;Zusammenstoß mit seitlich in gleicher Richtung fahrendem Fahrzeug;Kreuzung;Radverkehrsanlage auf der Fahrbahn;Lichtzeichenanlage in Betrieb;hell;trocken;kein Aufprall;Unfall mit Leichtverletzten;Unfall im Längsverkehr;Sonstige Fehler beim Überholen;;Pkw;Fahrrad;FALSE;TRUE;TRUE;FALSE;FALSE;1;0;1;;0;0;
5490;;2025-05-15T15:44:00Z;49.00582502;8.43330461;Karlsruhe, Stadt;0;0;1;2;Zusammenstoß mit einbiegendem/kreuzendem Fahrzeug;Einmündung;;;hell;trocken;kein Aufprall;Unfall mit Leichtverletzten;Einbiege-/Kreuzen-Unfall;"Fehler beim Einfahren in den fließenden Verkehr; Benutzung der falschen Fahrbahn oder verbotswidrige Benutzung anderer Straßenteile";;Fahrrad;Pkw;FALSE;TRUE;TRUE;FALSE;FALSE;1;0;1;;0;0;
5497;;2025-05-16T11:12:00Z;49.00529587;8.397220384;Karlsruhe, Stadt;0;0;0;2;Zusammenstoß mit einbiegendem/kreuzendem Fahrzeug;Grundstücksein-/ausfahrt;Radverkehrsanlage auf der Fahrbahn;;hell;trocken;kein Aufprall;Sonstiger Sachschadensunfall ohne Alkoholeinwirkung;Abbiegeunfall;Nichtbeachten des Vorranges an Fußgängerüberwegen;;Lkw/Lieferwagen;Pedelec;FALSE;TRUE;FALSE;TRUE;FALSE;1;0;0;;1;0;
5499;;2025-05-16T14:01:00Z;49.01183935;8.431733979;Karlsruhe, Stadt;0;0;1;2;Zusammenstoß mit einbiegendem/kreuzendem Fahrzeug;Grundstücksein-/ausfahrt;Radverkehrsanlage neben der Fahrbahn / baulich getrennte RVA;;hell;trocken;kein Aufprall;Unfall mit Leichtverletzten;Einbiege-/Kreuzen-Unfall;Fehler beim Einfahren in den fließenden Verkehr;Benutzung der falschen Fahrbahn oder verbotswidrige Benutzung anderer Straßenteile;Pkw;Fahrrad;FALSE;TRUE;TRUE;FALSE;FALSE;1;0;1;;0;0;
5500;;2025-05-16T14:30:00Z;49.02789054;8.464825287;Karlsruhe, Stadt;0;0;1;2;Zusammenstoß mit einbiegendem/kreuzendem Fahrzeug;Einmündung;;;hell;trocken;kein Aufprall;Unfall mit Leichtverletzten;Einbiege-/Kreuzen-Unfall;Nichtbeachten der Vorfahrt regelnden Verkehrszeichen;;Pkw;Fahrrad;FALSE;TRUE;TRUE;FALSE;FALSE;1;0;1;;0;0;
5501;;2025-05-16T14:43:00Z;49.01399297;8.387720871;Karlsruhe, Stadt;0;0;1;3;Zusammenstoß mit vorausfahrendem/wartendem Fahrzeug;;;;hell;trocken;kein Aufprall;Unfall mit Leichtverletzten;Unfall im Längsverkehr;"Ungenügender Sicherheitsabstand; Benutzung der falschen Fahrbahn oder verbotswidrige Benutzung anderer Straßenteile";Benutzung der falschen Fahrbahn oder verbotswidrige Benutzung anderer Straßenteile;Fahrrad;Pedelec;;TRUE;;;;2;0;0;;0;0;
5505;;2025-05-16T18:20:00Z;49.01652941;8.369710437;Karlsruhe, Stadt;0;0;1;2;Zusammenstoß mit einbiegendem/kreuzendem Fahrzeug;Einmündung;Radverkehrsanlage neben der Fahrbahn / baulich getrennte RVA;;hell;trocken;kein Aufprall;Unfall mit Leichtverletzten;Abbiegeunfall;Nichtbeachten des Vorranges an Fußgängerüberwegen;;Pkw;Fahrrad;FALSE;TRUE;TRUE;FALSE;FALSE;1;0;1;;0;0;
5518;;2025-05-18T16:20:00Z;49.01270457;8.384442652;Karlsruhe, Stadt;0;0;1;1;Unfall anderer Art;Kreuzung;;;hell;trocken;kein Aufprall;Unfall mit Leichtverletzten;Sonstiger Unfall;Andere Fehler beim Fahrzeugführer;;Fahrrad;;FALSE;TRUE;FALSE;FALSE;FALSE;1;0;0;;0;0;
5524;;2025-05-19T06:44:00Z;48.99956187;8.467061259;Karlsruhe, Stadt;0;0;1;1;Unfall anderer Art;;;;hell;trocken;kein Aufprall;Unfall mit Leichtverletzten;Sonstiger Unfall;Andere Fehler beim Fahrzeugführer;;Pedelec;;FALSE;TRUE;FALSE;FALSE;FALSE;1;0;0;;0;0;
5532;;2025-05-19T14:25:00Z;48.99568077;8.451510954;Karlsruhe, Stadt;0;0;1;2;Zusammenstoß mit einbiegendem/kreuzendem Fahrzeug;Grundstücksein-/ausfahrt;;;hell;trocken;kein Aufprall;Unfall mit Leichtverletzten;Einbiege-/Kreuzen-Unfall;Fehler beim Einfahren in den fließenden Verkehr;;Pedelec;Pkw;FALSE;TRUE;TRUE;FALSE;FALSE;1;0;1;;0;0;
5539;;2025-05-20T06:25:00Z;48.99573679;8.463153706;Karlsruhe, Stadt;0;0;1;2;Zusammenstoß mit einbiegendem/kreuzendem Fahrzeug;Kreuzung;Radverkehrsanlage auf der Fahrbahn;Lichtzeichenanlage in Betrieb;hell;trocken;kein Aufprall;Unfall mit Leichtverletzten;Abbiegeunfall;Benutzung der falschen Fahrbahn oder verbotswidrige Benutzung anderer Straßenteile;;Pedelec;Fahrrad;FALSE;TRUE;FALSE;FALSE;FALSE;2;0;0;;0;0;
5543;;2025-05-20T10:00:00Z;48.99703856;8.410938043;Karlsruhe, Stadt;0;0;1;2;Zusammenstoß mit vorausfahrendem/wartendem Fahrzeug;Kreuzung;;Lichtzeichenanlage in Betrieb;hell;trocken;kein Aufprall;Unfall mit Leichtverletzten;Unfall im Längsverkehr;Unbekannter Code 6;;Fahrrad;Pkw;FALSE;TRUE;TRUE;FALSE;FALSE;1;0;1;;0;0;
5554;;2025-05-21T07:00:00Z;49.00763745;8.393453918;Karlsruhe, Stadt;0;0;1;2;Zusammenstoß mit einbiegendem/kreuzendem Fahrzeug;Grundstücksein-/ausfahrt;Verkehrsberuhigter Bereich;;hell;trocken;kein Aufprall;Unfall mit Leichtverletzten;Einbiege-/Kreuzen-Unfall;Fehler beim Einfahren in den fließenden Verkehr;Nicht angepasste Geschwindigkeit mit gleichzeitigem Überschreiten der zulässigen Höchstgeschwindigkeit;Fahrrad;Fahrrad;FALSE;TRUE;FALSE;FALSE;FALSE;2;0;0;;0;0;
5558;;2025-05-21T09:50:00Z;49.00562137;8.37241347;Karlsruhe, Stadt;0;0;1;1;Unfall anderer Art;;"Schienengleicher Wegübergang; Haltestelle";;hell;nass;kein Aufprall;Unfall mit Leichtverletzten;Sonstiger Unfall;Nicht angepasste Geschwindigkeit – andere Fälle;;Pedelec;;FALSE;TRUE;FALSE;FALSE;FALSE;1;0;0;;0;0;
5567;;2025-05-22T14:31:00Z;49.00136693;8.408067312;Karlsruhe, Stadt;0;0;0;2;Zusammenstoß mit anfahrendem/anhaltendem/ruhendem Fahrzeug;;;;hell;trocken;kein Aufprall;Sonstiger Sachschadensunfall unter Einfluss berauschender Mittel;Unfall durch ruhenden Verkehr;"Alkoholeinfluss; Einfluss anderer berauschender Mittel; Andere Fehler beim Fahrzeugführer";;Fahrrad;Pkw;FALSE;TRUE;TRUE;FALSE;FALSE;1;0;1;;0;0;
5568;;2025-05-22T14:51:00Z;48.99914475;8.35075819;Karlsruhe, Stadt;0;0;1;2;Zusammenstoß mit einbiegendem/kreuzendem Fahrzeug;Einmündung;Radverkehrsanlage neben der Fahrbahn / baulich getrennte RVA;;hell;trocken;kein Aufprall;Unfall mit Leichtverletzten;Einbiege-/Kreuzen-Unfall;Nichtbeachten der Vorfahrt regelnden Verkehrszeichen;Benutzung der falschen Fahrbahn oder verbotswidrige Benutzung anderer Straßenteile;Pkw;Pedelec;FALSE;TRUE;TRUE;FALSE;FALSE;1;0;1;;0;0;
5572;;2025-05-22T15:58:00Z;49.01474441;8.384585995;Karlsruhe, Stadt;0;0;1;2;Zusammenstoß mit einbiegendem/kreuzendem Fahrzeug;Einmündung;Radverkehrsanlage auf der Fahrbahn;;hell;trocken;kein Aufprall;Unfall mit Leichtverletzten;Abbiegeunfall;Fehler beim Abbiegen;Unbekannter Code 5;Pkw;Fahrrad;FALSE;TRUE;TRUE;FALSE;FALSE;1;0;1;;0;0;
5577;;2025-05-23T13:30:00Z;49.02788214;8.464832958;Karlsruhe, Stadt;0;0;1;2;Zusammenstoß mit einbiegendem/kreuzendem Fahrzeug;Einmündung;Radverkehrsanlage auf der Fahrbahn;;hell;trocken;kein Aufprall;Unfall mit Leichtverletzten;Einbiege-/Kreuzen-Unfall;Nichtbeachten der Vorfahrt regelnden Verkehrszeichen;;Pkw;Pedelec;FALSE;TRUE;TRUE;FALSE;FALSE;1;0;1;;0;0;
5578;;2025-05-23T15:50:00Z;49.00789677;8.381531283;Karlsruhe, Stadt;0;0;1;2;Zusammenstoß mit einbiegendem/kreuzendem Fahrzeug;Kreuzung;;;hell;trocken;kein Aufprall;Unfall mit Leichtverletzten;Einbiege-/Kreuzen-Unfall;Nichtbeachten der Vorfahrt regelnden Verkehrszeichen;;Pkw;Fahrrad;FALSE;TRUE;TRUE;FALSE;FALSE;1;0;1;;0;0;
5580;;2025-05-23T18:25:00Z;49.01044724;8.398471807;Karlsruhe, Stadt;0;0;0;2;Zusammenstoß mit anfahrendem/anhaltendem/ruhendem Fahrzeug;Einmündung;Verkehrsberuhigter Bereich;Lichtzeichenanlage in Betrieb;hell;trocken;kein Aufprall;Sonstiger Sachschadensunfall ohne Alkoholeinwirkung;Unfall durch ruhenden Verkehr;Andere Fehler beim Fahrzeugführer;;Pkw;Fahrrad;FALSE;TRUE;TRUE;FALSE;FALSE;1;0;1;;0;0;
5589;;2025-05-25T09:15:00Z;49.00055996;8.403124421;Karlsruhe, Stadt;0;0;1;2;Zusammenstoß mit einbiegendem/kreuzendem Fahrzeug;Grundstücksein-/ausfahrt;;;hell;trocken;kein Aufprall;Unfall mit Leichtverletzten;Einbiege-/Kreuzen-Unfall;Fehler beim Einfahren in den fließenden Verkehr;"Benutzung der falschen Fahrbahn oder verbotswidrige Benutzung anderer Straßenteile; Unbekannter Code 6";Pkw;Fahrrad;FALSE;TRUE;TRUE;FALSE;FALSE;1;0;1;;0;0;
5592;;2025-05-25T13:09:00Z;49.00436402;8.442737569;Karlsruhe, Stadt;0;0;1;2;Zusammenstoß mit einbiegendem/kreuzendem Fahrzeug;;Radverkehrsanlage neben der Fahrbahn / baulich getrennte RVA;Lichtzeichenanlage in Betrieb;hell;trocken;kein Aufprall;Unfall mit Leichtverletzten;Einbiege-/Kreuzen-Unfall;Nichtbeachten der Verkehrsregelung durch Polizeibeamte oder Lichtzeichen;;Fahrrad;Pkw;FALSE;TRUE;TRUE;FALSE;FALSE;1;0;1;;0;0;
5603;;2025-05-26T16:18:00Z;49.02612046;8.446922319;Karlsruhe, Stadt;0;0;0;2;Zusammenstoß mit einbiegendem/kreuzendem Fahrzeug;Einmündung;Radverkehrsanlage neben der Fahrbahn / baulich getrennte RVA;;hell;trocken;kein Aufprall;Sonstiger Sachschadensunfall ohne Alkoholeinwirkung;Einbiege-/Kreuzen-Unfall;Nichtbeachten der Vorfahrt regelnden Verkehrszeichen;Benutzung der falschen Fahrbahn oder verbotswidrige Benutzung anderer Straßenteile;Pkw;Fahrrad;FALSE;TRUE;TRUE;FALSE;FALSE;1;0;1;;0;0;
5606;;2025-05-26T17:30:00Z;49.01353026;8.419237953;Karlsruhe, Stadt;0;0;1;2;Zusammenstoß mit einbiegendem/kreuzendem Fahrzeug;;;;hell;trocken;kein Aufprall;Unfall mit Leichtverletzten;Einbiege-/Kreuzen-Unfall;Benutzung der falschen Fahrbahn oder verbotswidrige Benutzung anderer Straßenteile;;Fahrrad;Fahrrad;FALSE;TRUE;FALSE;FALSE;FALSE;2;0;0;;0;0;
5607;;2025-05-27T05:45:00Z;48.97154059;8.445810318;Karlsruhe, Stadt;0;0;1;2;Zusammenstoß mit einbiegendem/kreuzendem Fahrzeug;Einmündung;;;hell;trocken;kein Aufprall;Unfall mit Leichtverletzten;Einbiege-/Kreuzen-Unfall;Nichtbeachten der Regel rechts vor links;;Lkw/Lieferwagen;Pedelec;FALSE;TRUE;FALSE;TRUE;FALSE;1;0;0;;1;0;
5608;;2025-05-27T06:33:00Z;49.00396405;8.384400453;Karlsruhe, Stadt;0;1;0;2;Unfall anderer Art;;;;hell;trocken;kein Aufprall;Unfall mit Schwerverletzten;Unfall im Längsverkehr;Andere Fehler beim Fahrzeugführer;;Fahrrad;Fahrrad;FALSE;TRUE;FALSE;FALSE;FALSE;2;0;0;;0;0;
5615;;2025-05-27T17:35:00Z;49.00135449;8.404221561;Karlsruhe, Stadt;0;0;0;3;Zusammenstoß mit anfahrendem/anhaltendem/ruhendem Fahrzeug;;;;hell;trocken;kein Aufprall;Sonstiger Sachschadensunfall unter Einfluss berauschender Mittel;Sonstiger Unfall;"Unbekannter Code 7; Andere Fehler beim Fahrzeugführer";;Fahrrad;Pkw;;TRUE;TRUE;;;1;0;1;;0;0;
5618;;2025-05-28T06:15:00Z;48.98829797;8.403516992;Karlsruhe, Stadt;0;0;1;2;Zusammenstoß mit einbiegendem/kreuzendem Fahrzeug;Einmündung;Radverkehrsanlage neben der Fahrbahn / baulich getrennte RVA;;hell;nass;kein Aufprall;Unfall mit Leichtverletzten;Einbiege-/Kreuzen-Unfall;Nichtbeachten der Vorfahrt regelnden Verkehrszeichen;;Pkw;Fahrrad;FALSE;TRUE;TRUE;FALSE;FALSE;1;0;1;;0;0;
5629;;2025-05-28T15:50:00Z;49.00883165;8.39496417;Karlsruhe, Stadt;0;0;1;2;Zusammenstoß zwischen Fahrzeug und Fußgänger;;Schienengleicher Wegübergang;;hell;nass;kein Aufprall;Unfall mit Leichtverletzten;Überschreiten-Unfall;Überschreiten der Fahrbahn ohne auf den Fahrzeugverkehr zu achten;;zu Fuß;Tram;TRUE;FALSE;FALSE;TRUE;FALSE;0;1;0;;1;0;
5631;;2025-05-28T16:36:00Z;49.01745137;8.384857758;Karlsruhe, Stadt;0;0;1;2;Zusammenstoß mit einbiegendem/kreuzendem Fahrzeug;Kreuzung;;;hell;nass;kein Aufprall;Unfall mit Leichtverletzten;Einbiege-/Kreuzen-Unfall;Nichtbeachten der Vorfahrt regelnden Verkehrszeichen;;Pkw;Fahrrad;FALSE;TRUE;TRUE;FALSE;FALSE;1;0;1;;0;0;
5634;;2025-05-29T10:00:00Z;48.99605493;8.3934398;Karlsruhe, Stadt;0;0;0;4;Zusammenstoß mit anfahrendem/anhaltendem/ruhendem Fahrzeug;;;;hell;trocken;kein Aufprall;Sonstiger Sachschadensunfall ohne Alkoholeinwirkung;Sonstiger Unfall;Andere Fehler beim Fahrzeugführer;;Pkw;Fahrrad;;TRUE;TRUE;;;1;0;1;;0;0;
5641;;2025-05-29T21:20:00Z;49.04732219;8.369003262;Karlsruhe, Stadt;0;0;0;2;Zusammenstoß mit anfahrendem/anhaltendem/ruhendem Fahrzeug;;;;dunkel;trocken;kein Aufprall;Sonstiger Sachschadensunfall ohne Alkoholeinwirkung;Unfall durch ruhenden Verkehr;Andere Fehler beim Fahrzeugführer;;Fahrrad;Pkw;FALSE;TRUE;TRUE;FALSE;FALSE;1;0;1;;0;0;
5658;;2025-05-31T16:07:00Z;49.00445999;8.417870107;Karlsruhe, Stadt;0;0;1;2;Zusammenstoß zwischen Fahrzeug und Fußgänger;;;;hell;trocken;kein Aufprall;Unfall mit Leichtverletzten;Überschreiten-Unfall;Überschreiten der Fahrbahn ohne auf den Fahrzeugverkehr zu achten;Falsches Verhalten gegenüber Fußgängern an anderen Stellen;zu Fuß;Elektrokleinstfahrzeug;TRUE;FALSE;FALSE;TRUE;FALSE;0;1;0;;1;0;
5679;;2025-06-02T13:51:00Z;49.0338105;8.444158512;Karlsruhe, Stadt;0;0;0;2;Zusammenstoß mit einbiegendem/kreuzendem Fahrzeug;Einmündung;Schienengleicher Wegübergang;Lichtzeichenanlage in Betrieb;hell;trocken;kein Aufprall;Sonstiger Sachschadensunfall ohne Alkoholeinwirkung;Einbiege-/Kreuzen-Unfall;"Nichtbeachten der Verkehrsregelung durch Polizeibeamte oder Lichtzeichen; Nichtbeachten des Vorranges von Schienenfahrzeugen an Bahnübergängen";;Fahrrad;Tram;FALSE;TRUE;FALSE;TRUE;FALSE;1;0;0;;1;0;
5684;;2025-06-02T17:00:00Z;48.98958185;8.393183117;Karlsruhe, Stadt;0;0;1;2;Zusammenstoß mit entgegenkommendem Fahrzeug;Steigung;Radverkehrsanlage neben der Fahrbahn / baulich getrennte RVA;;hell;trocken;kein Aufprall;Unfall mit Leichtverletzten;Unfall im Längsverkehr;"Alkoholeinfluss; Verstoß gegen das Rechtsfahrgebot";;Pedelec;Fahrrad;FALSE;TRUE;FALSE;FALSE;FALSE;2;0;0;;0;0;
5686;;2025-06-03T07:01:00Z;48.99469266;8.400006367;Karlsruhe, Stadt;0;1;1;2;Zusammenstoß zwischen Fahrzeug und Fußgänger;Einmündung;;;hell;trocken;kein Aufprall;Unfall mit Schwerverletzten;Sonstiger Unfall;Benutzung der falschen Fahrbahn oder verbotswidrige Benutzung anderer Straßenteile;;Fahrrad;zu Fuß;TRUE;TRUE;FALSE;FALSE;FALSE;1;1;0;;0;0;
5689;;2025-06-03T13:10:00Z;49.00397139;8.405638226;Karlsruhe, Stadt;0;0;1;2;Zusammenstoß mit vorausfahrendem/wartendem Fahrzeug;;Radverkehrsanlage auf der Fahrbahn;;hell;trocken;kein Aufprall;Unfall mit Leichtverletzten;Unfall im Längsverkehr;Sonstige Fehler beim Überholen;;Pkw;Fahrrad;FALSE;TRUE;TRUE;FALSE;FALSE;1;0;1;;0;0;
5695;;2025-06-04T05:40:00Z;49.00781375;8.38388682;Karlsruhe, Stadt;0;0;1;2;Zusammenstoß mit vorausfahrendem/wartendem Fahrzeug;Einmündung;;;hell;nass;kein Aufprall;Unfall mit Leichtverletzten;Abbiegeunfall;Fehler beim Abbiegen;;Fahrrad;Fahrrad;FALSE;TRUE;FALSE;FALSE;FALSE;2;0;0;;0;0;
5699;;2025-06-04T11:35:00Z;49.00434674;8.386230643;Karlsruhe, Stadt;0;0;1;2;Zusammenstoß mit anfahrendem/anhaltendem/ruhendem Fahrzeug;;;;hell;nass;kein Aufprall;Unfall mit Leichtverletzten;Unfall durch ruhenden Verkehr;Verkehrswidriges Verhalten beim Ein-/Aussteigen, Be-/Entladen;;Pkw;Fahrrad;FALSE;TRUE;TRUE;FALSE;FALSE;1;0;1;;0;0;
5702;;2025-06-04T13:33:00Z;49.04412178;8.372127915;Karlsruhe, Stadt;0;0;1;2;Zusammenstoß mit einbiegendem/kreuzendem Fahrzeug;;;;hell;trocken;kein Aufprall;Unfall mit Leichtverletzten;Einbiege-/Kreuzen-Unfall;Fehler beim Einfahren in den fließenden Verkehr;;Fahrrad;Pkw;FALSE;TRUE;TRUE;FALSE;FALSE;1;0;1;;0;0;
5703;;2025-06-04T14:20:00Z;49.01371025;8.359942048;Karlsruhe, Stadt;0;0;1;1;Unfall anderer Art;;Arbeitsstelle;;hell;nass;kein Aufprall;Unfall mit Leichtverletzten;Fahrunfall;Nicht angepasste Geschwindigkeit – andere Fälle;;Fahrrad;;FALSE;TRUE;FALSE;FALSE;FALSE;1;0;0;;0;0;
5711;;2025-06-05T09:25:00Z;49.00923832;8.411249735;Karlsruhe, Stadt;0;0;1;1;Unfall anderer Art;;Schienengleicher Wegübergang;;hell;trocken;kein Aufprall;Unfall mit Leichtverletzten;Fahrunfall;Nicht angepasste Geschwindigkeit – andere Fälle;;Fahrrad;;FALSE;TRUE;FALSE;FALSE;FALSE;1;0;0;;0;0;
5718;;2025-06-05T14:20:00Z;49.00791199;8.380850572;Karlsruhe, Stadt;0;0;1;2;Zusammenstoß mit anfahrendem/anhaltendem/ruhendem Fahrzeug;;;;hell;trocken;kein Aufprall;Unfall mit Leichtverletzten;Unfall durch ruhenden Verkehr;Unbekannter Code 6;;Fahrrad;Pkw;FALSE;TRUE;TRUE;FALSE;FALSE;1;0;1;;0;0;
5724;;2025-06-06T05:40:00Z;48.97549648;8.408092985;Karlsruhe, Stadt;0;0;1;2;Zusammenstoß zwischen Fahrzeug und Fußgänger;Einmündung;;;hell;nass;kein Aufprall;Unfall mit Leichtverletzten;Einbiege-/Kreuzen-Unfall;Falsches Verhalten gegenüber Fußgängern an anderen Stellen;;Pedelec;mit Sport-/Spielgerät;TRUE;TRUE;FALSE;FALSE;FALSE;1;1;0;;0;0;
5725;;2025-06-06T06:22:00Z;49.03065288;8.344663543;Karlsruhe, Stadt;0;0;1;2;Zusammenstoß mit einbiegendem/kreuzendem Fahrzeug;Kreuzung;;;hell;trocken;kein Aufprall;Unfall mit Leichtverletzten;Einbiege-/Kreuzen-Unfall;Nichtbeachten der Vorfahrt regelnden Verkehrszeichen;;Pkw;Fahrrad;FALSE;TRUE;TRUE;FALSE;FALSE;1;0;1;;0;0;
5726;;2025-06-06T06:25:00Z;48.99747917;8.346963561;Karlsruhe, Stadt;0;1;0;2;Zusammenstoß mit einbiegendem/kreuzendem Fahrzeug;Einmündung;Radverkehrsanlage neben der Fahrbahn / baulich getrennte RVA;;hell;nass;kein Aufprall;Unfall mit Schwerverletzten;Einbiege-/Kreuzen-Unfall;Nichtbeachten der Vorfahrt regelnden Verkehrszeichen;;Pkw;Pedelec;FALSE;TRUE;TRUE;FALSE;FALSE;1;0;1;;0;0;
5733;;2025-06-06T15:00:00Z;49.03786829;8.394130554;Karlsruhe, Stadt;0;0;1;2;Zusammenstoß mit einbiegendem/kreuzendem Fahrzeug;Grundstücksein-/ausfahrt;Radverkehrsanlage neben der Fahrbahn / baulich getrennte RVA;;hell;trocken;kein Aufprall;Unfall mit Leichtverletzten;Einbiege-/Kreuzen-Unfall;Fehler beim Einfahren in den fließenden Verkehr;Benutzung der falschen Fahrbahn oder verbotswidrige Benutzung anderer Straßenteile;Pkw;Fahrrad;FALSE;TRUE;TRUE;FALSE;FALSE;1;0;1;;0;0;
5745;;2025-06-07T15:32:00Z;48.99148604;8.352893884;Karlsruhe, Stadt;0;0;0;2;Zusammenstoß mit anfahrendem/anhaltendem/ruhendem Fahrzeug;;;;hell;trocken;kein Aufprall;Sonstiger Sachschadensunfall ohne Alkoholeinwirkung;Unfall durch ruhenden Verkehr;Andere Fehler beim Fahrzeugführer;;Fahrrad;Pkw;FALSE;TRUE;TRUE;FALSE;FALSE;1;0;1;;0;0;