Unfall_ID;Original_Unfall_ID;Datum + Uhrzeit;Koordinaten Breitengrad;Koordinaten Längengrad;Gemeinde;Anzahl der Getöteten;Anzahl der Schwerverletzten;Anzahl der Leichtverletzten;Anzahl Beteiligte;Unfallart;Charakteristik;Besonderheiten;Lichtzeichenanlage;Lichtverhältnisse;Straßenzustand;Aufprall auf Hindernis;Unfallkategorie;Unfalltyp;Beteiligter 1: Ursachen;Beteiligter 2: Ursachen;Beteiligter 1: Verkehrsbeteiligung;Beteiligter 2: Verkehrsbeteiligung;beteiligt_fuss;beteiligt_fahrrad;beteiligt_pkw;beteiligt_sonst_kfz;beteiligt_sonst;Anzahl Fahrrad;Anzahl zu Fuß;Anzahl Pkw;Anzahl Pkw/Lkw/Bus;Anzahl sonstige Kfz;Anzahl sonstige;Anzahl sonstige Verkehrsmittel
6032;;2025-07-02T14:15:00Z;49.03123429;8.360089637;Karlsruhe, Stadt;0;0;1;2;Zusammenstoß mit einbiegendem/kreuzendem Fahrzeug;Kreuzung;"Fußgängerfurt; Radverkehrsanlage neben der Fahrbahn / baulich getrennte RVA";Lichtzeichenanlage in Betrieb;hell;trocken;kein Aufprall;Unfall mit Leichtverletzten;Abbiegeunfall;Nichtbeachten des Vorranges an Fußgängerüberwegen;Fehler beim Einfahren in den fließenden Verkehr;Pkw;Pedelec;FALSE;TRUE;TRUE;FALSE;FALSE;1;0;1;;0;0;
6047;;2025-07-03T16:18:00Z;49.0036293;8.37012664;Karlsruhe, Stadt;0;0;0;2;Zusammenstoß mit einbiegendem/kreuzendem Fahrzeug;;;;hell;trocken;kein Aufprall;Sonstiger Sachschadensunfall ohne Alkoholeinwirkung;Einbiege-/Kreuzen-Unfall;Fehler beim Einfahren in den fließenden Verkehr;;Fahrrad;Pkw;FALSE;TRUE;TRUE;FALSE;FALSE;1;0;1;;0;0;
6053;;2025-07-03T22:32:00Z;49.00623181;8.439094892;Karlsruhe, Stadt;0;0;2;2;Zusammenstoß zwischen Fahrzeug und Fußgänger;;;;dunkel;trocken;sonstiges Hindernis;Unfall mit Leichtverletzten;Unfall im Längsverkehr;"Unbekannter Code 5; Falsches Verhalten gegenüber Fußgängern an anderen Stellen";;Elektrokleinstfahrzeug;zu Fuß;TRUE;FALSE;FALSE;TRUE;FALSE;0;1;0;;1;0;
6061;;2025-07-04T10:45:00Z;49.00491088;8.394704008;Karlsruhe, Stadt;0;1;0;2;Zusammenstoß mit vorausfahrendem/wartendem Fahrzeug;Kreuzung;Radverkehrsanlage auf der Fahrbahn;Lichtzeichenanlage in Betrieb;hell;trocken;kein Aufprall;Unfall mit Schwerverletzten;Unfall im Längsverkehr;Verkehrswidriges Verhalten beim Ein-/Aussteigen, Be-/Entladen;;Pkw;Fahrrad;FALSE;TRUE;TRUE;FALSE;FALSE;1;0;1;;0;0;
6064;;2025-07-04T12:42:00Z;49.02999778;8.38710076;Karlsruhe, Stadt;0;0;1;2;Zusammenstoß mit einbiegendem/kreuzendem Fahrzeug;Kreuzung;Radverkehrsanlage auf der Fahrbahn;;hell;trocken;kein Aufprall;Unfall mit Leichtverletzten;Einbiege-/Kreuzen-Unfall;Nichtbeachten der Vorfahrt regelnden Verkehrszeichen;;Pkw;Fahrrad;FALSE;TRUE;TRUE;FALSE;FALSE;1;0;1;;0;0;
6077;;2025-07-05T08:27:00Z;49.00984698;8.354588643;Karlsruhe, Stadt;0;0;0;2;Zusammenstoß mit einbiegendem/kreuzendem Fahrzeug;Grundstücksein-/ausfahrt;;;hell;trocken;kein Aufprall;Sonstiger Sachschadensunfall ohne Alkoholeinwirkung;Einbiege-/Kreuzen-Unfall;Fehler beim Einfahren in den fließenden Verkehr;Benutzung der falschen Fahrbahn oder verbotswidrige Benutzung anderer Straßenteile;Pkw;Pedelec;FALSE;TRUE;TRUE;FALSE;FALSE;1;0;1;;0;0;
6082;;2025-07-05T17:43:00Z;49.01022026;8.389911229;Karlsruhe, Stadt;0;0;1;1;Unfall anderer Art;Einmündung;Schienengleicher Wegübergang;;hell;trocken;kein Aufprall;Unfall mit Leichtverletzten;Sonstiger Unfall;Andere Fehler beim Fahrzeugführer;;Fahrrad;;FALSE;TRUE;FALSE;FALSE;FALSE;1;0;0;;0;0;
6101;;2025-07-07T13:53:00Z;48.98976215;8.458143319;Karlsruhe, Stadt;0;0;1;2;Zusammenstoß mit einbiegendem/kreuzendem Fahrzeug;Grundstücksein-/ausfahrt;;;hell;trocken;kein Aufprall;Unfall mit Leichtverletzten;Unfall durch ruhenden Verkehr;Fehler beim Einfahren in den fließenden Verkehr;;Fahrrad;Pkw;FALSE;TRUE;TRUE;FALSE;FALSE;1;0;1;;0;0;
6102;;2025-07-07T15:20:00Z;48.99229305;8.448770125;Karlsruhe, Stadt;0;0;1;2;Zusammenstoß mit einbiegendem/kreuzendem Fahrzeug;Kreisverkehr;Radverkehrsanlage auf der Fahrbahn;;hell;nass;kein Aufprall;Unfall mit Leichtverletzten;Einbiege-/Kreuzen-Unfall;Nichtbeachten der Vorfahrt regelnden Verkehrszeichen;;Pkw;Pedelec;FALSE;TRUE;TRUE;FALSE;FALSE;1;0;1;;0;0;
6111;;2025-07-08T13:02:00Z;49.00767696;8.38714353;Karlsruhe, Stadt;0;0;2;2;Zusammenstoß mit einbiegendem/kreuzendem Fahrzeug;Kreuzung;Radverkehrsanlage auf der Fahrbahn;Lichtzeichenanlage in Betrieb;hell;trocken;kein Aufprall;Unfall mit Leichtverletzten;Abbiegeunfall;"Nichtbeachten des Vorranges an Fußgängerüberwegen; Unbekannter Code 6";;Pkw;Fahrrad;FALSE;TRUE;TRUE;FALSE;FALSE;1;0;1;;0;0;
6118;;2025-07-09T06:30:00Z;48.99393307;8.336955079;Karlsruhe, Stadt;0;0;1;2;Zusammenstoß zwischen Fahrzeug und Fußgänger;;;;hell;trocken;kein Aufprall;Unfall mit Leichtverletzten;Sonstiger Unfall;"Fehler beim Wenden oder Rückwärtsfahren; Falsches Verhalten gegenüber Fußgängern an anderen Stellen";;Pkw;zu Fuß;TRUE;FALSE;TRUE;FALSE;FALSE;0;1;1;;0;0;
6119;;2025-07-09T13:00:00Z;49.00089009;8.409328575;Karlsruhe, Stadt;0;0;0;2;Zusammenstoß mit anfahrendem/anhaltendem/ruhendem Fahrzeug;;;;hell;trocken;kein Aufprall;Sonstiger Sachschadensunfall ohne Alkoholeinwirkung;Unfall durch ruhenden Verkehr;Seitenabstand;;Fahrrad;Pkw;FALSE;TRUE;TRUE;FALSE;FALSE;1;0;1;;0;0;
6122;;2025-07-09T19:09:00Z;48.9795443;8.374314935;Karlsruhe, Stadt;0;0;2;2;Zusammenstoß mit seitlich in gleicher Richtung fahrendem Fahrzeug;Steigung;;;Dämmerung;trocken;kein Aufprall;Unfall mit Leichtverletzten;Unfall im Längsverkehr;Andere Fehler beim Fahrzeugführer;Andere Fehler beim Fahrzeugführer;Fahrrad;Fahrrad;FALSE;TRUE;FALSE;FALSE;FALSE;2;0;0;;0;0;
6123;;2025-07-10T06:00:00Z;49.01507399;8.374943559;Karlsruhe, Stadt;0;0;1;2;Zusammenstoß mit einbiegendem/kreuzendem Fahrzeug;Kreuzung;Radverkehrsanlage auf der Fahrbahn;;hell;trocken;kein Aufprall;Unfall mit Leichtverletzten;Abbiegeunfall;Nichtbeachten des Vorranges an Fußgängerüberwegen;;Pkw;Pedelec;FALSE;TRUE;TRUE;FALSE;FALSE;1;0;1;;0;0;
6125;;2025-07-10T07:28:00Z;49.01768733;8.367424936;Karlsruhe, Stadt;0;0;1;2;Zusammenstoß mit einbiegendem/kreuzendem Fahrzeug;Einmündung;Radverkehrsanlage neben der Fahrbahn / baulich getrennte RVA;;hell;trocken;kein Aufprall;Unfall mit Leichtverletzten;Einbiege-/Kreuzen-Unfall;Nichtbeachten der Vorfahrt regelnden Verkehrszeichen;Fehler beim Einfahren in den fließenden Verkehr;Pkw;Pedelec;FALSE;TRUE;TRUE;FALSE;FALSE;1;0;1;;0;0;
6129;;2025-07-10T10:04:00Z;49.00894503;8.393409971;Karlsruhe, Stadt;0;0;1;1;Unfall anderer Art;;;;hell;trocken;kein Aufprall;Unfall mit Leichtverletzten;Sonstiger Unfall;Andere Fehler beim Fahrzeugführer;;Fahrrad;;FALSE;TRUE;FALSE;FALSE;FALSE;1;0;0;;0;0;
6134;;2025-07-10T14:30:00Z;48.98795661;8.39528316;Karlsruhe, Stadt;0;0;1;1;Unfall anderer Art;;;;hell;trocken;kein Aufprall;Unfall mit Leichtverletzten;Sonstiger Unfall;Nicht angepasste Geschwindigkeit – andere Fälle;;Fahrrad;;FALSE;TRUE;FALSE;FALSE;FALSE;1;0;0;;0;0;
6135;;2025-07-10T15:47:00Z;49.00754471;8.41879635;Karlsruhe, Stadt;0;0;1;1;Unfall anderer Art;;;;hell;trocken;kein Aufprall;Unfall mit Leichtverletzten;Sonstiger Unfall;Andere Fehler beim Fahrzeugführer;;Fahrrad;;FALSE;TRUE;FALSE;FALSE;FALSE;1;0;0;;0;0;
6136;;2025-07-10T16:25:00Z;48.96555325;8.406821021;Karlsruhe, Stadt;0;0;1;2;Zusammenstoß mit anfahrendem/anhaltendem/ruhendem Fahrzeug;;;;hell;trocken;kein Aufprall;Unfall mit Leichtverletzten;Unfall durch ruhenden Verkehr;Andere Fehler beim Fahrzeugführer;;Fahrrad;Pkw;FALSE;TRUE;TRUE;FALSE;FALSE;1;0;1;;0;0;
6137;;2025-07-10T16:50:00Z;49.03909496;8.436120125;Karlsruhe, Stadt;0;0;1;2;Zusammenstoß mit einbiegendem/kreuzendem Fahrzeug;Einmündung;Radverkehrsanlage neben der Fahrbahn / baulich getrennte RVA;;hell;trocken;kein Aufprall;Unfall mit Leichtverletzten;Abbiegeunfall;Nichtbeachten des Vorranges an Fußgängerüberwegen;;Pkw;Pedelec;FALSE;TRUE;TRUE;FALSE;FALSE;1;0;1;;0;0;
6138;;2025-07-10T17:34:00Z;49.02509747;8.423428386;Karlsruhe, Stadt;0;0;1;1;Unfall anderer Art;;;;hell;trocken;kein Aufprall;Unfall mit Leichtverletzten;Sonstiger Unfall;"Alkoholeinfluss; Andere Fehler beim Fahrzeugführer";;Fahrrad;;FALSE;TRUE;FALSE;FALSE;FALSE;1;0;0;;0;0;
6141;;2025-07-11T11:00:00Z;49.01253597;8.387727244;Karlsruhe, Stadt;0;0;0;4;Unfall anderer Art;Kreuzung;;;hell;trocken;kein Aufprall;Sonstiger Sachschadensunfall ohne Alkoholeinwirkung;Einbiege-/Kreuzen-Unfall;Nichtbeachten der Vorfahrt regelnden Verkehrszeichen;;Fahrrad;Pkw;;TRUE;TRUE;;;1;0;1;;0;0;
6144;;2025-07-11T12:55:00Z;48.99042051;8.403681063;Karlsruhe, Stadt;0;0;1;2;Unfall anderer Art;Einmündung;;;hell;trocken;kein Aufprall;Unfall mit Leichtverletzten;Einbiege-/Kreuzen-Unfall;Nichtbeachten der Vorfahrt regelnden Verkehrszeichen;;Pkw;Fahrrad;FALSE;TRUE;TRUE;FALSE;FALSE;1;0;1;;0;0;
6154;;2025-07-12T07:20:00Z;48.99093735;8.398923783;Karlsruhe, Stadt;0;0;2;2;Zusammenstoß mit entgegenkommendem Fahrzeug;;"Radverkehrsanlage neben der Fahrbahn / baulich getrennte RVA; Benutzungspflicht der Radverkehrsanlage";;hell;trocken;kein Aufprall;Unfall mit Leichtverletzten;Unfall im Längsverkehr;Benutzung der falschen Fahrbahn oder verbotswidrige Benutzung anderer Straßenteile;;Fahrrad;Fahrrad;FALSE;TRUE;FALSE;FALSE;FALSE;2;0;0;;0;0;
6159;;2025-07-12T13:49:00Z;49.00305956;8.371075596;Karlsruhe, Stadt;0;0;1;2;Zusammenstoß mit einbiegendem/kreuzendem Fahrzeug;Einmündung;;;hell;trocken;kein Aufprall;Unfall mit Leichtverletzten;Einbiege-/Kreuzen-Unfall;Nichtbeachten der Regel rechts vor links;;Pedelec;Pkw;FALSE;TRUE;TRUE;FALSE;FALSE;1;0;1;;0;0;
6162;;2025-07-12T16:00:00Z;49.01699495;8.368900783;Karlsruhe, Stadt;0;0;1;1;Unfall anderer Art;Einmündung;Haltestelle;;hell;trocken;kein Aufprall;Unfall mit Leichtverletzten;Sonstiger Unfall;Andere Fehler beim Fahrzeugführer;;Fahrrad;;FALSE;TRUE;FALSE;FALSE;FALSE;1;0;0;;0;0;
6165;;2025-07-12T18:55:00Z;49.01178272;8.407367433;Karlsruhe, Stadt;0;0;1;2;Zusammenstoß mit anfahrendem/anhaltendem/ruhendem Fahrzeug;;;;hell;trocken;kein Aufprall;Unfall mit Leichtverletzten;Unfall durch ruhenden Verkehr;Verkehrswidriges Verhalten beim Ein-/Aussteigen, Be-/Entladen;;Pkw;Fahrrad;FALSE;TRUE;TRUE;FALSE;FALSE;1;0;1;;0;0;
6168;;2025-07-13T14:18:00Z;49.0101542;8.404010062;Karlsruhe, Stadt;0;0;1;2;Zusammenstoß zwischen Fahrzeug und Fußgänger;;Arbeitsstelle;;hell;trocken;kein Aufprall;Unfall mit Leichtverletzten;Überschreiten-Unfall;"Nicht angepasste Geschwindigkeit – andere Fälle; Falsches Verhalten gegenüber Fußgängern an anderen Stellen";;Pkw;zu Fuß;TRUE;FALSE;TRUE;FALSE;FALSE;0;1;1;;0;0;
6176;;2025-07-14T13:18:00Z;49.00439567;8.38683066;Karlsruhe, Stadt;0;0;1;2;Zusammenstoß mit einbiegendem/kreuzendem Fahrzeug;Kreuzung;Radverkehrsanlage auf der Fahrbahn;;hell;nass;kein Aufprall;Unfall mit Leichtverletzten;Einbiege-/Kreuzen-Unfall;Nichtbeachten der Vorfahrt regelnden Verkehrszeichen;;Pkw;Fahrrad;FALSE;TRUE;TRUE;FALSE;FALSE;1;0;1;;0;0;
6182;;2025-07-14T15:30:00Z;49.04389977;8.389680192;Karlsruhe, Stadt;0;1;0;2;Unfall anderer Art;Einmündung;;;hell;trocken;kein Aufprall;Unfall mit Schwerverletzten;Einbiege-/Kreuzen-Unfall;Nicht angepasste Geschwindigkeit – andere Fälle;;Pkw;Fahrrad;FALSE;TRUE;TRUE;FALSE;FALSE;1;0;1;;0;0;
6197;;2025-07-16T02:34:00Z;49.00787008;8.403706375;Karlsruhe, Stadt;0;0;0;1;Abkommen von Fahrbahn nach rechts;;;;dunkel;trocken;sonstiges Hindernis;Sonstiger Sachschadensunfall unter Einfluss berauschender Mittel;Sonstiger Unfall;"Alkoholeinfluss; Andere Fehler beim Fahrzeugführer";;Fahrrad;;FALSE;TRUE;FALSE;FALSE;FALSE;1;0;0;;0;0;
6202;;2025-07-16T15:57:00Z;49.01685017;8.405703398;Karlsruhe, Stadt;0;1;0;2;Unfall anderer Art;;;;hell;nass;kein Aufprall;Unfall mit Schwerverletzten;Sonstiger Unfall;Sonstiges falsches Verhalten der Fußgänger;;zu Fuß;Fahrrad;TRUE;TRUE;FALSE;FALSE;FALSE;1;1;0;;0;0;
6209;;2025-07-17T07:40:00Z;48.99251127;8.33837386;Karlsruhe, Stadt;0;1;1;2;Zusammenstoß mit einbiegendem/kreuzendem Fahrzeug;Einmündung;;;hell;trocken;kein Aufprall;Unfall mit Schwerverletzten;Einbiege-/Kreuzen-Unfall;Verstoß gegen das Rechtsfahrgebot;;Fahrrad;Fahrrad;FALSE;TRUE;FALSE;FALSE;FALSE;2;0;0;;0;0;
6213;;2025-07-17T12:15:00Z;49.01114779;8.431864129;Karlsruhe, Stadt;0;0;0;2;Zusammenstoß mit vorausfahrendem/wartendem Fahrzeug;Kreuzung;;Lichtzeichenanlage in Betrieb;hell;trocken;kein Aufprall;Sonstiger Sachschadensunfall ohne Alkoholeinwirkung;Unfall im Längsverkehr;Ungenügender Sicherheitsabstand;;Fahrrad;Pkw;FALSE;TRUE;TRUE;FALSE;FALSE;1;0;1;;0;0;
6218;;2025-07-17T16:50:00Z;48.99322012;8.461700662;Karlsruhe, Stadt;0;0;2;2;Zusammenstoß mit einbiegendem/kreuzendem Fahrzeug;Einmündung;;;hell;trocken;kein Aufprall;Unfall mit Leichtverletzten;Einbiege-/Kreuzen-Unfall;Nichtbeachten der Regel rechts vor links;;Pkw;Pedelec;FALSE;TRUE;TRUE;FALSE;FALSE;1;0;1;;0;0;
6227;;2025-07-18T10:15:00Z;49.00468875;8.39110858;Karlsruhe, Stadt;0;0;1;2;Zusammenstoß mit vorausfahrendem/wartendem Fahrzeug;Kreuzung;;;hell;trocken;kein Aufprall;Unfall mit Leichtverletzten;Unfall im Längsverkehr;Ungenügender Sicherheitsabstand;;Fahrrad;Fahrrad;FALSE;TRUE;FALSE;FALSE;FALSE;2;0;0;;0;0;
6234;;2025-07-18T15:35:00Z;49.0040364;8.442877837;Karlsruhe, Stadt;0;0;1;1;Unfall anderer Art;;;;hell;trocken;sonstiges Hindernis;Unfall mit Leichtverletzten;Sonstiger Unfall;Andere Fehler beim Fahrzeugführer;;Fahrrad;;FALSE;TRUE;FALSE;FALSE;FALSE;1;0;0;;0;0;
6235;;2025-07-18T15:45:00Z;49.01038439;8.385942172;Karlsruhe, Stadt;0;0;1;2;Zusammenstoß mit seitlich in gleicher Richtung fahrendem Fahrzeug;;Radverkehrsanlage auf der Fahrbahn;;hell;trocken;kein Aufprall;Unfall mit Leichtverletzten;Unfall im Längsverkehr;Andere Fehler beim Fahrzeugführer;;Pkw;Fahrrad;FALSE;TRUE;TRUE;FALSE;FALSE;1;0;1;;0;0;
6239;;2025-07-18T22:07:00Z;49.0123964;8.357368714;Karlsruhe, Stadt;0;1;0;3;Unfall anderer Art;;;;dunkel;trocken;kein Aufprall;Unfall mit Schwerverletzten;Sonstiger Unfall;Andere Fehler der Fußgänger;;zu Fuß;Pkw;TRUE;;TRUE;;;0;1;1;;0;0;
6240;;2025-07-19T07:30:00Z;49.03456222;8.352113108;Karlsruhe, Stadt;0;0;0;2;Zusammenstoß mit anfahrendem/anhaltendem/ruhendem Fahrzeug;;;;hell;trocken;kein Aufprall;Sonstiger Sachschadensunfall ohne Alkoholeinwirkung;Sonstiger Unfall;"Seitenabstand; Benutzung der falschen Fahrbahn oder verbotswidrige Benutzung anderer Straßenteile";;Fahrrad;Pkw;FALSE;TRUE;TRUE;FALSE;FALSE;1;0;1;;0;0;
6242;;2025-07-19T12:00:00Z;49.00222746;8.454993658;Karlsruhe, Stadt;0;0;0;2;Zusammenstoß mit einbiegendem/kreuzendem Fahrzeug;Einmündung;Radverkehrsanlage auf der Fahrbahn;;hell;trocken;kein Aufprall;Sonstiger Sachschadensunfall ohne Alkoholeinwirkung;Einbiege-/Kreuzen-Unfall;Nichtbeachten der Vorfahrt regelnden Verkehrszeichen;Benutzung der falschen Fahrbahn oder verbotswidrige Benutzung anderer Straßenteile;Pkw;Pedelec;FALSE;TRUE;TRUE;FALSE;FALSE;1;0;1;;0;0;
6245;;2025-07-19T15:10:00Z;49.00219953;8.454990641;Karlsruhe, Stadt;0;0;1;2;Zusammenstoß mit einbiegendem/kreuzendem Fahrzeug;Einmündung;Radverkehrsanlage auf der Fahrbahn;;hell;trocken;kein Aufprall;Unfall mit Leichtverletzten;Einbiege-/Kreuzen-Unfall;Nichtbeachten der Vorfahrt regelnden Verkehrszeichen;Benutzung der falschen Fahrbahn oder verbotswidrige Benutzung anderer Straßenteile;Pkw;Fahrrad;FALSE;TRUE;TRUE;FALSE;FALSE;1;0;1;;0;0;
6250;;2025-07-19T22:41:00Z;49.00719892;8.390553765;Karlsruhe, Stadt;0;1;0;2;Zusammenstoß mit seitlich in gleicher Richtung fahrendem Fahrzeug;;;;dunkel;trocken;kein Aufprall;Unfall mit Schwerverletzten;Unfall im Längsverkehr;"Alkoholeinfluss; Sonstige Fehler beim Überholen";;Fahrrad;Pedelec;FALSE;TRUE;FALSE;FALSE;FALSE;2;0;0;;0;0;
6251;;2025-07-20T09:00:00Z;49.00574041;8.419270753;Karlsruhe, Stadt;0;0;0;2;Zusammenstoß mit anfahrendem/anhaltendem/ruhendem Fahrzeug;;;;hell;trocken;kein Aufprall;Sonstiger Sachschadensunfall ohne Alkoholeinwirkung;Unfall durch ruhenden Verkehr;Seitenabstand;;Fahrrad;Pkw;FALSE;TRUE;TRUE;FALSE;FALSE;1;0;1;;0;0;
6257;;2025-07-21T08:00:00Z;48.99781047;8.35225382;Karlsruhe, Stadt;0;0;1;1;Unfall anderer Art;;;;hell;trocken;sonstiges Hindernis;Unfall mit Leichtverletzten;Sonstiger Unfall;Andere Fehler beim Fahrzeugführer;;Fahrrad;;FALSE;TRUE;FALSE;FALSE;FALSE;1;0;0;;0;0;
6259;;2025-07-21T09:30:00Z;49.01029761;8.387551142;Karlsruhe, Stadt;0;0;1;2;Zusammenstoß zwischen Fahrzeug und Fußgänger;;Fußgängerfurt;;hell;trocken;kein Aufprall;Unfall mit Leichtverletzten;Sonstiger Unfall;Falsches Verhalten gegenüber Fußgängern an Fußgängerfurten;Sonstiges falsches Verhalten der Fußgänger;Fahrrad;zu Fuß;TRUE;TRUE;FALSE;FALSE;FALSE;1;1;0;;0;0;
6260;;2025-07-21T09:45:00Z;49.01928094;8.355341514;Karlsruhe, Stadt;0;0;1;2;Zusammenstoß mit einbiegendem/kreuzendem Fahrzeug;Grundstücksein-/ausfahrt;"Benutzungspflicht der Radverkehrsanlage; Radverkehrsanlage auf der Fahrbahn";;hell;trocken;kein Aufprall;Unfall mit Leichtverletzten;Einbiege-/Kreuzen-Unfall;Fehler beim Einfahren in den fließenden Verkehr;Benutzung der falschen Fahrbahn oder verbotswidrige Benutzung anderer Straßenteile;Pkw;Pedelec;FALSE;TRUE;TRUE;FALSE;FALSE;1;0;1;;0;0;
6263;;2025-07-21T10:25:00Z;49.00000779;8.34889594;Karlsruhe, Stadt;0;0;1;2;Zusammenstoß mit einbiegendem/kreuzendem Fahrzeug;Einmündung;Radverkehrsanlage neben der Fahrbahn / baulich getrennte RVA;;hell;trocken;kein Aufprall;Unfall mit Leichtverletzten;Einbiege-/Kreuzen-Unfall;Nichtbeachten der Vorfahrt regelnden Verkehrszeichen;;Pkw;Fahrrad;FALSE;TRUE;TRUE;FALSE;FALSE;1;0;1;;0;0;
6276;;2025-07-22T13:25:00Z;49.01349685;8.418319007;Karlsruhe, Stadt;0;0;0;2;Zusammenstoß mit einbiegendem/kreuzendem Fahrzeug;Einmündung;Fußgängerfurt;Lichtzeichenanlage in Betrieb;hell;nass;kein Aufprall;Sonstiger Sachschadensunfall ohne Alkoholeinwirkung;Abbiegeunfall;Nichtbeachten des Vorranges an Fußgängerüberwegen;;Pkw;Fahrrad;FALSE;TRUE;TRUE;FALSE;FALSE;1;0;1;;0;0;
6293;;2025-07-23T12:50:00Z;49.00828845;8.402744391;Karlsruhe, Stadt;0;0;1;2;Zusammenstoß mit einbiegendem/kreuzendem Fahrzeug;Grundstücksein-/ausfahrt;;;hell;trocken;kein Aufprall;Unfall mit Leichtverletzten;Einbiege-/Kreuzen-Unfall;Fehler beim Einfahren in den fließenden Verkehr;;Pkw;Fahrrad;FALSE;TRUE;TRUE;FALSE;FALSE;1;0;1;;0;0;
6302;;2025-07-24T10:13:00Z;49.01058308;8.401724045;Karlsruhe, Stadt;0;0;3;2;Zusammenstoß zwischen Fahrzeug und Fußgänger;;;;hell;trocken;kein Aufprall;Unfall mit Leichtverletzten;Überschreiten-Unfall;Falsches Verhalten gegenüber Fußgängern an anderen Stellen;Andere Fehler der Fußgänger;Moped;zu Fuß;TRUE;FALSE;FALSE;TRUE;FALSE;0;1;0;;1;0;
6311;;2025-07-24T16:25:00Z;48.99997695;8.385953764;Karlsruhe, Stadt;0;0;1;2;Zusammenstoß mit einbiegendem/kreuzendem Fahrzeug;Kreuzung;;Lichtzeichenanlage in Betrieb;hell;trocken;kein Aufprall;Unfall mit Leichtverletzten;Abbiegeunfall;Fehler beim Abbiegen;;Pkw;Fahrrad;FALSE;TRUE;TRUE;FALSE;FALSE;1;0;1;;0;0;
6314;;2025-07-24T18:50:00Z;48.99609925;8.392044316;Karlsruhe, Stadt;0;0;1;1;Unfall anderer Art;Kreuzung;Arbeitsstelle;;Dämmerung;trocken;kein Aufprall;Unfall mit Leichtverletzten;Fahrunfall;Nicht angepasste Geschwindigkeit – andere Fälle;;Fahrrad;;FALSE;TRUE;FALSE;FALSE;FALSE;1;0;0;;0;0;
6317;;2025-07-25T05:40:00Z;48.99531434;8.374564188;Karlsruhe, Stadt;0;1;0;1;Unfall anderer Art;Gefälle;;;hell;trocken;kein Aufprall;Unfall mit Schwerverletzten;Sonstiger Unfall;Andere technische Mängel;;Fahrrad;;FALSE;TRUE;FALSE;FALSE;FALSE;1;0;0;;0;0;
6319;;2025-07-25T06:05:00Z;49.01468891;8.387824007;Karlsruhe, Stadt;0;0;1;2;Unfall anderer Art;Kreuzung;"Radverkehrsanlage auf der Fahrbahn; Benutzungspflicht der Radverkehrsanlage";Lichtzeichenanlage in Betrieb;hell;trocken;kein Aufprall;Unfall mit Leichtverletzten;Abbiegeunfall;Nichtbeachten des Vorranges an Fußgängerüberwegen;;Pkw;Fahrrad;FALSE;TRUE;TRUE;FALSE;FALSE;1;0;1;;0;0;
6320;;2025-07-25T09:35:00Z;48.98474932;8.397783152;Karlsruhe, Stadt;0;0;1;2;Zusammenstoß mit anfahrendem/anhaltendem/ruhendem Fahrzeug;;;;hell;trocken;kein Aufprall;Unfall mit Leichtverletzten;Unfall durch ruhenden Verkehr;Verkehrswidriges Verhalten beim Ein-/Aussteigen, Be-/Entladen;;Pkw;Fahrrad;FALSE;TRUE;TRUE;FALSE;FALSE;1;0;1;;0;0;
6331;;2025-07-26T08:35:00Z;48.95153568;8.505624957;Karlsruhe, Stadt;0;0;1;2;Zusammenstoß mit einbiegendem/kreuzendem Fahrzeug;Kreuzung;;;hell;trocken;kein Aufprall;Unfall mit Leichtverletzten;Einbiege-/Kreuzen-Unfall;Nichtbeachten der Regel rechts vor links;;Fahrrad;Pkw;FALSE;TRUE;TRUE;FALSE;FALSE;1;0;1;;0;0;
6334;;2025-07-26T12:49:00Z;49.00909738;8.352557108;Karlsruhe, Stadt;0;0;1;2;Zusammenstoß mit einbiegendem/kreuzendem Fahrzeug;;;;hell;trocken;kein Aufprall;Unfall mit Leichtverletzten;Sonstiger Unfall;Andere Fehler beim Fahrzeugführer;;Fahrrad;Pkw;FALSE;TRUE;TRUE;FALSE;FALSE;1;0;1;;0;0;
6337;;2025-07-26T15:55:00Z;48.98263287;8.461306346;Karlsruhe, Stadt;0;0;1;1;Unfall anderer Art;;Radverkehrsanlage neben der Fahrbahn / baulich getrennte RVA;;hell;nass;kein Aufprall;Unfall mit Leichtverletzten;Fahrunfall;Nicht angepasste Geschwindigkeit – andere Fälle;;Pedelec;;FALSE;TRUE;FALSE;FALSE;FALSE;1;0;0;;0;0;
6339;;2025-07-26T16:30:00Z;49.01037923;8.385528517;Karlsruhe, Stadt;0;0;1;2;Zusammenstoß zwischen Fahrzeug und Fußgänger;;Radverkehrsanlage auf der Fahrbahn;;hell;nass;kein Aufprall;Unfall mit Leichtverletzten;Unfall im Längsverkehr;Sonstiges falsches Verhalten der Fußgänger;Falsches Verhalten gegenüber Fußgängern an anderen Stellen;zu Fuß;Fahrrad;TRUE;TRUE;FALSE;FALSE;FALSE;1;1;0;;0;0;