Unfall_ID;Original_Unfall_ID;Datum + Uhrzeit;Koordinaten Breitengrad;Koordinaten Längengrad;Gemeinde;Anzahl der Getöteten;Anzahl der Schwerverletzten;Anzahl der Leichtverletzten;Anzahl Beteiligte;Unfallart;Charakteristik;Besonderheiten;Lichtzeichenanlage;Lichtverhältnisse;Straßenzustand;Aufprall auf Hindernis;Unfallkategorie;Unfalltyp;Beteiligter 1: Ursachen;Beteiligter 2: Ursachen;Beteiligter 1: Verkehrsbeteiligung;Beteiligter 2: Verkehrsbeteiligung;beteiligt_fuss;beteiligt_fahrrad;beteiligt_pkw;beteiligt_sonst_kfz;beteiligt_sonst;Anzahl Fahrrad;Anzahl zu Fuß;Anzahl Pkw;Anzahl Pkw/Lkw/Bus;Anzahl sonstige Kfz;Anzahl sonstige;Anzahl sonstige Verkehrsmittel
7033;;2025-09-26T16:10:00Z;49.0086439;8.39508051;Karlsruhe, Stadt;0;0;1;2;Zusammenstoß zwischen Fahrzeug und Fußgänger;;;;hell;trocken;kein Aufprall;Unfall mit Leichtverletzten;Unfall im Längsverkehr;Andere Fehler beim Fahrzeugführer;;Fahrrad;zu Fuß;TRUE;TRUE;FALSE;FALSE;FALSE;1;1;0;;0;0;
7034;;2025-09-26T16:30:00Z;49.00075515;8.410591229;Karlsruhe, Stadt;0;1;0;2;Unfall anderer Art;;Haltestelle;;Dämmerung;trocken;kein Aufprall;Unfall mit Schwerverletzten;Sonstiger Unfall;"Alkoholeinfluss; Sonstiges falsches Verhalten der Fußgänger";;zu Fuß;Tram;TRUE;FALSE;FALSE;TRUE;FALSE;0;1;0;;1;0;
7043;;2025-09-27T14:15:00Z;49.04481027;8.389777722;Karlsruhe, Stadt;0;0;0;2;Zusammenstoß mit einbiegendem/kreuzendem Fahrzeug;Kreisverkehr;;;hell;trocken;kein Aufprall;Sonstiger Sachschadensunfall ohne Alkoholeinwirkung;Einbiege-/Kreuzen-Unfall;Nichtbeachten der Vorfahrt regelnden Verkehrszeichen;;Pkw;Pedelec;FALSE;TRUE;TRUE;FALSE;FALSE;1;0;1;;0;0;
7046;;2025-09-27T18:36:00Z;49.01678603;8.388503376;Karlsruhe, Stadt;0;0;1;1;Unfall anderer Art;;;;dunkel;trocken;sonstiges Hindernis;Unfall mit Leichtverletzten;Sonstiger Unfall;"Andere Fehler beim Fahrzeugführer; Unbekannter Code 6";;Fahrrad;;FALSE;TRUE;FALSE;FALSE;FALSE;1;0;0;;0;0;
7049;;2025-09-27T22:58:00Z;49.00852923;8.407252078;Karlsruhe, Stadt;0;0;1;1;Unfall anderer Art;;;;dunkel;trocken;kein Aufprall;Unfall mit Leichtverletzten;Sonstiger Unfall;Andere Fehler beim Fahrzeugführer;;Fahrrad;;FALSE;TRUE;FALSE;FALSE;FALSE;1;0;0;;0;0;
7053;;2025-09-28T18:13:00Z;49.02889783;8.36509475;Karlsruhe, Stadt;0;1;0;2;Zusammenstoß mit anfahrendem/anhaltendem/ruhendem Fahrzeug;;;;dunkel;trocken;kein Aufprall;Unfall mit Schwerverletzten;Unfall durch ruhenden Verkehr;"Alkoholeinfluss; Seitenabstand";;Pedelec;Pkw;FALSE;TRUE;TRUE;FALSE;FALSE;1;0;1;;0;0;
7060;;2025-09-29T08:15:00Z;49.02636915;8.357537087;Karlsruhe, Stadt;0;0;1;2;Zusammenstoß zwischen Fahrzeug und Fußgänger;Grundstücksein-/ausfahrt;;;hell;trocken;kein Aufprall;Unfall mit Leichtverletzten;Einbiege-/Kreuzen-Unfall;Fehler beim Einfahren in den fließenden Verkehr;;Pkw;zu Fuß;TRUE;FALSE;TRUE;FALSE;FALSE;0;1;1;;0;0;
7063;;2025-09-29T12:00:00Z;49.00868586;8.373573495;Karlsruhe, Stadt;0;0;1;1;Unfall anderer Art;Kreuzung;;Lichtzeichenanlage in Betrieb;hell;trocken;kein Aufprall;Unfall mit Leichtverletzten;Fahrunfall;Andere Fehler beim Fahrzeugführer;;Fahrrad;;FALSE;TRUE;FALSE;FALSE;FALSE;1;0;0;;0;0;
7064;;2025-09-29T12:45:00Z;49.018247;8.35546257;Karlsruhe, Stadt;0;0;1;2;Zusammenstoß mit einbiegendem/kreuzendem Fahrzeug;;;;hell;trocken;kein Aufprall;Unfall mit Leichtverletzten;Einbiege-/Kreuzen-Unfall;Fehler beim Ein- und Ausparken;;Pkw;Fahrrad;FALSE;TRUE;TRUE;FALSE;FALSE;1;0;1;;0;0;
7065;;2025-09-29T13:15:00Z;49.00410567;8.414977226;Karlsruhe, Stadt;0;0;1;2;Zusammenstoß mit einbiegendem/kreuzendem Fahrzeug;Kreuzung;;;hell;trocken;kein Aufprall;Unfall mit Leichtverletzten;Einbiege-/Kreuzen-Unfall;Nichtbeachten der Vorfahrt regelnden Verkehrszeichen;;Pkw;Fahrrad;FALSE;TRUE;TRUE;FALSE;FALSE;1;0;1;;0;0;
7068;;2025-09-29T14:00:00Z;48.9981737;8.409742378;Karlsruhe, Stadt;0;0;0;2;Zusammenstoß mit anfahrendem/anhaltendem/ruhendem Fahrzeug;;;;hell;trocken;sonstiges Hindernis;Sonstiger Sachschadensunfall ohne Alkoholeinwirkung;Sonstiger Unfall;Fehler beim Ein- und Ausparken;;sonstige;Fahrrad;FALSE;TRUE;FALSE;FALSE;TRUE;1;0;0;;0;1;
7079;;2025-09-30T14:45:00Z;49.00796913;8.415270288;Karlsruhe, Stadt;0;0;1;2;Unfall anderer Art;;;;hell;trocken;kein Aufprall;Unfall mit Leichtverletzten;Unfall durch ruhenden Verkehr;Fehler beim Einfahren in den fließenden Verkehr;;Lkw/Lieferwagen;Fahrrad;FALSE;TRUE;FALSE;TRUE;FALSE;1;0;0;;1;0;
7085;;2025-10-01T12:20:00Z;49.00980018;8.389205487;Karlsruhe, Stadt;0;0;1;2;Zusammenstoß zwischen Fahrzeug und Fußgänger;;;;hell;trocken;kein Aufprall;Unfall mit Leichtverletzten;Überschreiten-Unfall;Überschreiten der Fahrbahn ohne auf den Fahrzeugverkehr zu achten;;zu Fuß;Pkw;TRUE;FALSE;TRUE;FALSE;FALSE;0;1;1;;0;0;
7097;;2025-10-02T13:04:00Z;49.01633268;8.377703943;Karlsruhe, Stadt;0;1;0;1;Unfall anderer Art;Einmündung;Arbeitsstelle;;hell;trocken;kein Aufprall;Unfall mit Schwerverletzten;Sonstiger Unfall;"Andere Fehler beim Fahrzeugführer; Unbekannter Code 6";;Fahrrad;;FALSE;TRUE;FALSE;FALSE;FALSE;1;0;0;;0;0;
7100;;2025-10-02T16:01:00Z;49.00325714;8.33530209;Karlsruhe, Stadt;0;0;0;2;Zusammenstoß mit einbiegendem/kreuzendem Fahrzeug;Kreuzung;;;Dämmerung;trocken;kein Aufprall;Sonstiger Sachschadensunfall ohne Alkoholeinwirkung;Einbiege-/Kreuzen-Unfall;Andere Fehler beim Fahrzeugführer;Fehler beim Einfahren in den fließenden Verkehr;Pkw;Fahrrad;FALSE;TRUE;TRUE;FALSE;FALSE;1;0;1;;0;0;
7114;;2025-10-04T19:47:00Z;49.0271951;8.375989922;Karlsruhe, Stadt;0;0;1;2;Zusammenstoß zwischen Fahrzeug und Fußgänger;;;;dunkel;trocken;kein Aufprall;Unfall mit Leichtverletzten;Sonstiger Unfall;Falsches Verhalten gegenüber Fußgängern an anderen Stellen;;Fahrrad;zu Fuß;TRUE;TRUE;FALSE;FALSE;FALSE;1;1;0;;0;0;
7120;;2025-10-05T16:00:00Z;49.00832519;8.398963459;Karlsruhe, Stadt;0;0;1;1;Unfall anderer Art;;;;hell;nass;kein Aufprall;Unfall mit Leichtverletzten;Sonstiger Unfall;Andere Fehler beim Fahrzeugführer;;Fahrrad;;FALSE;TRUE;FALSE;FALSE;FALSE;1;0;0;;0;0;
7123;;2025-10-06T07:39:00Z;49.0003711;8.462962706;Karlsruhe, Stadt;0;0;1;1;Unfall anderer Art;Gefälle;;;hell;na/sch;kein Aufprall;Unfall mit Leichtverletzten;Fahrunfall;Nicht angepasste Geschwindigkeit – andere Fälle;;Pedelec;;FALSE;TRUE;FALSE;FALSE;FALSE;1;0;0;;0;0;
7125;;2025-10-06T13:55:00Z;49.01570085;8.435789188;Karlsruhe, Stadt;0;1;0;2;Zusammenstoß mit einbiegendem/kreuzendem Fahrzeug;;Schienengleicher Wegübergang;;hell;nass;sonstiges Hindernis;Unfall mit Schwerverletzten;Einbiege-/Kreuzen-Unfall;Nichtbeachten des Vorranges von Schienenfahrzeugen an Bahnübergängen;;Fahrrad;Tram;FALSE;TRUE;FALSE;TRUE;FALSE;1;0;0;;1;0;
7128;;2025-10-07T05:45:00Z;49.00573594;8.450589986;Karlsruhe, Stadt;0;0;1;1;Unfall anderer Art;;;;Dämmerung;trocken;sonstiges Hindernis;Unfall mit Leichtverletzten;Sonstiger Unfall;"Andere Fehler beim Fahrzeugführer; Unbekannter Code 6";;Fahrrad;;FALSE;TRUE;FALSE;FALSE;FALSE;1;0;0;;0;0;
7157;;2025-10-10T12:04:00Z;49.00333567;8.447932998;Karlsruhe, Stadt;0;0;0;2;Zusammenstoß mit einbiegendem/kreuzendem Fahrzeug;Einmündung;Radverkehrsanlage auf der Fahrbahn;;hell;trocken;kein Aufprall;Sonstiger Sachschadensunfall ohne Alkoholeinwirkung;Einbiege-/Kreuzen-Unfall;Nichtbeachten der Vorfahrt regelnden Verkehrszeichen;;Pkw;Fahrrad;FALSE;TRUE;TRUE;FALSE;FALSE;1;0;1;;0;0;
7168;;2025-10-11T08:18:00Z;49.00969136;8.40664718;Karlsruhe, Stadt;0;0;2;2;Zusammenstoß zwischen Fahrzeug und Fußgänger;;;;hell;trocken;kein Aufprall;Unfall mit Leichtverletzten;Überschreiten-Unfall;"Nicht angepasste Geschwindigkeit – andere Fälle; Falsches Verhalten gegenüber Fußgängern an anderen Stellen";Überschreiten der Fahrbahn ohne auf den Fahrzeugverkehr zu achten;Fahrrad;zu Fuß;TRUE;TRUE;FALSE;FALSE;FALSE;1;1;0;;0;0;
7173;;2025-10-11T14:00:00Z;49.0113905;8.368768228;Karlsruhe, Stadt;0;0;1;2;Zusammenstoß mit vorausfahrendem/wartendem Fahrzeug;Kreuzung;Radverkehrsanlage auf der Fahrbahn;Lichtzeichenanlage in Betrieb;hell;trocken;kein Aufprall;Unfall mit Leichtverletzten;Unfall im Längsverkehr;Ungenügender Sicherheitsabstand;;sonstige;Fahrrad;FALSE;TRUE;FALSE;FALSE;TRUE;1;0;0;;0;1;
7177;;2025-10-11T18:06:00Z;49.0053791;8.404983278;Karlsruhe, Stadt;0;0;0;3;Unfall anderer Art;;;Lichtzeichenanlage in Betrieb;dunkel;trocken;kein Aufprall;Sonstiger Sachschadensunfall ohne Alkoholeinwirkung;Überschreiten-Unfall;Falsches Verhalten beim Überschreiten der Fahrbahn in der Nähe von Kreuzungen, Einmündungen, Lichtzeichenanlagen oder Fußgängerüberwegen bzw. bei dichtem Verkehr an anderen Stellen;"Ungenügender Sicherheitsabstand; Unbekannter Code 6";zu Fuß;Motorrad/Motorroller;TRUE;;;TRUE;;0;1;0;;1;0;
7178;;2025-10-11T18:45:00Z;49.00817295;8.376405203;Karlsruhe, Stadt;0;0;1;3;Abkommen von Fahrbahn nach rechts;;;;dunkel;trocken;kein Aufprall;Unfall mit Leichtverletzten;Fahrunfall;"Nicht angepasste Geschwindigkeit – andere Fälle; Ungenügender Sicherheitsabstand";;Pedelec;Pkw;;TRUE;TRUE;;;1;0;1;;0;0;
7180;;2025-10-12T10:05:00Z;49.0077913;8.432799328;Karlsruhe, Stadt;0;0;0;2;Zusammenstoß mit entgegenkommendem Fahrzeug;;;;hell;trocken;kein Aufprall;Sonstiger Sachschadensunfall ohne Alkoholeinwirkung;Unfall im Längsverkehr;Benutzung der falschen Fahrbahn oder verbotswidrige Benutzung anderer Straßenteile;;Fahrrad;Pkw;FALSE;TRUE;TRUE;FALSE;FALSE;1;0;1;;0;0;
7183;;2025-10-13T04:50:00Z;48.99148163;8.401325587;Karlsruhe, Stadt;0;0;1;2;Zusammenstoß mit einbiegendem/kreuzendem Fahrzeug;Einmündung;;;dunkel;trocken;kein Aufprall;Unfall mit Leichtverletzten;Einbiege-/Kreuzen-Unfall;Fehler beim Einfahren in den fließenden Verkehr;Benutzung der falschen Fahrbahn oder verbotswidrige Benutzung anderer Straßenteile;Pkw;Fahrrad;FALSE;TRUE;TRUE;FALSE;FALSE;1;0;1;;0;0;
7187;;2025-10-13T08:45:00Z;48.99951971;8.468532397;Karlsruhe, Stadt;0;0;0;2;Zusammenstoß mit anfahrendem/anhaltendem/ruhendem Fahrzeug;;Verkehrsberuhigter Bereich;;hell;trocken;kein Aufprall;Sonstiger Sachschadensunfall ohne Alkoholeinwirkung;Unfall durch ruhenden Verkehr;Seitenabstand;;Fahrrad;Pkw;FALSE;TRUE;TRUE;FALSE;FALSE;1;0;1;;0;0;
7188;;2025-10-13T09:00:00Z;49.0072962;8.406292749;Karlsruhe, Stadt;0;0;1;1;Unfall anderer Art;;;;hell;trocken;sonstiges Hindernis;Unfall mit Leichtverletzten;Sonstiger Unfall;Andere Fehler beim Fahrzeugführer;;Fahrrad;;FALSE;TRUE;FALSE;FALSE;FALSE;1;0;0;;0;0;
7196;;2025-10-14T09:45:00Z;48.99466975;8.469026395;Karlsruhe, Stadt;0;0;1;2;Zusammenstoß mit einbiegendem/kreuzendem Fahrzeug;Einmündung;;;hell;trocken;kein Aufprall;Unfall mit Leichtverletzten;Einbiege-/Kreuzen-Unfall;Fehler beim Einfahren in den fließenden Verkehr;;Fahrrad;Fahrrad;FALSE;TRUE;FALSE;FALSE;FALSE;2;0;0;;0;0;
7199;;2025-10-14T12:35:00Z;49.00441976;8.442093267;Karlsruhe, Stadt;0;0;1;2;Zusammenstoß mit einbiegendem/kreuzendem Fahrzeug;Einmündung;"Radverkehrsanlage auf der Fahrbahn; Benutzungspflicht der Radverkehrsanlage";;hell;trocken;kein Aufprall;Unfall mit Leichtverletzten;Einbiege-/Kreuzen-Unfall;Nichtbeachten der Vorfahrt regelnden Verkehrszeichen;Benutzung der falschen Fahrbahn oder verbotswidrige Benutzung anderer Straßenteile;Pkw;Pedelec;FALSE;TRUE;TRUE;FALSE;FALSE;1;0;1;;0;0;
7212;;2025-10-15T14:50:00Z;49.01887343;8.389599527;Karlsruhe, Stadt;0;0;1;2;Zusammenstoß mit einbiegendem/kreuzendem Fahrzeug;Kreuzung;"Radverkehrsanlage neben der Fahrbahn / baulich getrennte RVA; Benutzungspflicht der Radverkehrsanlage";Lichtzeichenanlage in Betrieb;hell;trocken;kein Aufprall;Unfall mit Leichtverletzten;Abbiegeunfall;Nichtbeachten des Vorranges an Fußgängerüberwegen;;Pkw;Fahrrad;FALSE;TRUE;TRUE;FALSE;FALSE;1;0;1;;0;0;
7215;;2025-10-15T15:31:00Z;48.99387067;8.362335243;Karlsruhe, Stadt;0;0;1;2;Zusammenstoß zwischen Fahrzeug und Fußgänger;Kurve;;;hell;trocken;sonstiges Hindernis;Unfall mit Leichtverletzten;Sonstiger Unfall;Falsches Verhalten gegenüber Fußgängern an anderen Stellen;;Pkw;zu Fuß;TRUE;FALSE;TRUE;FALSE;FALSE;0;1;1;;0;0;
7219;;2025-10-16T13:30:00Z;49.01098091;8.358009776;Karlsruhe, Stadt;0;0;1;2;Unfall anderer Art;Grundstücksein-/ausfahrt;;;hell;trocken;Baum;Unfall mit Leichtverletzten;Sonstiger Unfall;Andere Fehler beim Fahrzeugführer;;Lkw/Lieferwagen;zu Fuß;TRUE;FALSE;FALSE;TRUE;FALSE;0;1;0;;1;0;
7221;;2025-10-16T14:10:00Z;49.02740856;8.363700135;Karlsruhe, Stadt;0;0;1;2;Zusammenstoß mit einbiegendem/kreuzendem Fahrzeug;Kreuzung;;;hell;trocken;kein Aufprall;Unfall mit Leichtverletzten;Einbiege-/Kreuzen-Unfall;Nichtbeachten der Regel rechts vor links;;Fahrrad;Pkw;FALSE;TRUE;TRUE;FALSE;FALSE;1;0;1;;0;0;
7241;;2025-10-18T15:00:00Z;48.99642573;8.38049065;Karlsruhe, Stadt;0;0;1;2;Zusammenstoß mit einbiegendem/kreuzendem Fahrzeug;;;;hell;trocken;kein Aufprall;Unfall mit Leichtverletzten;Einbiege-/Kreuzen-Unfall;"Andere Fehler beim Fahrzeugführer; Unbekannter Code 6";;Fahrrad;Pkw;FALSE;TRUE;TRUE;FALSE;FALSE;1;0;1;;0;0;
7242;;2025-10-18T15:30:00Z;49.01593651;8.413379175;Karlsruhe, Stadt;0;0;1;1;Unfall anderer Art;;;;hell;trocken;kein Aufprall;Unfall mit Leichtverletzten;Sonstiger Unfall;"Alkoholeinfluss; Andere Fehler beim Fahrzeugführer";;Fahrrad;;FALSE;TRUE;FALSE;FALSE;FALSE;1;0;0;;0;0;
7244;;2025-10-18T17:12:00Z;49.00995547;8.389176891;Karlsruhe, Stadt;0;0;1;2;Zusammenstoß mit einbiegendem/kreuzendem Fahrzeug;Einmündung;;;dunkel;trocken;kein Aufprall;Unfall mit Leichtverletzten;Einbiege-/Kreuzen-Unfall;Nichtbeachten der Vorfahrt regelnden Verkehrszeichen;Unbekannter Code 9;Pkw;Fahrrad;FALSE;TRUE;TRUE;FALSE;FALSE;1;0;1;;0;0;
7247;;2025-10-19T11:25:00Z;48.98371521;8.401810504;Karlsruhe, Stadt;0;0;1;2;Zusammenstoß mit einbiegendem/kreuzendem Fahrzeug;Kreuzung;;;hell;trocken;kein Aufprall;Unfall mit Leichtverletzten;Unfall durch ruhenden Verkehr;Verstoß gegen das Rechtsfahrgebot;;Pkw;Fahrrad;FALSE;TRUE;TRUE;FALSE;FALSE;1;0;1;;0;0;
7256;;2025-10-20T15:40:00Z;48.96623626;8.397551592;Karlsruhe, Stadt;0;1;0;2;Unfall anderer Art;Einmündung;;;hell;nass;kein Aufprall;Unfall mit Schwerverletzten;Einbiege-/Kreuzen-Unfall;Verstoß gegen das Rechtsfahrgebot;;Fahrrad;Pedelec;FALSE;TRUE;FALSE;FALSE;FALSE;2;0;0;;0;0;
7266;;2025-10-21T11:35:00Z;49.01443607;8.391620275;Karlsruhe, Stadt;0;0;1;1;Unfall anderer Art;Einmündung;Radverkehrsanlage neben der Fahrbahn / baulich getrennte RVA;;hell;na/sch;kein Aufprall;Unfall mit Leichtverletzten;Einbiege-/Kreuzen-Unfall;Nicht angepasste Geschwindigkeit – andere Fälle;;Pedelec;;FALSE;TRUE;FALSE;FALSE;FALSE;1;0;0;;0;0;
7271;;2025-10-21T14:30:00Z;49.01152387;8.36487191;Karlsruhe, Stadt;0;0;1;2;Zusammenstoß zwischen Fahrzeug und Fußgänger;;;;hell;trocken;kein Aufprall;Unfall mit Leichtverletzten;Sonstiger Unfall;Fehler beim Wenden oder Rückwärtsfahren;;Pkw;zu Fuß;TRUE;FALSE;TRUE;FALSE;FALSE;0;1;1;;0;0;
7276;;2025-10-21T21:00:00Z;49.08968889;8.436027372;Karlsruhe, Stadt;0;0;1;1;Unfall anderer Art;;;;dunkel;nass;kein Aufprall;Unfall mit Leichtverletzten;Sonstiger Unfall;Andere Fehler beim Fahrzeugführer;;Fahrrad;;FALSE;TRUE;FALSE;FALSE;FALSE;1;0;0;;0;0;
7279;;2025-10-22T06:00:00Z;49.02895419;8.430579171;Karlsruhe, Stadt;0;0;1;2;Zusammenstoß mit einbiegendem/kreuzendem Fahrzeug;Einmündung;Radverkehrsanlage neben der Fahrbahn / baulich getrennte RVA;;hell;na/sch;kein Aufprall;Unfall mit Leichtverletzten;Abbiegeunfall;Nichtbeachten des Vorranges an Fußgängerüberwegen;;Pkw;Fahrrad;FALSE;TRUE;TRUE;FALSE;FALSE;1;0;1;;0;0;
7287;;2025-10-22T13:15:00Z;49.00348991;8.381369914;Karlsruhe, Stadt;0;0;1;2;Zusammenstoß mit einbiegendem/kreuzendem Fahrzeug;Einmündung;Radverkehrsanlage auf der Fahrbahn;;hell;nass;kein Aufprall;Unfall mit Leichtverletzten;Einbiege-/Kreuzen-Unfall;Nichtbeachten der Vorfahrt regelnden Verkehrszeichen;;Pkw;Fahrrad;FALSE;TRUE;TRUE;FALSE;FALSE;1;0;1;;0;0;
7292;;2025-10-22T20:00:00Z;48.99871805;8.38583316;Karlsruhe, Stadt;0;0;1;2;Zusammenstoß mit einbiegendem/kreuzendem Fahrzeug;Kreuzung;;Lichtzeichenanlage in Betrieb;dunkel;trocken;kein Aufprall;Unfall mit Leichtverletzten;Abbiegeunfall;Fehler beim Abbiegen;;Pkw;Fahrrad;FALSE;TRUE;TRUE;FALSE;FALSE;1;0;1;;0;0;
7295;;2025-10-23T09:15:00Z;49.04788108;8.391996991;Karlsruhe, Stadt;0;0;2;2;Zusammenstoß mit entgegenkommendem Fahrzeug;;"Radverkehrsanlage neben der Fahrbahn / baulich getrennte RVA; Benutzungspflicht der Radverkehrsanlage";;hell;nass;kein Aufprall;Unfall mit Leichtverletzten;Unfall im Längsverkehr;Verstoß gegen das Rechtsfahrgebot;Verstoß gegen das Rechtsfahrgebot;Pedelec;Fahrrad;FALSE;TRUE;FALSE;FALSE;FALSE;2;0;0;;0;0;
7301;;2025-10-23T14:10:00Z;49.00904023;8.432619039;Karlsruhe, Stadt;0;0;1;2;Zusammenstoß zwischen Fahrzeug und Fußgänger;Einmündung;;;hell;nass;kein Aufprall;Unfall mit Leichtverletzten;Sonstiger Unfall;"Falsches Verhalten gegenüber Fußgängern an anderen Stellen; Fehler beim Wenden oder Rückwärtsfahren";;Pkw;zu Fuß;TRUE;FALSE;TRUE;FALSE;FALSE;0;1;1;;0;0;
7305;;2025-10-23T14:42:00Z;49.01707824;8.439035794;Karlsruhe, Stadt;0;0;1;2;Zusammenstoß zwischen Fahrzeug und Fußgänger;;Fußgängerfurt;Lichtzeichenanlage in Betrieb;hell;trocken;kein Aufprall;Unfall mit Leichtverletzten;Überschreiten-Unfall;Falsches Verhalten beim Überschreiten der Fahrbahn an Stellen mit Verkehrsregelung durch Polizeibeamte oder Lichtzeichen;;zu Fuß;Pkw;TRUE;FALSE;TRUE;FALSE;FALSE;0;1;1;;0;0;
7307;;2025-10-24T04:43:00Z;49.00935164;8.355192568;Karlsruhe, Stadt;0;0;1;2;Zusammenstoß mit einbiegendem/kreuzendem Fahrzeug;Einmündung;"Fußgängerfurt; Radverkehrsanlage neben der Fahrbahn / baulich getrennte RVA";Lichtzeichenanlage in Betrieb;dunkel;nass;kein Aufprall;Unfall mit Leichtverletzten;Abbiegeunfall;Nichtbeachten des Vorranges an Fußgängerüberwegen;;Bus;Fahrrad;FALSE;TRUE;FALSE;TRUE;FALSE;1;0;0;;1;0;
7309;;2025-10-24T05:10:00Z;49.00163607;8.462615929;Karlsruhe, Stadt;0;0;1;2;Zusammenstoß mit einbiegendem/kreuzendem Fahrzeug;Einmündung;Fußgängerüberweg (Zebrastreifen);;dunkel;nass;kein Aufprall;Unfall mit Leichtverletzten;Einbiege-/Kreuzen-Unfall;"Andere Fehler beim Fahrzeugführer; Unbekannter Code 6";"Fehler beim Einfahren in den fließenden Verkehr; Benutzung der falschen Fahrbahn oder verbotswidrige Benutzung anderer Straßenteile";Pkw;Fahrrad;FALSE;TRUE;TRUE;FALSE;FALSE;1;0;1;;0;0;
7310;;2025-10-24T05:20:00Z;49.01696279;8.387562544;Karlsruhe, Stadt;0;0;1;2;Zusammenstoß mit entgegenkommendem Fahrzeug;;;;Dämmerung;nass;kein Aufprall;Unfall mit Leichtverletzten;Unfall im Längsverkehr;Verstoß gegen das Rechtsfahrgebot;;Fahrrad;Fahrrad;FALSE;TRUE;FALSE;FALSE;FALSE;2;0;0;;0;0;
7311;;2025-10-24T10:00:00Z;49.05398842;8.396366108;Karlsruhe, Stadt;0;0;0;2;Zusammenstoß mit anfahrendem/anhaltendem/ruhendem Fahrzeug;;;;hell;trocken;kein Aufprall;Sonstiger Sachschadensunfall ohne Alkoholeinwirkung;Unfall durch ruhenden Verkehr;Seitenabstand;;Fahrrad;Pkw;FALSE;TRUE;TRUE;FALSE;FALSE;1;0;1;;0;0;
7312;;2025-10-24T10:40:00Z;49.00894878;8.41683095;Karlsruhe, Stadt;0;0;1;1;Unfall anderer Art;Kreuzung;;Lichtzeichenanlage in Betrieb;hell;nass;kein Aufprall;Unfall mit Leichtverletzten;Sonstiger Unfall;Andere Fehler beim Fahrzeugführer;;Fahrrad;;FALSE;TRUE;FALSE;FALSE;FALSE;1;0;0;;0;0;
7320;;2025-10-24T19:57:00Z;48.97221019;8.406369072;Karlsruhe, Stadt;0;0;1;2;Zusammenstoß mit anfahrendem/anhaltendem/ruhendem Fahrzeug;;;;dunkel;trocken;kein Aufprall;Unfall mit Leichtverletzten;Unfall durch ruhenden Verkehr;Verkehrswidriges Verhalten beim Ein-/Aussteigen, Be-/Entladen;;Pkw;Fahrrad;FALSE;TRUE;TRUE;FALSE;FALSE;1;0;1;;0;0;
7332;;2025-10-26T09:57:00Z;48.99758444;8.404032739;Karlsruhe, Stadt;0;0;1;2;Zusammenstoß mit einbiegendem/kreuzendem Fahrzeug;Einmündung;Radverkehrsanlage auf der Fahrbahn;Lichtzeichenanlage in Betrieb;hell;trocken;kein Aufprall;Unfall mit Leichtverletzten;Einbiege-/Kreuzen-Unfall;Nichtbeachten der Verkehrsregelung durch Polizeibeamte oder Lichtzeichen;Nichtbeachten der Verkehrsregelung durch Polizeibeamte oder Lichtzeichen;Pkw;Pedelec;FALSE;TRUE;TRUE;FALSE;FALSE;1;0;1;;0;0;
7339;;2025-10-27T11:10:00Z;49.01016656;8.391775095;Karlsruhe, Stadt;0;0;1;2;Zusammenstoß mit einbiegendem/kreuzendem Fahrzeug;Kreuzung;;;hell;nass;kein Aufprall;Unfall mit Leichtverletzten;Abbiegeunfall;Fehler beim Abbiegen;;Pkw;Pedelec;FALSE;TRUE;TRUE;FALSE;FALSE;1;0;1;;0;0;
7348;;2025-10-28T12:00:00Z;49.01081017;8.423453906;Karlsruhe, Stadt;0;0;1;2;Zusammenstoß zwischen Fahrzeug und Fußgänger;Einmündung;;;hell;trocken;kein Aufprall;Unfall mit Leichtverletzten;Abbiegeunfall;Falsches Verhalten gegenüber Fußgängern beim Abbiegen;;Pkw;zu Fuß;TRUE;FALSE;TRUE;FALSE;FALSE;0;1;1;;0;0;
7352;;2025-10-28T14:15:00Z;49.02122682;8.363303681;Karlsruhe, Stadt;0;0;1;3;Zusammenstoß mit einbiegendem/kreuzendem Fahrzeug;Kreuzung;;;hell;nass;kein Aufprall;Unfall mit Leichtverletzten;Einbiege-/Kreuzen-Unfall;Nichtbeachten der Regel rechts vor links;;Pkw;Fahrrad;;TRUE;TRUE;;;1;0;1;;0;0;
7361;;2025-10-29T09:30:00Z;48.99817861;8.396539958;Karlsruhe, Stadt;0;0;1;2;Zusammenstoß mit einbiegendem/kreuzendem Fahrzeug;Einmündung;Fußgängerfurt;Lichtzeichenanlage außer Betrieb;hell;trocken;kein Aufprall;Unfall mit Leichtverletzten;Einbiege-/Kreuzen-Unfall;Fehler beim Einfahren in den fließenden Verkehr;;Fahrrad;Pkw;FALSE;TRUE;TRUE;FALSE;FALSE;1;0;1;;0;0;