Unfall_ID;Original_Unfall_ID;Datum + Uhrzeit;Koordinaten Breitengrad;Koordinaten Längengrad;Gemeinde;Anzahl der Getöteten;Anzahl der Schwerverletzten;Anzahl der Leichtverletzten;Anzahl Beteiligte;Unfallart;Charakteristik;Besonderheiten;Lichtzeichenanlage;Lichtverhältnisse;Straßenzustand;Aufprall auf Hindernis;Unfallkategorie;Unfalltyp;Beteiligter 1: Ursachen;Beteiligter 2: Ursachen;Beteiligter 1: Verkehrsbeteiligung;Beteiligter 2: Verkehrsbeteiligung;beteiligt_fuss;beteiligt_fahrrad;beteiligt_pkw;beteiligt_sonst_kfz;beteiligt_sonst;Anzahl Fahrrad;Anzahl zu Fuß;Anzahl Pkw;Anzahl Pkw/Lkw/Bus;Anzahl sonstige Kfz;Anzahl sonstige;Anzahl sonstige Verkehrsmittel
7372;;2025-10-29T15:40:00Z;49.02028391;8.38502425;Karlsruhe, Stadt;0;0;1;3;Zusammenstoß mit einbiegendem/kreuzendem Fahrzeug;Kreuzung;"Radverkehrsanlage auf der Fahrbahn; Fußgängerüberweg (Zebrastreifen)";;hell;trocken;kein Aufprall;Unfall mit Leichtverletzten;Einbiege-/Kreuzen-Unfall;Nichtbeachten der Vorfahrt regelnden Verkehrszeichen;;Pkw;Fahrrad;;TRUE;TRUE;;;1;0;1;;0;0;
7381;;2025-10-30T09:04:00Z;49.04551382;8.49116086;Karlsruhe, Stadt;0;0;0;3;Unfall anderer Art;;;;hell;trocken;kein Aufprall;Sonstiger Sachschadensunfall ohne Alkoholeinwirkung;Überschreiten-Unfall;"Sonstige körperliche oder geistige Mängel; Überschreiten der Fahrbahn ohne auf den Fahrzeugverkehr zu achten";Ungenügender Sicherheitsabstand;zu Fuß;Pkw;TRUE;;TRUE;;;0;1;1;;0;0;
7390;;2025-10-30T17:10:00Z;48.99746608;8.465157032;Karlsruhe, Stadt;0;0;1;2;Unfall anderer Art;Einmündung;;;dunkel;trocken;kein Aufprall;Unfall mit Leichtverletzten;Einbiege-/Kreuzen-Unfall;Verstoß gegen das Rechtsfahrgebot;;Fahrrad;Pedelec;FALSE;TRUE;FALSE;FALSE;FALSE;2;0;0;;0;0;
7392;;2025-10-30T21:30:00Z;49.00854641;8.373946295;Karlsruhe, Stadt;0;0;1;2;Unfall anderer Art;;;;dunkel;trocken;kein Aufprall;Unfall mit Leichtverletzten;Sonstiger Unfall;Andere Fehler beim Fahrzeugführer;;Fahrrad;Pkw;FALSE;TRUE;TRUE;FALSE;FALSE;1;0;1;;0;0;
7399;;2025-10-31T09:00:00Z;49.00510249;8.332112759;Karlsruhe, Stadt;0;0;1;2;Zusammenstoß mit einbiegendem/kreuzendem Fahrzeug;Grundstücksein-/ausfahrt;;;hell;trocken;kein Aufprall;Unfall mit Leichtverletzten;Einbiege-/Kreuzen-Unfall;Fehler beim Einfahren in den fließenden Verkehr;;Fahrrad;Pkw;FALSE;TRUE;TRUE;FALSE;FALSE;1;0;1;;0;0;
7407;;2025-10-31T15:46:00Z;49.00562416;8.500606979;Karlsruhe, Stadt;0;1;0;2;Zusammenstoß zwischen Fahrzeug und Fußgänger;;;;Dämmerung;trocken;kein Aufprall;Unfall mit Schwerverletzten;Sonstiger Unfall;"Fehler beim Ein- und Ausparken; Falsches Verhalten gegenüber Fußgängern an anderen Stellen";;Pkw;zu Fuß;TRUE;FALSE;TRUE;FALSE;FALSE;0;1;1;;0;0;
7437;;2025-11-03T15:10:00Z;49.00949149;8.423568521;Karlsruhe, Stadt;0;0;0;2;Zusammenstoß mit einbiegendem/kreuzendem Fahrzeug;Kreisverkehr;;;hell;trocken;kein Aufprall;Sonstiger Sachschadensunfall ohne Alkoholeinwirkung;Einbiege-/Kreuzen-Unfall;Nichtbeachten der Vorfahrt regelnden Verkehrszeichen;;Pkw;Fahrrad;FALSE;TRUE;TRUE;FALSE;FALSE;1;0;1;;0;0;
7452;;2025-11-04T12:20:00Z;49.01379712;8.418323984;Karlsruhe, Stadt;0;0;1;2;Unfall anderer Art;;;;hell;nass;kein Aufprall;Unfall mit Leichtverletzten;Unfall im Längsverkehr;Benutzung der falschen Fahrbahn oder verbotswidrige Benutzung anderer Straßenteile;;Fahrrad;Fahrrad;FALSE;TRUE;FALSE;FALSE;FALSE;2;0;0;;0;0;
7456;;2025-11-04T15:35:00Z;49.09641253;8.48502818;Karlsruhe, Stadt;0;0;1;2;Unfall anderer Art;Einmündung;Radverkehrsanlage neben der Fahrbahn / baulich getrennte RVA;;Dämmerung;trocken;kein Aufprall;Unfall mit Leichtverletzten;Abbiegeunfall;Fehler beim Abbiegen;;Pkw;Fahrrad;FALSE;TRUE;TRUE;FALSE;FALSE;1;0;1;;0;0;
7495;;2025-11-08T19:30:00Z;48.99879654;8.383676613;Karlsruhe, Stadt;0;0;1;2;Zusammenstoß mit anfahrendem/anhaltendem/ruhendem Fahrzeug;;;;dunkel;trocken;kein Aufprall;Unfall mit Leichtverletzten;Sonstiger Unfall;"Fehler beim Wenden oder Rückwärtsfahren; Fehler beim Ein- und Ausparken";;Pkw;Fahrrad;FALSE;TRUE;TRUE;FALSE;FALSE;1;0;1;;0;0;
7507;;2025-11-10T05:35:00Z;49.03733925;8.312241605;Karlsruhe, Stadt;0;0;1;1;Abkommen von Fahrbahn nach rechts;;Radverkehrsanlage neben der Fahrbahn / baulich getrennte RVA;;Dämmerung;nass;Schutzplanke;Unfall mit Leichtverletzten;Fahrunfall;"Sonstige körperliche oder geistige Mängel; Nicht angepasste Geschwindigkeit – andere Fälle";;Pedelec;;FALSE;TRUE;FALSE;FALSE;FALSE;1;0;0;;0;0;
7508;;2025-11-10T06:30:00Z;48.99804295;8.337904207;Karlsruhe, Stadt;0;0;0;2;Zusammenstoß mit einbiegendem/kreuzendem Fahrzeug;Grundstücksein-/ausfahrt;;;hell;nass;kein Aufprall;Sonstiger Sachschadensunfall ohne Alkoholeinwirkung;Einbiege-/Kreuzen-Unfall;Andere Fehler beim Fahrzeugführer;Benutzung der falschen Fahrbahn oder verbotswidrige Benutzung anderer Straßenteile;Pkw;Fahrrad;FALSE;TRUE;TRUE;FALSE;FALSE;1;0;1;;0;0;
7513;;2025-11-10T12:10:00Z;49.01745847;8.384870099;Karlsruhe, Stadt;0;0;1;2;Zusammenstoß mit einbiegendem/kreuzendem Fahrzeug;Kreuzung;Radverkehrsanlage auf der Fahrbahn;Lichtzeichenanlage außer Betrieb;hell;trocken;kein Aufprall;Unfall mit Leichtverletzten;Einbiege-/Kreuzen-Unfall;Nichtbeachten der Vorfahrt regelnden Verkehrszeichen;;Pkw;Fahrrad;FALSE;TRUE;TRUE;FALSE;FALSE;1;0;1;;0;0;
7515;;2025-11-10T15:30:00Z;49.02737308;8.386055751;Karlsruhe, Stadt;0;0;1;2;Zusammenstoß mit einbiegendem/kreuzendem Fahrzeug;Kreuzung;Radverkehrsanlage auf der Fahrbahn;;Dämmerung;trocken;kein Aufprall;Unfall mit Leichtverletzten;Einbiege-/Kreuzen-Unfall;Nichtbeachten der Regel rechts vor links;;Pkw;Pedelec;FALSE;TRUE;TRUE;FALSE;FALSE;1;0;1;;0;0;
7517;;2025-11-10T16:33:00Z;49.00224877;8.360492271;Karlsruhe, Stadt;0;0;1;2;Zusammenstoß mit einbiegendem/kreuzendem Fahrzeug;Kreuzung;Radverkehrsanlage neben der Fahrbahn / baulich getrennte RVA;;dunkel;trocken;kein Aufprall;Unfall mit Leichtverletzten;Abbiegeunfall;Nichtbeachten des Vorranges an Fußgängerüberwegen;;Pkw;Fahrrad;FALSE;TRUE;TRUE;FALSE;FALSE;1;0;1;;0;0;
7524;;2025-11-11T13:10:00Z;49.01853059;8.370398747;Karlsruhe, Stadt;0;0;1;2;Unfall anderer Art;;;;hell;trocken;kein Aufprall;Unfall mit Leichtverletzten;Sonstiger Unfall;Verkehrswidriges Verhalten beim Ein-/Aussteigen, Be-/Entladen;;Pkw;Fahrrad;FALSE;TRUE;TRUE;FALSE;FALSE;1;0;1;;0;0;
7525;;2025-11-11T13:34:00Z;49.00069104;8.426742831;Karlsruhe, Stadt;0;0;1;2;Zusammenstoß mit einbiegendem/kreuzendem Fahrzeug;Einmündung;Radverkehrsanlage auf der Fahrbahn;Lichtzeichenanlage in Betrieb;hell;trocken;kein Aufprall;Unfall mit Leichtverletzten;Abbiegeunfall;Nichtbeachten des Vorranges an Fußgängerüberwegen;;Pkw;Pedelec;FALSE;TRUE;TRUE;FALSE;FALSE;1;0;1;;0;0;
7532;;2025-11-12T07:45:00Z;48.99724109;8.33960451;Karlsruhe, Stadt;0;0;1;2;Zusammenstoß mit einbiegendem/kreuzendem Fahrzeug;Kreuzung;Radverkehrsanlage auf der Fahrbahn;;hell;trocken;kein Aufprall;Unfall mit Leichtverletzten;Einbiege-/Kreuzen-Unfall;Fehler beim Einfahren in den fließenden Verkehr;;Pkw;Fahrrad;FALSE;TRUE;TRUE;FALSE;FALSE;1;0;1;;0;0;
7540;;2025-11-12T14:35:00Z;48.99371338;8.390409338;Karlsruhe, Stadt;0;0;1;2;Zusammenstoß mit einbiegendem/kreuzendem Fahrzeug;Grundstücksein-/ausfahrt;;;hell;trocken;kein Aufprall;Unfall mit Leichtverletzten;Einbiege-/Kreuzen-Unfall;Fehler beim Einfahren in den fließenden Verkehr;;Fahrrad;Pedelec;FALSE;TRUE;FALSE;FALSE;FALSE;2;0;0;;0;0;
7541;;2025-11-12T15:50:00Z;49.01452315;8.39050545;Karlsruhe, Stadt;0;0;1;2;Zusammenstoß mit einbiegendem/kreuzendem Fahrzeug;Einmündung;"Radverkehrsanlage neben der Fahrbahn / baulich getrennte RVA; Benutzungspflicht der Radverkehrsanlage";;Dämmerung;trocken;kein Aufprall;Unfall mit Leichtverletzten;Einbiege-/Kreuzen-Unfall;Nichtbeachten der Vorfahrt regelnden Verkehrszeichen;;Pkw;Pedelec;FALSE;TRUE;TRUE;FALSE;FALSE;1;0;1;;0;0;
7561;;2025-11-13T15:45:00Z;48.99717828;8.410882194;Karlsruhe, Stadt;0;0;0;2;Zusammenstoß mit anfahrendem/anhaltendem/ruhendem Fahrzeug;;;;Dämmerung;trocken;kein Aufprall;Sonstiger Sachschadensunfall ohne Alkoholeinwirkung;Unfall durch ruhenden Verkehr;Seitenabstand;;Fahrrad;Pkw;FALSE;TRUE;TRUE;FALSE;FALSE;1;0;1;;0;0;
7562;;2025-11-13T18:30:00Z;49.01154045;8.364008587;Karlsruhe, Stadt;0;0;1;2;Zusammenstoß mit anfahrendem/anhaltendem/ruhendem Fahrzeug;;"Benutzungspflicht der Radverkehrsanlage; Radverkehrsanlage auf der Fahrbahn";;dunkel;trocken;kein Aufprall;Unfall mit Leichtverletzten;Unfall im Längsverkehr;"Unbekannter Code 5; Mangelhafte Beleuchtung des Fahrzeugs";;Pedelec;Pkw;FALSE;TRUE;TRUE;FALSE;FALSE;1;0;1;;0;0;
7563;;2025-11-13T19:10:00Z;49.01059122;8.401643436;Karlsruhe, Stadt;0;0;0;2;Zusammenstoß mit entgegenkommendem Fahrzeug;;;;dunkel;trocken;kein Aufprall;Sonstiger Sachschadensunfall ohne Alkoholeinwirkung;Unfall im Längsverkehr;Verstoß gegen das Rechtsfahrgebot;;Fahrrad;Pkw;FALSE;TRUE;TRUE;FALSE;FALSE;1;0;1;;0;0;
7569;;2025-11-14T09:35:00Z;48.98855318;8.403430496;Karlsruhe, Stadt;0;0;1;2;Unfall anderer Art;Einmündung;Radverkehrsanlage auf der Fahrbahn;;hell;nass;kein Aufprall;Unfall mit Leichtverletzten;Einbiege-/Kreuzen-Unfall;Nichtbeachten der Vorfahrt regelnden Verkehrszeichen;;Pkw;Fahrrad;FALSE;TRUE;TRUE;FALSE;FALSE;1;0;1;;0;0;
7574;;2025-11-14T14:18:00Z;49.00552798;8.398346496;Karlsruhe, Stadt;0;0;1;2;Zusammenstoß mit einbiegendem/kreuzendem Fahrzeug;;"Schienengleicher Wegübergang; Fußgängerüberweg (Zebrastreifen)";Lichtzeichenanlage in Betrieb;hell;trocken;kein Aufprall;Unfall mit Leichtverletzten;Einbiege-/Kreuzen-Unfall;Nichtbeachten der Verkehrsregelung durch Polizeibeamte oder Lichtzeichen;;Fahrrad;Tram;FALSE;TRUE;FALSE;TRUE;FALSE;1;0;0;;1;0;
7580;;2025-11-15T08:45:00Z;49.01026565;8.420436791;Karlsruhe, Stadt;0;0;1;1;Unfall anderer Art;Kreuzung;"Radverkehrsanlage auf der Fahrbahn; Schienengleicher Wegübergang";;hell;nass;kein Aufprall;Unfall mit Leichtverletzten;Sonstiger Unfall;Andere Fehler beim Fahrzeugführer;;Pedelec;;FALSE;TRUE;FALSE;FALSE;FALSE;1;0;0;;0;0;
7588;;2025-11-15T18:17:00Z;49.02200961;8.393717444;Karlsruhe, Stadt;0;0;1;2;Zusammenstoß zwischen Fahrzeug und Fußgänger;Einmündung;;;dunkel;trocken;kein Aufprall;Unfall mit Leichtverletzten;Einbiege-/Kreuzen-Unfall;Überschreiten der Fahrbahn ohne auf den Fahrzeugverkehr zu achten;;zu Fuß;Motorrad/Motorroller;TRUE;FALSE;FALSE;TRUE;FALSE;0;1;0;;1;0;
7591;;2025-11-16T09:46:00Z;48.98958594;8.3958468;Karlsruhe, Stadt;0;0;1;1;Unfall anderer Art;;;;hell;nass;kein Aufprall;Unfall mit Leichtverletzten;Sonstiger Unfall;Andere Fehler beim Fahrzeugführer;;Fahrrad;;FALSE;TRUE;FALSE;FALSE;FALSE;1;0;0;;0;0;
7604;;2025-11-17T06:45:00Z;49.03313874;8.390043893;Karlsruhe, Stadt;0;0;1;2;Zusammenstoß mit einbiegendem/kreuzendem Fahrzeug;Einmündung;;;Dämmerung;nass;kein Aufprall;Unfall mit Leichtverletzten;Einbiege-/Kreuzen-Unfall;Benutzung der falschen Fahrbahn oder verbotswidrige Benutzung anderer Straßenteile;Benutzung der falschen Fahrbahn oder verbotswidrige Benutzung anderer Straßenteile;Fahrrad;Fahrrad;FALSE;TRUE;FALSE;FALSE;FALSE;2;0;0;;0;0;
7605;;2025-11-17T06:48:00Z;49.00864821;8.398075684;Karlsruhe, Stadt;0;0;2;2;Zusammenstoß mit einbiegendem/kreuzendem Fahrzeug;Kreuzung;;;hell;nass;kein Aufprall;Unfall mit Leichtverletzten;Abbiegeunfall;Fehler beim Abbiegen;;Fahrrad;Fahrrad;FALSE;TRUE;FALSE;FALSE;FALSE;2;0;0;;0;0;
7617;;2025-11-18T07:22:00Z;48.99272467;8.447526494;Karlsruhe, Stadt;0;0;1;1;Unfall anderer Art;;;;hell;trocken;kein Aufprall;Unfall mit Leichtverletzten;Sonstiger Unfall;Andere Fehler beim Fahrzeugführer;;Fahrrad;;FALSE;TRUE;FALSE;FALSE;FALSE;1;0;0;;0;0;
7619;;2025-11-18T07:55:00Z;49.01407746;8.439055453;Karlsruhe, Stadt;0;0;1;2;Zusammenstoß mit einbiegendem/kreuzendem Fahrzeug;Einmündung;;;hell;trocken;kein Aufprall;Unfall mit Leichtverletzten;Einbiege-/Kreuzen-Unfall;Nichtbeachten der Regel rechts vor links;Verstoß gegen das Rechtsfahrgebot;Fahrrad;Pkw;FALSE;TRUE;TRUE;FALSE;FALSE;1;0;1;;0;0;
7623;;2025-11-18T11:00:00Z;49.00346478;8.407948472;Karlsruhe, Stadt;0;0;1;3;Zusammenstoß mit vorausfahrendem/wartendem Fahrzeug;;;;hell;trocken;kein Aufprall;Unfall mit Leichtverletzten;Abbiegeunfall;Fehler beim Abbiegen;;Fahrrad;Fahrrad;;TRUE;;;;2;0;0;;0;0;
7631;;2025-11-19T10:00:00Z;49.00855313;8.416257418;Karlsruhe, Stadt;0;0;1;2;Zusammenstoß zwischen Fahrzeug und Fußgänger;;;;hell;trocken;kein Aufprall;Unfall mit Leichtverletzten;Sonstiger Unfall;Falsches Verhalten gegenüber Fußgängern an anderen Stellen;;Moped;zu Fuß;TRUE;FALSE;FALSE;TRUE;FALSE;0;1;0;;1;0;
7656;;2025-11-20T13:05:00Z;49.0083146;8.367909535;Karlsruhe, Stadt;1;0;0;2;Zusammenstoß mit einbiegendem/kreuzendem Fahrzeug;Kreuzung;;;hell;trocken;kein Aufprall;Unfall mit Getöteten;Einbiege-/Kreuzen-Unfall;Nichtbeachten der Regel rechts vor links;;Fahrrad;Pkw;FALSE;TRUE;TRUE;FALSE;FALSE;1;0;1;;0;0;
7659;;2025-11-20T19:30:00Z;48.98325027;8.390920942;Karlsruhe, Stadt;0;0;1;2;Zusammenstoß mit seitlich in gleicher Richtung fahrendem Fahrzeug;Kreuzung;;;dunkel;nass;kein Aufprall;Unfall mit Leichtverletzten;Abbiegeunfall;Fehler beim Abbiegen;;Pkw;Pedelec;FALSE;TRUE;TRUE;FALSE;FALSE;1;0;1;;0;0;
7662;;2025-11-21T10:08:00Z;49.00503218;8.415833073;Karlsruhe, Stadt;0;1;0;2;Zusammenstoß mit einbiegendem/kreuzendem Fahrzeug;Kreuzung;Fußgängerfurt;Lichtzeichenanlage in Betrieb;hell;trocken;kein Aufprall;Unfall mit Schwerverletzten;Abbiegeunfall;Nichtbeachten des Vorranges an Fußgängerüberwegen;;Pkw;Fahrrad;FALSE;TRUE;TRUE;FALSE;FALSE;1;0;1;;0;0;
7664;;2025-11-21T11:05:00Z;49.00305924;8.418029362;Karlsruhe, Stadt;0;0;1;2;Zusammenstoß zwischen Fahrzeug und Fußgänger;;;;hell;trocken;kein Aufprall;Unfall mit Leichtverletzten;Sonstiger Unfall;Nicht angepasste Geschwindigkeit – andere Fälle;;Fahrrad;zu Fuß;TRUE;TRUE;FALSE;FALSE;FALSE;1;1;0;;0;0;
7665;;2025-11-21T11:55:00Z;49.03381488;8.444213167;Karlsruhe, Stadt;0;0;1;1;Unfall anderer Art;Kreuzung;;;hell;trocken;kein Aufprall;Unfall mit Leichtverletzten;Sonstiger Unfall;Andere Fehler beim Fahrzeugführer;;Fahrrad;;FALSE;TRUE;FALSE;FALSE;FALSE;1;0;0;;0;0;
7678;;2025-11-23T13:30:00Z;48.99464147;8.395802011;Karlsruhe, Stadt;0;0;1;2;Zusammenstoß mit entgegenkommendem Fahrzeug;;;;hell;trocken;kein Aufprall;Unfall mit Leichtverletzten;Unfall im Längsverkehr;Verstoß gegen das Rechtsfahrgebot;;Fahrrad;S-Pedelec;FALSE;TRUE;FALSE;TRUE;FALSE;1;0;0;;1;0;
7680;;2025-11-23T18:00:00Z;49.018833;8.426529794;Karlsruhe, Stadt;0;0;1;2;Zusammenstoß zwischen Fahrzeug und Fußgänger;;;;dunkel;nass;kein Aufprall;Unfall mit Leichtverletzten;Unfall im Längsverkehr;Unbekannter Code 6;;Fahrrad;zu Fuß;TRUE;TRUE;FALSE;FALSE;FALSE;1;1;0;;0;0;
7695;;2025-11-25T06:40:00Z;48.99665389;8.435588496;Karlsruhe, Stadt;0;0;0;2;Unfall anderer Art;Grundstücksein-/ausfahrt;;;hell;trocken;kein Aufprall;Sonstiger Sachschadensunfall ohne Alkoholeinwirkung;Abbiegeunfall;Fehler beim Abbiegen;;Pkw;Fahrrad;FALSE;TRUE;TRUE;FALSE;FALSE;1;0;1;;0;0;
7696;;2025-11-25T06:46:00Z;48.99879163;8.386111793;Karlsruhe, Stadt;0;0;0;2;Zusammenstoß mit einbiegendem/kreuzendem Fahrzeug;Kreuzung;;Lichtzeichenanlage in Betrieb;hell;nass;kein Aufprall;Sonstiger Sachschadensunfall ohne Alkoholeinwirkung;Abbiegeunfall;"Nichtbeachten der Verkehrsregelung durch Polizeibeamte oder Lichtzeichen; Unbekannter Code 6";;Fahrrad;Pkw;FALSE;TRUE;TRUE;FALSE;FALSE;1;0;1;;0;0;
7698;;2025-11-25T10:30:00Z;49.0090895;8.376295235;Karlsruhe, Stadt;0;0;0;2;Zusammenstoß mit anfahrendem/anhaltendem/ruhendem Fahrzeug;;;;hell;nass;kein Aufprall;Sonstiger Sachschadensunfall ohne Alkoholeinwirkung;Sonstiger Unfall;Andere Fehler der Fußgänger;;zu Fuß;Pkw;TRUE;FALSE;TRUE;FALSE;FALSE;0;1;1;;0;0;
7699;;2025-11-25T11:10:00Z;49.00542183;8.384716387;Karlsruhe, Stadt;0;0;1;2;Zusammenstoß mit seitlich in gleicher Richtung fahrendem Fahrzeug;Kreuzung;;;hell;nass;kein Aufprall;Unfall mit Leichtverletzten;Abbiegeunfall;Fehler beim Abbiegen;Sonstige Fehler beim Überholen;Pkw;Fahrrad;FALSE;TRUE;TRUE;FALSE;FALSE;1;0;1;;0;0;
7700;;2025-11-25T11:58:00Z;48.99202027;8.368597496;Karlsruhe, Stadt;0;0;1;2;Zusammenstoß mit einbiegendem/kreuzendem Fahrzeug;Einmündung;;;hell;nass;kein Aufprall;Unfall mit Leichtverletzten;Einbiege-/Kreuzen-Unfall;Nichtbeachten der Vorfahrt regelnden Verkehrszeichen;;Fahrrad;Pkw;FALSE;TRUE;TRUE;FALSE;FALSE;1;0;1;;0;0;
7702;;2025-11-25T15:45:00Z;49.00565374;8.378228358;Karlsruhe, Stadt;0;0;1;2;Zusammenstoß mit einbiegendem/kreuzendem Fahrzeug;;Fußgängerfurt;Lichtzeichenanlage in Betrieb;dunkel;nass;kein Aufprall;Unfall mit Leichtverletzten;Einbiege-/Kreuzen-Unfall;Andere Fehler beim Fahrzeugführer;Andere Fehler beim Fahrzeugführer;Pkw;Pedelec;FALSE;TRUE;TRUE;FALSE;FALSE;1;0;1;;0;0;
7705;;2025-11-25T19:15:00Z;49.03344459;8.364700476;Karlsruhe, Stadt;0;0;1;2;Zusammenstoß mit vorausfahrendem/wartendem Fahrzeug;Einmündung;;;dunkel;nass;kein Aufprall;Unfall mit Leichtverletzten;Abbiegeunfall;"Unbekannter Code 6; Ungenügender Sicherheitsabstand";;Pkw;Fahrrad;FALSE;TRUE;TRUE;FALSE;FALSE;1;0;1;;0;0;
7712;;2025-11-26T15:00:00Z;48.99933714;8.468756888;Karlsruhe, Stadt;0;0;1;2;Unfall anderer Art;;"Haltestelle; Verkehrsberuhigter Bereich";;hell;trocken;kein Aufprall;Unfall mit Leichtverletzten;Überschreiten-Unfall;Sonstiges falsches Verhalten der Fußgänger;;zu Fuß;Tram;TRUE;FALSE;FALSE;TRUE;FALSE;0;1;0;;1;0;
7727;;2025-11-27T15:49:00Z;49.00372072;8.444560656;Karlsruhe, Stadt;0;0;2;2;Zusammenstoß mit entgegenkommendem Fahrzeug;;"Radverkehrsanlage neben der Fahrbahn / baulich getrennte RVA; Benutzungspflicht der Radverkehrsanlage";;Dämmerung;trocken;kein Aufprall;Unfall mit Leichtverletzten;Unfall im Längsverkehr;Benutzung der falschen Fahrbahn oder verbotswidrige Benutzung anderer Straßenteile;;Fahrrad;Fahrrad;FALSE;TRUE;FALSE;FALSE;FALSE;2;0;0;;0;0;
7738;;2025-11-28T14:10:00Z;49.00683489;8.395937192;Karlsruhe, Stadt;0;0;1;2;Zusammenstoß mit seitlich in gleicher Richtung fahrendem Fahrzeug;;Arbeitsstelle;;hell;trocken;kein Aufprall;Unfall mit Leichtverletzten;Unfall im Längsverkehr;"Überholen trotz unklarer Verkehrslage; Seitenabstand zu fahrendem Fahrrad";;Pkw;Fahrrad;FALSE;TRUE;TRUE;FALSE;FALSE;1;0;1;;0;0;
7762;;2025-12-01T07:20:00Z;49.00737145;8.353999649;Karlsruhe, Stadt;0;0;1;1;Unfall anderer Art;;;;hell;wgl;kein Aufprall;Unfall mit Leichtverletzten;Fahrunfall;Nicht angepasste Geschwindigkeit – andere Fälle;;Fahrrad;;FALSE;TRUE;FALSE;FALSE;FALSE;1;0;0;;0;0;
7763;;2025-12-01T07:45:00Z;48.9936734;8.354627568;Karlsruhe, Stadt;0;0;1;1;Unfall anderer Art;;;;hell;wgl;kein Aufprall;Unfall mit Leichtverletzten;Sonstiger Unfall;Andere Fehler beim Fahrzeugführer;;Pedelec;;FALSE;TRUE;FALSE;FALSE;FALSE;1;0;0;;0;0;
7765;;2025-12-01T08:10:00Z;49.02116255;8.363286232;Karlsruhe, Stadt;0;0;1;1;Unfall anderer Art;Kreuzung;;;hell;wgl;kein Aufprall;Unfall mit Leichtverletzten;Sonstiger Unfall;Andere Fehler beim Fahrzeugführer;;Pedelec;;FALSE;TRUE;FALSE;FALSE;FALSE;1;0;0;;0;0;
7767;;2025-12-01T10:20:00Z;49.01735208;8.385307319;Karlsruhe, Stadt;0;0;1;2;Zusammenstoß mit einbiegendem/kreuzendem Fahrzeug;Kreuzung;;;hell;trocken;kein Aufprall;Unfall mit Leichtverletzten;Einbiege-/Kreuzen-Unfall;Nichtbeachten der Vorfahrt regelnden Verkehrszeichen;;Pkw;Fahrrad;FALSE;TRUE;TRUE;FALSE;FALSE;1;0;1;;0;0;
7773;;2025-12-01T14:50:00Z;49.00515472;8.501195615;Karlsruhe, Stadt;0;0;1;2;Zusammenstoß mit einbiegendem/kreuzendem Fahrzeug;Grundstücksein-/ausfahrt;;;hell;trocken;kein Aufprall;Unfall mit Leichtverletzten;Abbiegeunfall;Nichtbeachten des Vorranges an Fußgängerüberwegen;Benutzung der falschen Fahrbahn oder verbotswidrige Benutzung anderer Straßenteile;Pkw;Fahrrad;FALSE;TRUE;TRUE;FALSE;FALSE;1;0;1;;0;0;
7784;;2025-12-02T15:10:00Z;48.98266513;8.402039388;Karlsruhe, Stadt;0;0;1;2;Zusammenstoß mit entgegenkommendem Fahrzeug;Kreuzung;;;hell;trocken;kein Aufprall;Unfall mit Leichtverletzten;Unfall im Längsverkehr;Verstoß gegen das Rechtsfahrgebot;;Lkw/Lieferwagen;Fahrrad;FALSE;TRUE;FALSE;TRUE;FALSE;1;0;0;;1;0;
7800;;2025-12-03T13:05:00Z;49.00785225;8.440638826;Karlsruhe, Stadt;0;0;0;2;Zusammenstoß zwischen Fahrzeug und Fußgänger;;;;hell;trocken;kein Aufprall;Sonstiger Sachschadensunfall ohne Alkoholeinwirkung;Sonstiger Unfall;Sonstiges falsches Verhalten der Fußgänger;;zu Fuß;Pkw;TRUE;FALSE;TRUE;FALSE;FALSE;0;1;1;;0;0;
7808;;2025-12-03T19:16:00Z;48.99226596;8.374568476;Karlsruhe, Stadt;0;0;0;2;Zusammenstoß mit anfahrendem/anhaltendem/ruhendem Fahrzeug;;;;dunkel;trocken;kein Aufprall;Sonstiger Sachschadensunfall ohne Alkoholeinwirkung;Sonstiger Unfall;Andere Fehler beim Fahrzeugführer;;Fahrrad;Pkw;FALSE;TRUE;TRUE;FALSE;FALSE;1;0;1;;0;0;
7825;;2025-12-05T11:10:00Z;49.03642079;8.374605447;Karlsruhe, Stadt;0;0;1;2;Zusammenstoß mit einbiegendem/kreuzendem Fahrzeug;Einmündung;;;hell;nass;kein Aufprall;Unfall mit Leichtverletzten;Einbiege-/Kreuzen-Unfall;Nichtbeachten der Vorfahrt regelnden Verkehrszeichen;;Pkw;Pedelec;FALSE;TRUE;TRUE;FALSE;FALSE;1;0;1;;0;0;
7830;;2025-12-05T16:38:00Z;49.0230647;8.447857479;Karlsruhe, Stadt;0;0;1;1;Unfall anderer Art;;;;dunkel;trocken;kein Aufprall;Unfall mit Leichtverletzten;Sonstiger Unfall;Andere Fehler beim Fahrzeugführer;;Fahrrad;;FALSE;TRUE;FALSE;FALSE;FALSE;1;0;0;;0;0;