Unfall_ID;Original_Unfall_ID;Datum + Uhrzeit;Koordinaten Breitengrad;Koordinaten Längengrad;Gemeinde;Anzahl der Getöteten;Anzahl der Schwerverletzten;Anzahl der Leichtverletzten;Anzahl Beteiligte;Unfallart;Charakteristik;Besonderheiten;Lichtzeichenanlage;Lichtverhältnisse;Straßenzustand;Aufprall auf Hindernis;Unfallkategorie;Unfalltyp;Beteiligter 1: Ursachen;Beteiligter 2: Ursachen;Beteiligter 1: Verkehrsbeteiligung;Beteiligter 2: Verkehrsbeteiligung;beteiligt_fuss;beteiligt_fahrrad;beteiligt_pkw;beteiligt_sonst_kfz;beteiligt_sonst;Anzahl Fahrrad;Anzahl zu Fuß;Anzahl Pkw;Anzahl Pkw/Lkw/Bus;Anzahl sonstige Kfz;Anzahl sonstige;Anzahl sonstige Verkehrsmittel
8910;BWPV100001268324;2019-01-17T16:38:00Z;;;Karlsruhe, Stadt;0;0;1;2;Unfall anderer Art;;;;;;sonstiges Hindernis;Unfall mit Leichtverletzten;Unfall durch ruhenden Verkehr;;;;;FALSE;TRUE;;;;1;0;;1;;;0
8911;BWPV100001268468;2019-01-20T00:30:00Z;;;Karlsruhe, Stadt;0;0;1;2;Zusammenstoß zwischen Fahrzeug und Fußgänger;Kreuzung;Fußgängerfurt;;;;kein Aufprall;Unfall mit Leichtverletzten;Sonstiger Unfall;;;;;TRUE;TRUE;;;;1;1;;0;;;0
8912;BWPV100001269142;2019-01-21T08:30:00Z;;;Karlsruhe, Stadt;0;0;0;2;Zusammenstoß mit einbiegendem/kreuzendem Fahrzeug;Kreuzung;Radverkehrsanlage auf der Fahrbahn;;;;kein Aufprall;Sonstiger Sachschadensunfall ohne Alkoholeinwirkung;Einbiege-/Kreuzen-Unfall;;;;;FALSE;TRUE;;;;1;0;;1;;;0
8913;BWPV100001269356;2019-01-12T16:45:00Z;;;Karlsruhe, Stadt;0;0;1;2;Zusammenstoß mit vorausfahrendem/wartendem Fahrzeug;Kreuzung;;Lichtzeichenanlage in Betrieb;;;kein Aufprall;Unfall mit Leichtverletzten;Unfall im Längsverkehr;;;;;FALSE;TRUE;;;;1;0;;1;;;0
8914;BWPV100001269773;2019-01-24T18:30:00Z;;;Karlsruhe, Stadt;0;0;1;2;Zusammenstoß zwischen Fahrzeug und Fußgänger;;;;;;kein Aufprall;Unfall mit Leichtverletzten;Sonstiger Unfall;;;;;TRUE;FALSE;;;;0;1;;0;;;1
8915;BWPV100001269957;2019-01-21T17:30:00Z;;;Karlsruhe, Stadt;0;0;1;2;Zusammenstoß mit einbiegendem/kreuzendem Fahrzeug;Einmündung;;;;;kein Aufprall;Unfall mit Leichtverletzten;Abbiegeunfall;;;;;FALSE;TRUE;;;;1;0;;1;;;0
8916;BWPV100001269979;2019-01-21T20:00:00Z;;;Karlsruhe, Stadt;0;0;1;2;Unfall anderer Art;Kreuzung;;Lichtzeichenanlage in Betrieb;;;kein Aufprall;Unfall mit Leichtverletzten;Abbiegeunfall;;;;;FALSE;TRUE;;;;1;0;;1;;;0
8917;BWPV100001270256;2019-01-26T19:25:00Z;;;Karlsruhe, Stadt;0;0;1;2;Unfall anderer Art;;;;;;kein Aufprall;Unfall mit Leichtverletzten;Sonstiger Unfall;;;;;FALSE;TRUE;;;;1;0;;1;;;0
8918;BWPV100001270300;2019-01-16T06:45:00Z;;;Karlsruhe, Stadt;0;0;1;2;Zusammenstoß mit entgegenkommendem Fahrzeug;;Radverkehrsanlage neben der Fahrbahn / baulich getrennte RVA;;;;kein Aufprall;Unfall mit Leichtverletzten;Unfall im Längsverkehr;;;;;FALSE;TRUE;;;;2;0;;0;;;0
8919;BWPV100001270913;2019-01-18T21:20:00Z;;;Karlsruhe, Stadt;0;1;0;2;Zusammenstoß mit einbiegendem/kreuzendem Fahrzeug;Einmündung;;;;;kein Aufprall;Unfall mit Schwerverletzten;Einbiege-/Kreuzen-Unfall;;;;;FALSE;TRUE;;;;1;0;;1;;;0
8920;BWPV100001270944;2019-01-28T06:50:00Z;;;Karlsruhe, Stadt;0;0;1;2;Zusammenstoß mit anfahrendem/anhaltendem/ruhendem Fahrzeug;Grundstücksein-/ausfahrt;;;;;kein Aufprall;Unfall mit Leichtverletzten;Sonstiger Unfall;;;;;FALSE;TRUE;;;;1;0;;1;;;0
8921;BWPV100001271797;2019-01-28T17:15:00Z;;;Karlsruhe, Stadt;0;0;1;2;Zusammenstoß mit einbiegendem/kreuzendem Fahrzeug;Kreuzung;Radverkehrsanlage auf der Fahrbahn;;;;kein Aufprall;Unfall mit Leichtverletzten;Einbiege-/Kreuzen-Unfall;;;;;FALSE;TRUE;;;;1;0;;1;;;0
8922;BWPV100001272226;2019-01-30T12:46:00Z;;;Karlsruhe, Stadt;0;0;1;2;Zusammenstoß mit einbiegendem/kreuzendem Fahrzeug;Kreuzung;;;;;kein Aufprall;Unfall mit Leichtverletzten;Einbiege-/Kreuzen-Unfall;;;;;FALSE;TRUE;;;;1;0;;1;;;0
8923;BWPV100001272285;2019-01-30T12:16:00Z;;;Karlsruhe, Stadt;0;0;1;1;Unfall anderer Art;Kreuzung;Schienengleicher Wegübergang;Lichtzeichenanlage in Betrieb;;;kein Aufprall;Unfall mit Leichtverletzten;Fahrunfall;;;;;FALSE;TRUE;;;;1;0;;0;;;0
8924;BWPV100001272365;2019-01-29T17:15:00Z;;;Karlsruhe, Stadt;0;0;1;2;Zusammenstoß mit einbiegendem/kreuzendem Fahrzeug;Kreuzung;;;;;kein Aufprall;Unfall mit Leichtverletzten;Einbiege-/Kreuzen-Unfall;;;;;FALSE;TRUE;;;;1;0;;0;;;1
8925;BWPV100001272413;2019-01-22T13:15:00Z;;;Karlsruhe, Stadt;0;0;1;2;Zusammenstoß zwischen Fahrzeug und Fußgänger;Einmündung;Fußgängerfurt;Lichtzeichenanlage in Betrieb;;;kein Aufprall;Unfall mit Leichtverletzten;Abbiegeunfall;;;;;TRUE;FALSE;;;;0;1;;1;;;0
8926;BWPV100001272434;2019-01-28T12:15:00Z;;;Karlsruhe, Stadt;0;0;1;2;Zusammenstoß zwischen Fahrzeug und Fußgänger;;;;;;kein Aufprall;Unfall mit Leichtverletzten;Sonstiger Unfall;;;;;TRUE;FALSE;;;;0;1;;1;;;0
8927;BWPV100001272632;2019-02-01T06:20:00Z;;;Karlsruhe, Stadt;0;0;1;1;Unfall anderer Art;;Schienengleicher Wegübergang;Lichtzeichenanlage in Betrieb;;;kein Aufprall;Unfall mit Leichtverletzten;Fahrunfall;;;;;FALSE;TRUE;;;;1;0;;0;;;0
8928;BWPV100001272939;2019-02-01T11:10:00Z;;;Karlsruhe, Stadt;0;0;1;2;Zusammenstoß mit einbiegendem/kreuzendem Fahrzeug;Kreuzung;;;;;kein Aufprall;Unfall mit Leichtverletzten;Einbiege-/Kreuzen-Unfall;;;;;FALSE;TRUE;;;;1;0;;1;;;0
8929;BWPV100001273390;2019-01-30T15:00:00Z;;;Karlsruhe, Stadt;0;0;1;2;Unfall anderer Art;;Haltestelle;;;;kein Aufprall;Unfall mit Leichtverletzten;Überschreiten-Unfall;;;;;TRUE;FALSE;;;;0;1;;0;;;1
8930;BWPV100001273536;2019-02-04T05:50:00Z;;;Karlsruhe, Stadt;0;0;1;2;Zusammenstoß mit einbiegendem/kreuzendem Fahrzeug;Kreuzung;;Lichtzeichenanlage in Betrieb;;;kein Aufprall;Unfall mit Leichtverletzten;Einbiege-/Kreuzen-Unfall;;;;;FALSE;TRUE;;;;1;0;;1;;;0
8931;BWPV100001273605;2019-02-04T19:50:00Z;;;Karlsruhe, Stadt;0;0;0;2;Zusammenstoß zwischen Fahrzeug und Fußgänger;;Fußgängerfurt;Lichtzeichenanlage in Betrieb;;;kein Aufprall;Sonstiger Sachschadensunfall ohne Alkoholeinwirkung;Überschreiten-Unfall;;;;;TRUE;FALSE;;;;0;1;;1;;;0
8932;BWPV100001273628;2019-01-25T13:00:00Z;;;Karlsruhe, Stadt;0;0;1;2;Zusammenstoß mit einbiegendem/kreuzendem Fahrzeug;Kreuzung;Radverkehrsanlage neben der Fahrbahn / baulich getrennte RVA;;;;kein Aufprall;Unfall mit Leichtverletzten;Einbiege-/Kreuzen-Unfall;;;;;FALSE;TRUE;;;;1;0;;1;;;0
8933;BWPV100001273695;2019-01-31T12:00:00Z;;;Karlsruhe, Stadt;0;0;0;2;Aufprall auf Fahrbahnhindernis;Einmündung;;;;;sonstiges Hindernis;Sonstiger Sachschadensunfall ohne Alkoholeinwirkung;Einbiege-/Kreuzen-Unfall;;;;;FALSE;TRUE;;;;1;0;;1;;;0
8934;BWPV100001273830;2019-02-01T21:15:00Z;;;Karlsruhe, Stadt;0;0;1;2;Zusammenstoß zwischen Fahrzeug und Fußgänger;Einmündung;Fußgängerfurt;Lichtzeichenanlage in Betrieb;;;kein Aufprall;Unfall mit Leichtverletzten;Abbiegeunfall;;;;;TRUE;FALSE;;;;0;1;;1;;;0
8935;BWPV100001273993;2019-02-04T12:20:00Z;;;Karlsruhe, Stadt;0;0;1;2;Zusammenstoß mit einbiegendem/kreuzendem Fahrzeug;Kreuzung;;;;;kein Aufprall;Unfall mit Leichtverletzten;Sonstiger Unfall;;;;;FALSE;TRUE;;;;1;0;;1;;;0
8936;BWPV100001274049;2019-02-05T22:30:00Z;;;Karlsruhe, Stadt;0;0;0;2;Zusammenstoß mit anfahrendem/anhaltendem/ruhendem Fahrzeug;;;;;;kein Aufprall;Sonstiger Sachschadensunfall ohne Alkoholeinwirkung;Sonstiger Unfall;;;;;FALSE;TRUE;;;;1;0;;0;;;1
8937;BWPV100001274103;2019-02-04T09:35:00Z;;;Karlsruhe, Stadt;0;1;0;2;Zusammenstoß zwischen Fahrzeug und Fußgänger;Kreuzung;;;;;kein Aufprall;Unfall mit Schwerverletzten;Abbiegeunfall;;;;;TRUE;FALSE;;;;0;1;;1;;;0
8938;BWPV100001274147;2019-02-05T17:19:00Z;;;Karlsruhe, Stadt;0;0;1;2;Zusammenstoß mit seitlich in gleicher Richtung fahrendem Fahrzeug;Kreuzung;Radverkehrsanlage auf der Fahrbahn;Lichtzeichenanlage in Betrieb;;;kein Aufprall;Unfall mit Leichtverletzten;Abbiegeunfall;;;;;FALSE;TRUE;;;;1;0;;1;;;0
8939;BWPV100001274217;2019-02-05T10:50:00Z;;;Karlsruhe, Stadt;0;0;1;2;Unfall anderer Art;;;;;;kein Aufprall;Unfall mit Leichtverletzten;Unfall im Längsverkehr;;;;;FALSE;TRUE;;;;1;0;;1;;;0
8940;BWPV100001274423;2019-01-31T15:55:00Z;;;Karlsruhe, Stadt;0;0;1;2;Zusammenstoß mit einbiegendem/kreuzendem Fahrzeug;Kreuzung;;;;;kein Aufprall;Unfall mit Leichtverletzten;Einbiege-/Kreuzen-Unfall;;;;;FALSE;TRUE;;;;1;0;;1;;;0
8941;BWPV100001274694;2019-02-07T14:25:00Z;;;Karlsruhe, Stadt;0;0;1;2;Zusammenstoß mit einbiegendem/kreuzendem Fahrzeug;;;;;;kein Aufprall;Unfall mit Leichtverletzten;Einbiege-/Kreuzen-Unfall;;;;;FALSE;TRUE;;;;1;0;;1;;;0
8942;BWPV100001274709;2019-02-01T13:00:00Z;;;Karlsruhe, Stadt;0;0;1;2;Unfall anderer Art;Grundstücksein-/ausfahrt;;;;;kein Aufprall;Unfall mit Leichtverletzten;Einbiege-/Kreuzen-Unfall;;;;;FALSE;TRUE;;;;1;0;;1;;;0
8943;BWPV100001274826;2019-02-06T12:55:00Z;;;Karlsruhe, Stadt;0;0;1;1;Aufprall auf Fahrbahnhindernis;;Schienengleicher Wegübergang;;;;sonstiges Hindernis;Unfall mit Leichtverletzten;Sonstiger Unfall;;;;;FALSE;TRUE;;;;1;0;;0;;;0
8944;BWPV100001274927;2019-01-31T10:25:00Z;;;Karlsruhe, Stadt;0;1;1;3;Zusammenstoß mit einbiegendem/kreuzendem Fahrzeug;Kreuzung;Schienengleicher Wegübergang;;;;kein Aufprall;Unfall mit Schwerverletzten;Einbiege-/Kreuzen-Unfall;;;;;FALSE;TRUE;;;;1;0;;1;;;1
8945;BWPV100001274964;2019-02-07T12:50:00Z;;;Karlsruhe, Stadt;0;0;1;2;Zusammenstoß zwischen Fahrzeug und Fußgänger;;"Fußgängerfurt; Haltestelle";Lichtzeichenanlage in Betrieb;;;kein Aufprall;Unfall mit Leichtverletzten;Überschreiten-Unfall;;;;;TRUE;FALSE;;;;0;1;;0;;;1
8946;BWPV100001274971;2019-01-31T07:30:00Z;;;Karlsruhe, Stadt;0;0;1;2;Zusammenstoß zwischen Fahrzeug und Fußgänger;;;;;;kein Aufprall;Unfall mit Leichtverletzten;Überschreiten-Unfall;;;;;TRUE;FALSE;;;;0;1;;1;;;0
8947;BWPV100001275821;2019-01-30T12:15:00Z;;;Karlsruhe, Stadt;0;0;1;2;Unfall anderer Art;;Verkehrsberuhigter Bereich;;;;kein Aufprall;Unfall mit Leichtverletzten;Sonstiger Unfall;;;;;FALSE;TRUE;;;;1;0;;1;;;0
8948;BWPV100001275990;2019-02-10T09:00:00Z;;;Karlsruhe, Stadt;0;0;0;2;Zusammenstoß mit anfahrendem/anhaltendem/ruhendem Fahrzeug;;;;;;kein Aufprall;Sonstiger Sachschadensunfall ohne Alkoholeinwirkung;Sonstiger Unfall;;;;;FALSE;TRUE;;;;1;0;;1;;;0
8949;BWPV100001276505;2019-02-04T15:29:00Z;;;Karlsruhe, Stadt;1;50;0;2;Unfall anderer Art;"Unbekannter Code 9; Unbekannter Code 0";Haltestelle;;;;;;Abbiegeunfall;;;;;FALSE;TRUE;;;;2;0;;0;;;0
8950;BWPV100001276622;2019-02-12T12:00:00Z;;;Karlsruhe, Stadt;0;0;0;2;Zusammenstoß mit anfahrendem/anhaltendem/ruhendem Fahrzeug;;;;;;kein Aufprall;Sonstiger Sachschadensunfall ohne Alkoholeinwirkung;Sonstiger Unfall;;;;;FALSE;TRUE;;;;1;0;;1;;;0
8951;BWPV100001276757;2019-02-08T06:45:00Z;;;Karlsruhe, Stadt;0;1;0;2;Unfall anderer Art;Kreuzung;;;;;kein Aufprall;Unfall mit Schwerverletzten;Einbiege-/Kreuzen-Unfall;;;;;FALSE;TRUE;;;;1;0;;1;;;0
8952;BWPV100001276856;2019-01-29T17:21:00Z;;;Karlsruhe, Stadt;1;0;0;2;;Einmündung;;;;;;Unfall mit Schwerverletzten;Einbiege-/Kreuzen-Unfall;;;;;FALSE;TRUE;;;;2;0;;0;;;0
8953;BWPV100001277168;2019-02-07T15:15:00Z;;;Karlsruhe, Stadt;0;0;0;2;Zusammenstoß mit einbiegendem/kreuzendem Fahrzeug;Einmündung;;;;;kein Aufprall;Sonstiger Sachschadensunfall ohne Alkoholeinwirkung;Einbiege-/Kreuzen-Unfall;;;;;FALSE;TRUE;;;;1;0;;1;;;0
8954;BWPV100001277464;2019-02-14T17:45:00Z;;;Karlsruhe, Stadt;0;0;1;2;Zusammenstoß mit entgegenkommendem Fahrzeug;;;;;;kein Aufprall;Unfall mit Leichtverletzten;Unfall im Längsverkehr;;;;;FALSE;TRUE;;;;1;0;;0;;;1
8955;BWPV100001277828;2019-02-14T10:39:00Z;;;Karlsruhe, Stadt;0;0;0;2;Zusammenstoß mit anfahrendem/anhaltendem/ruhendem Fahrzeug;Einmündung;;;;;kein Aufprall;Sonstiger Sachschadensunfall ohne Alkoholeinwirkung;Sonstiger Unfall;;;;;FALSE;TRUE;;;;1;0;;1;;;0
8956;BWPV100001277956;2019-02-15T15:00:00Z;;;Karlsruhe, Stadt;0;0;1;2;Zusammenstoß mit einbiegendem/kreuzendem Fahrzeug;Einmündung;Radverkehrsanlage auf der Fahrbahn;;;;kein Aufprall;Unfall mit Leichtverletzten;Einbiege-/Kreuzen-Unfall;;;;;FALSE;TRUE;;;;1;0;;1;;;0
8957;BWPV100001278921;2019-02-14T04:50:00Z;;;Karlsruhe, Stadt;0;0;1;2;Zusammenstoß mit einbiegendem/kreuzendem Fahrzeug;Einmündung;Radverkehrsanlage auf der Fahrbahn;Lichtzeichenanlage in Betrieb;;;kein Aufprall;Unfall mit Leichtverletzten;Einbiege-/Kreuzen-Unfall;;;;;FALSE;TRUE;;;;1;0;;1;;;0
8958;BWPV100001278983;2019-02-18T09:00:00Z;;;Karlsruhe, Stadt;0;0;1;2;Zusammenstoß zwischen Fahrzeug und Fußgänger;;;;;;kein Aufprall;Unfall mit Leichtverletzten;Sonstiger Unfall;;;;;TRUE;FALSE;;;;0;1;;1;;;0
8959;BWPV100001279339;2019-02-19T10:59:00Z;;;Karlsruhe, Stadt;0;0;1;2;Zusammenstoß mit einbiegendem/kreuzendem Fahrzeug;Grundstücksein-/ausfahrt;Radverkehrsanlage auf der Fahrbahn;;;;kein Aufprall;Unfall mit Leichtverletzten;Abbiegeunfall;;;;;FALSE;TRUE;;;;1;0;;1;;;0
8960;BWPV100001279355;2019-02-12T07:10:00Z;;;Karlsruhe, Stadt;0;1;0;2;Zusammenstoß mit einbiegendem/kreuzendem Fahrzeug;;Schienengleicher Wegübergang;Lichtzeichenanlage in Betrieb;;;kein Aufprall;Unfall mit Schwerverletzten;Einbiege-/Kreuzen-Unfall;;;;;FALSE;TRUE;;;;1;0;;0;;;1
8961;BWPV100001279961;2019-02-20T06:50:00Z;;;Karlsruhe, Stadt;0;0;1;2;Unfall anderer Art;;;;;;kein Aufprall;Unfall mit Leichtverletzten;Sonstiger Unfall;;;;;FALSE;TRUE;;;;1;0;;1;;;0
8962;BWPV100001279970;2019-02-21T11:10:00Z;;;Karlsruhe, Stadt;0;0;1;2;Zusammenstoß mit einbiegendem/kreuzendem Fahrzeug;Einmündung;;;;;kein Aufprall;Unfall mit Leichtverletzten;Abbiegeunfall;;;;;FALSE;TRUE;;;;1;0;;1;;;0
8963;BWPV100001280061;2019-02-20T10:30:00Z;;;Karlsruhe, Stadt;0;0;2;3;Unfall anderer Art;;;;;;kein Aufprall;Unfall mit Leichtverletzten;Sonstiger Unfall;;;;;FALSE;TRUE;;;;2;0;;1;;;0
8964;BWPV100001280313;2019-02-12T13:00:00Z;;;Karlsruhe, Stadt;0;1;0;2;Zusammenstoß mit einbiegendem/kreuzendem Fahrzeug;Kreuzung;;Lichtzeichenanlage in Betrieb;;;kein Aufprall;Unfall mit Schwerverletzten;Abbiegeunfall;;;;;FALSE;TRUE;;;;1;0;;1;;;0
8965;BWPV100001280563;2019-02-12T13:20:00Z;;;Karlsruhe, Stadt;0;0;1;2;Zusammenstoß mit seitlich in gleicher Richtung fahrendem Fahrzeug;Kreuzung;Radverkehrsanlage neben der Fahrbahn / baulich getrennte RVA;Lichtzeichenanlage in Betrieb;;;kein Aufprall;Unfall mit Leichtverletzten;Abbiegeunfall;;;;;FALSE;TRUE;;;;1;0;;1;;;0
8966;BWPV100001281002;2019-02-23T11:10:00Z;;;Karlsruhe, Stadt;0;0;1;2;Zusammenstoß zwischen Fahrzeug und Fußgänger;;Fußgängerüberweg (Zebrastreifen);;;;kein Aufprall;Unfall mit Leichtverletzten;Überschreiten-Unfall;;;;;TRUE;FALSE;;;;0;1;;1;;;0
8967;BWPV100001281044;2019-02-21T17:45:00Z;;;Karlsruhe, Stadt;0;0;1;2;Zusammenstoß mit einbiegendem/kreuzendem Fahrzeug;Einmündung;"Radverkehrsanlage auf der Fahrbahn; Benutzungspflicht der Radverkehrsanlage";;;;kein Aufprall;Unfall mit Leichtverletzten;Einbiege-/Kreuzen-Unfall;;;;;FALSE;TRUE;;;;1;0;;1;;;0
8968;BWPV100001281590;2019-02-12T17:58:00Z;;;Karlsruhe, Stadt;0;0;1;2;Unfall anderer Art;Kreuzung;;;;;kein Aufprall;Unfall mit Leichtverletzten;Sonstiger Unfall;;;;;FALSE;TRUE;;;;1;0;;1;;;0
8969;BWPV100001281647;2019-02-18T21:00:00Z;;;Karlsruhe, Stadt;0;0;1;2;Zusammenstoß mit anfahrendem/anhaltendem/ruhendem Fahrzeug;;;;;;kein Aufprall;Unfall mit Leichtverletzten;Unfall durch ruhenden Verkehr;;;;;FALSE;TRUE;;;;1;0;;1;;;0
8970;BWPV100001281671;2019-02-18T14:54:00Z;;;Karlsruhe, Stadt;0;1;0;2;Zusammenstoß zwischen Fahrzeug und Fußgänger;;Haltestelle;;;;kein Aufprall;Unfall mit Schwerverletzten;Sonstiger Unfall;;;;;TRUE;TRUE;;;;1;1;;0;;;0
8971;BWPV100001282009;2019-02-25T14:20:00Z;;;Karlsruhe, Stadt;0;0;1;2;Zusammenstoß zwischen Fahrzeug und Fußgänger;;;;;;kein Aufprall;Unfall mit Leichtverletzten;Unfall im Längsverkehr;;;;;TRUE;TRUE;;;;1;1;;0;;;0
8972;BWPV100001282155;2019-02-25T12:00:00Z;;;Karlsruhe, Stadt;0;0;1;2;Zusammenstoß mit einbiegendem/kreuzendem Fahrzeug;Kreuzung;;;;;kein Aufprall;Unfall mit Leichtverletzten;Abbiegeunfall;;;;;FALSE;TRUE;;;;1;0;;1;;;0
8973;BWPV100001282341;2019-02-27T14:55:00Z;;;Karlsruhe, Stadt;0;0;1;2;Zusammenstoß mit einbiegendem/kreuzendem Fahrzeug;Kreuzung;;Lichtzeichenanlage in Betrieb;;;kein Aufprall;Unfall mit Leichtverletzten;Abbiegeunfall;;;;;FALSE;TRUE;;;;1;0;;1;;;0
8974;BWPV100001282370;2019-02-16T20:30:00Z;;;Karlsruhe, Stadt;0;1;0;2;Zusammenstoß zwischen Fahrzeug und Fußgänger;;;Lichtzeichenanlage in Betrieb;;;kein Aufprall;Unfall mit Schwerverletzten;Überschreiten-Unfall;;;;;TRUE;FALSE;;;;0;1;;1;;;0
8975;BWPV100001282425;2019-02-25T15:30:00Z;;;Karlsruhe, Stadt;0;0;1;2;Zusammenstoß mit vorausfahrendem/wartendem Fahrzeug;;;;;;kein Aufprall;Unfall mit Leichtverletzten;Unfall im Längsverkehr;;;;;FALSE;TRUE;;;;1;0;;1;;;0
8976;BWPV100001282839;2019-02-25T10:30:00Z;;;Karlsruhe, Stadt;0;0;0;2;Zusammenstoß mit einbiegendem/kreuzendem Fahrzeug;;;;;;kein Aufprall;Sonstiger Sachschadensunfall ohne Alkoholeinwirkung;Einbiege-/Kreuzen-Unfall;;;;;FALSE;TRUE;;;;1;0;;1;;;0
8977;BWPV100001283798;2019-02-26T16:08:00Z;;;Karlsruhe, Stadt;0;0;1;2;Zusammenstoß mit einbiegendem/kreuzendem Fahrzeug;"Einmündung; Gefälle";;;;;kein Aufprall;Unfall mit Leichtverletzten;Abbiegeunfall;;;;;FALSE;TRUE;;;;1;0;;1;;;0
8978;BWPV100001283917;2019-02-23T09:40:00Z;;;Karlsruhe, Stadt;0;0;1;2;Zusammenstoß zwischen Fahrzeug und Fußgänger;;;;;;kein Aufprall;Unfall mit Leichtverletzten;Sonstiger Unfall;;;;;TRUE;TRUE;;;;1;1;;0;;;0
8979;BWPV100001284256;2019-03-05T19:20:00Z;;;Karlsruhe, Stadt;0;0;1;2;Zusammenstoß mit einbiegendem/kreuzendem Fahrzeug;Einmündung;Radverkehrsanlage auf der Fahrbahn;Lichtzeichenanlage in Betrieb;;;kein Aufprall;Unfall mit Leichtverletzten;Abbiegeunfall;;;;;FALSE;TRUE;;;;1;0;;1;;;0
8980;BWPV100001284405;2019-03-06T07:25:00Z;;;Karlsruhe, Stadt;0;0;1;2;Zusammenstoß zwischen Fahrzeug und Fußgänger;Einmündung;;;;;kein Aufprall;Unfall mit Leichtverletzten;Überschreiten-Unfall;;;;;TRUE;FALSE;;;;0;1;;1;;;0
8981;BWPV100001284462;2019-02-27T07:45:00Z;;;Karlsruhe, Stadt;0;0;1;2;Zusammenstoß mit einbiegendem/kreuzendem Fahrzeug;Einmündung;;;;;kein Aufprall;Unfall mit Leichtverletzten;Einbiege-/Kreuzen-Unfall;;;;;FALSE;TRUE;;;;1;0;;1;;;0
8982;BWPV100001284527;2019-02-17T11:21:00Z;;;Karlsruhe, Stadt;0;0;1;2;Zusammenstoß mit anfahrendem/anhaltendem/ruhendem Fahrzeug;;;;;;kein Aufprall;Unfall mit Leichtverletzten;Unfall durch ruhenden Verkehr;;;;;FALSE;TRUE;;;;1;0;;1;;;0
8983;BWPV100001284818;2019-02-26T11:38:00Z;;;Karlsruhe, Stadt;0;0;2;2;Unfall anderer Art;;"Haltestelle; Schienengleicher Wegübergang";Lichtzeichenanlage in Betrieb;;;kein Aufprall;Unfall mit Leichtverletzten;Einbiege-/Kreuzen-Unfall;;;;;FALSE;TRUE;;;;1;0;;0;;;1
8984;BWPV100001284837;2019-02-27T18:06:00Z;;;Karlsruhe, Stadt;0;0;0;2;Zusammenstoß mit einbiegendem/kreuzendem Fahrzeug;Kreuzung;;;;;kein Aufprall;Sonstiger Sachschadensunfall ohne Alkoholeinwirkung;Einbiege-/Kreuzen-Unfall;;;;;FALSE;TRUE;;;;1;0;;1;;;0
8985;BWPV100001284950;2019-03-06T06:40:00Z;;;Karlsruhe, Stadt;0;0;1;2;Unfall anderer Art;;;;;;sonstiges Hindernis;Unfall mit Leichtverletzten;Fahrunfall;Unwetter/sonstige Witterungseinflüsse;;;;TRUE;TRUE;;;;1;1;;0;;;0
8986;BWPV100001285308;2019-02-27T07:10:00Z;;;Karlsruhe, Stadt;0;0;1;2;Zusammenstoß mit vorausfahrendem/wartendem Fahrzeug;Einmündung;;;;;kein Aufprall;Unfall mit Leichtverletzten;Unfall im Längsverkehr;;;;;FALSE;TRUE;;;;1;0;;1;;;0
8987;BWPV100001285336;2019-03-08T18:00:00Z;;;Karlsruhe, Stadt;0;0;1;2;Zusammenstoß mit vorausfahrendem/wartendem Fahrzeug;Kreisverkehr;;;;;kein Aufprall;Unfall mit Leichtverletzten;Abbiegeunfall;;;;;FALSE;TRUE;;;;1;0;;1;;;0
8988;BWPV100001285764;2019-02-28T10:58:00Z;;;Karlsruhe, Stadt;0;0;0;2;Zusammenstoß mit einbiegendem/kreuzendem Fahrzeug;Kreuzung;;;;;kein Aufprall;Sonstiger Sachschadensunfall ohne Alkoholeinwirkung;Einbiege-/Kreuzen-Unfall;;;;;FALSE;TRUE;;;;1;0;;1;;;0
8989;BWPV100001286372;2019-03-06T11:25:00Z;;;Karlsruhe, Stadt;1;0;0;2;Zusammenstoß mit einbiegendem/kreuzendem Fahrzeug;;;;;;kein Aufprall;Unfall mit Getöteten;Einbiege-/Kreuzen-Unfall;;;;;FALSE;TRUE;;;;1;0;;1;;;0
8990;BWPV100001286756;2019-03-12T13:13:00Z;;;Karlsruhe, Stadt;0;0;1;2;Zusammenstoß zwischen Fahrzeug und Fußgänger;Kurve;;;;;kein Aufprall;Unfall mit Leichtverletzten;Überschreiten-Unfall;;;;;TRUE;FALSE;;;;0;1;;1;;;0
8991;BWPV100001287075;2019-03-13T17:42:00Z;;;Karlsruhe, Stadt;0;0;1;2;Unfall anderer Art;;;;;;kein Aufprall;Unfall mit Leichtverletzten;Sonstiger Unfall;;;;;FALSE;TRUE;;;;1;0;;0;;;1
8992;BWPV100001287369;2019-03-14T18:05:00Z;;;Karlsruhe, Stadt;0;0;0;2;Zusammenstoß mit anfahrendem/anhaltendem/ruhendem Fahrzeug;Grundstücksein-/ausfahrt;;;;;kein Aufprall;Sonstiger Sachschadensunfall ohne Alkoholeinwirkung;Sonstiger Unfall;;;;;FALSE;TRUE;;;;1;0;;1;;;0
8993;BWPV100001287523;2019-03-14T13:25:00Z;;;Karlsruhe, Stadt;0;1;0;2;Zusammenstoß zwischen Fahrzeug und Fußgänger;;Fußgängerfurt;Lichtzeichenanlage in Betrieb;;;kein Aufprall;Unfall mit Schwerverletzten;Überschreiten-Unfall;;;;;TRUE;FALSE;;;;0;1;;1;;;0
8994;BWPV100001287735;2019-03-09T15:05:00Z;;;Karlsruhe, Stadt;0;0;1;2;Zusammenstoß zwischen Fahrzeug und Fußgänger;;;;;;kein Aufprall;Unfall mit Leichtverletzten;Überschreiten-Unfall;;;;;TRUE;FALSE;;;;0;1;;1;;;0
8995;BWPV100001287848;2019-03-15T11:00:00Z;;;Karlsruhe, Stadt;0;0;1;2;Zusammenstoß mit einbiegendem/kreuzendem Fahrzeug;Kreuzung;;Lichtzeichenanlage in Betrieb;;;kein Aufprall;Unfall mit Leichtverletzten;Einbiege-/Kreuzen-Unfall;;;;;FALSE;TRUE;;;;1;0;;1;;;0