Unfall_ID;Original_Unfall_ID;Datum + Uhrzeit;Koordinaten Breitengrad;Koordinaten Längengrad;Gemeinde;Anzahl der Getöteten;Anzahl der Schwerverletzten;Anzahl der Leichtverletzten;Anzahl Beteiligte;Unfallart;Charakteristik;Besonderheiten;Lichtzeichenanlage;Lichtverhältnisse;Straßenzustand;Aufprall auf Hindernis;Unfallkategorie;Unfalltyp;Beteiligter 1: Ursachen;Beteiligter 2: Ursachen;Beteiligter 1: Verkehrsbeteiligung;Beteiligter 2: Verkehrsbeteiligung;beteiligt_fuss;beteiligt_fahrrad;beteiligt_pkw;beteiligt_sonst_kfz;beteiligt_sonst;Anzahl Fahrrad;Anzahl zu Fuß;Anzahl Pkw;Anzahl Pkw/Lkw/Bus;Anzahl sonstige Kfz;Anzahl sonstige;Anzahl sonstige Verkehrsmittel
9421;BWPV110001358328;2019-06-07T11:10:00Z;;;Karlsruhe, Stadt;0;0;1;1;Unfall anderer Art;;;;;;kein Aufprall;Unfall mit Leichtverletzten;Unfall durch ruhenden Verkehr;;;;;FALSE;TRUE;;;;1;0;;0;;;0
9422;BWPV110001358476;2019-09-12T10:04:00Z;;;Karlsruhe, Stadt;0;0;1;2;Zusammenstoß mit einbiegendem/kreuzendem Fahrzeug;Einmündung;Haltestelle;Lichtzeichenanlage außer Betrieb;;;kein Aufprall;Unfall mit Leichtverletzten;Einbiege-/Kreuzen-Unfall;;;;;FALSE;TRUE;;;;1;0;;1;;;0
9423;BWPV110001358557;2019-09-13T11:30:00Z;;;Karlsruhe, Stadt;0;0;2;2;Zusammenstoß zwischen Fahrzeug und Fußgänger;;;;;;kein Aufprall;Unfall mit Leichtverletzten;Überschreiten-Unfall;;;;;TRUE;TRUE;;;;1;1;;0;;;0
9424;BWPV110001358640;2019-09-16T20:35:00Z;;;Karlsruhe, Stadt;0;0;1;2;Zusammenstoß mit vorausfahrendem/wartendem Fahrzeug;Kreisverkehr;;;;;kein Aufprall;Unfall mit Leichtverletzten;Unfall im Längsverkehr;;;;;FALSE;TRUE;;;;1;0;;1;;;0
9425;BWPV110001358725;2019-09-11T06:55:00Z;;;Karlsruhe, Stadt;0;0;1;2;Zusammenstoß mit einbiegendem/kreuzendem Fahrzeug;Einmündung;;;;;kein Aufprall;Unfall mit Leichtverletzten;Einbiege-/Kreuzen-Unfall;;;;;FALSE;TRUE;;;;1;0;;1;;;0
9426;BWPV110001358774;2019-09-16T10:47:00Z;;;Karlsruhe, Stadt;0;0;1;2;Zusammenstoß zwischen Fahrzeug und Fußgänger;;;;;;kein Aufprall;Unfall mit Leichtverletzten;Sonstiger Unfall;;;;;TRUE;FALSE;;;;0;1;;1;;;0
9427;BWPV110001358892;2019-09-13T19:14:00Z;;;Karlsruhe, Stadt;0;0;0;2;Zusammenstoß mit entgegenkommendem Fahrzeug;;;;;;kein Aufprall;Sonstiger Sachschadensunfall ohne Alkoholeinwirkung;Abbiegeunfall;;;;;FALSE;TRUE;;;;1;0;;1;;;0
9428;BWPV110001359498;2019-09-17T12:55:00Z;;;Karlsruhe, Stadt;0;0;1;2;Zusammenstoß mit einbiegendem/kreuzendem Fahrzeug;Einmündung;Benutzungspflicht der Radverkehrsanlage;Lichtzeichenanlage in Betrieb;;;kein Aufprall;Unfall mit Leichtverletzten;Abbiegeunfall;;;;;FALSE;TRUE;;;;1;0;;1;;;0
9429;BWPV110001359637;2019-09-18T09:44:00Z;;;Karlsruhe, Stadt;0;0;1;2;Zusammenstoß zwischen Fahrzeug und Fußgänger;;;;;;kein Aufprall;Unfall mit Leichtverletzten;Überschreiten-Unfall;;;;;TRUE;FALSE;;;;0;1;;0;;;1
9430;BWPV110001359693;2019-09-17T15:30:00Z;;;Karlsruhe, Stadt;0;2;0;2;Zusammenstoß mit einbiegendem/kreuzendem Fahrzeug;Kreuzung;Fußgängerfurt;Lichtzeichenanlage in Betrieb;;;kein Aufprall;Unfall mit Schwerverletzten;Einbiege-/Kreuzen-Unfall;;;;;FALSE;TRUE;;;;1;0;;0;;;1
9431;BWPV110001360212;2019-09-20T06:30:00Z;;;Karlsruhe, Stadt;0;0;0;2;Zusammenstoß mit seitlich in gleicher Richtung fahrendem Fahrzeug;Einmündung;;Lichtzeichenanlage in Betrieb;;;kein Aufprall;Sonstiger Sachschadensunfall ohne Alkoholeinwirkung;Abbiegeunfall;;;;;FALSE;TRUE;;;;1;0;;1;;;0
9432;BWPV110001360254;2019-09-13T13:00:00Z;;;Karlsruhe, Stadt;0;1;0;2;Zusammenstoß mit einbiegendem/kreuzendem Fahrzeug;"Einmündung; Kurve";"Radverkehrsanlage neben der Fahrbahn / baulich getrennte RVA; Benutzungspflicht der Radverkehrsanlage";;;;kein Aufprall;Unfall mit Schwerverletzten;Einbiege-/Kreuzen-Unfall;;;;;FALSE;TRUE;;;;1;0;;1;;;0
9433;BWPV110001360391;2019-09-20T14:30:00Z;;;Karlsruhe, Stadt;0;0;0;2;Zusammenstoß mit einbiegendem/kreuzendem Fahrzeug;Grundstücksein-/ausfahrt;;;;;kein Aufprall;Sonstiger Sachschadensunfall ohne Alkoholeinwirkung;Einbiege-/Kreuzen-Unfall;;;;;FALSE;TRUE;;;;1;0;;1;;;0
9434;BWPV110001360997;2019-09-18T13:00:00Z;;;Karlsruhe, Stadt;0;0;1;2;Zusammenstoß mit einbiegendem/kreuzendem Fahrzeug;Kreuzung;;Lichtzeichenanlage in Betrieb;;;kein Aufprall;Unfall mit Leichtverletzten;Einbiege-/Kreuzen-Unfall;;;;;FALSE;TRUE;;;;1;0;;1;;;0
9435;BWPV110001361050;2019-09-17T15:00:00Z;;;Karlsruhe, Stadt;0;0;0;2;Zusammenstoß mit einbiegendem/kreuzendem Fahrzeug;Einmündung;;Lichtzeichenanlage in Betrieb;;;kein Aufprall;Sonstiger Sachschadensunfall ohne Alkoholeinwirkung;Abbiegeunfall;;;;;FALSE;TRUE;;;;1;0;;1;;;0
9436;BWPV110001361158;2019-09-14T12:30:00Z;;;Karlsruhe, Stadt;0;1;0;3;Unfall anderer Art;Einmündung;;;;;kein Aufprall;Unfall mit Schwerverletzten;Überschreiten-Unfall;;;;;TRUE;FALSE;;;;0;2;;0;;;1
9437;BWPV110001361188;2019-09-18T12:40:00Z;;;Karlsruhe, Stadt;0;0;1;1;Unfall anderer Art;;;;;;kein Aufprall;Unfall mit Leichtverletzten;Sonstiger Unfall;;;;;FALSE;TRUE;;;;1;0;;0;;;0
9438;BWPV110001361363;2019-09-18T05:55:00Z;;;Karlsruhe, Stadt;0;0;1;2;Zusammenstoß mit einbiegendem/kreuzendem Fahrzeug;Einmündung;;;;;kein Aufprall;Unfall mit Leichtverletzten;Einbiege-/Kreuzen-Unfall;;;;;FALSE;TRUE;;;;1;0;;1;;;0
9439;BWPV110001361588;2019-05-26T04:00:00Z;;;Karlsruhe, Stadt;0;0;0;2;Zusammenstoß zwischen Fahrzeug und Fußgänger;Einmündung;;;;;kein Aufprall;Sonstiger Sachschadensunfall ohne Alkoholeinwirkung;Unfall durch ruhenden Verkehr;;;;;TRUE;FALSE;;;;0;1;;1;;;0
9440;BWPV110001361614;2019-09-18T06:00:00Z;;;Karlsruhe, Stadt;0;0;1;2;Zusammenstoß mit entgegenkommendem Fahrzeug;;;;;;kein Aufprall;Unfall mit Leichtverletzten;Unfall im Längsverkehr;;;;;FALSE;TRUE;;;;1;0;;1;;;0
9441;BWPV110001361640;2019-09-19T08:05:00Z;;;Karlsruhe, Stadt;0;0;1;2;Zusammenstoß mit einbiegendem/kreuzendem Fahrzeug;Kreuzung;"Radverkehrsanlage auf der Fahrbahn; Benutzungspflicht der Radverkehrsanlage";Lichtzeichenanlage in Betrieb;;;kein Aufprall;Unfall mit Leichtverletzten;Abbiegeunfall;;;;;FALSE;TRUE;;;;1;0;;1;;;0
9442;BWPV110001361650;2019-09-16T13:10:00Z;;;Karlsruhe, Stadt;0;1;0;2;Zusammenstoß mit einbiegendem/kreuzendem Fahrzeug;;Schienengleicher Wegübergang;Lichtzeichenanlage in Betrieb;;;kein Aufprall;Unfall mit Schwerverletzten;Einbiege-/Kreuzen-Unfall;;;;;FALSE;TRUE;;;;1;0;;0;;;1
9443;BWPV110001361698;2019-09-20T21:01:00Z;;;Karlsruhe, Stadt;0;0;0;2;Zusammenstoß mit anfahrendem/anhaltendem/ruhendem Fahrzeug;;;;;;kein Aufprall;Sonstiger Sachschadensunfall ohne Alkoholeinwirkung;Unfall durch ruhenden Verkehr;;;;;FALSE;TRUE;;;;1;0;;1;;;0
9444;BWPV110001361782;2019-09-23T15:15:00Z;;;Karlsruhe, Stadt;0;0;1;2;Zusammenstoß mit vorausfahrendem/wartendem Fahrzeug;;;;;;kein Aufprall;Unfall mit Leichtverletzten;Unfall im Längsverkehr;;;;;FALSE;TRUE;;;;1;0;;0;;;1
9445;BWPV110001361783;2019-09-24T05:30:00Z;;;Karlsruhe, Stadt;0;0;1;2;Zusammenstoß mit einbiegendem/kreuzendem Fahrzeug;Grundstücksein-/ausfahrt;;;;;kein Aufprall;Unfall mit Leichtverletzten;Einbiege-/Kreuzen-Unfall;;;;;FALSE;TRUE;;;;1;0;;1;;;0
9446;BWPV110001361836;2019-09-23T08:30:00Z;;;Karlsruhe, Stadt;0;0;1;2;Zusammenstoß mit entgegenkommendem Fahrzeug;;;;;;kein Aufprall;Unfall mit Leichtverletzten;Unfall im Längsverkehr;;;;;FALSE;TRUE;;;;1;0;;1;;;0
9447;BWPV110001361931;2019-09-14T12:07:00Z;;;Karlsruhe, Stadt;0;0;1;1;Unfall anderer Art;;;;;;kein Aufprall;Unfall mit Leichtverletzten;Fahrunfall;;;;;FALSE;TRUE;;;;1;0;;0;;;0
9448;BWPV110001361947;2019-09-24T14:36:00Z;;;Karlsruhe, Stadt;0;0;1;1;Unfall anderer Art;Kreuzung;;Lichtzeichenanlage in Betrieb;;;kein Aufprall;Unfall mit Leichtverletzten;Sonstiger Unfall;;;;;FALSE;TRUE;;;;1;0;;0;;;0
9449;BWPV110001361953;2019-09-24T15:30:00Z;;;Karlsruhe, Stadt;0;0;1;2;Zusammenstoß mit einbiegendem/kreuzendem Fahrzeug;Kreuzung;;;;;kein Aufprall;Unfall mit Leichtverletzten;Einbiege-/Kreuzen-Unfall;;;;;FALSE;TRUE;;;;1;0;;1;;;0
9450;BWPV110001361987;2019-09-24T14:03:00Z;;;Karlsruhe, Stadt;0;0;1;2;Zusammenstoß mit einbiegendem/kreuzendem Fahrzeug;Kreuzung;;;;;kein Aufprall;Unfall mit Leichtverletzten;Einbiege-/Kreuzen-Unfall;;;;;FALSE;TRUE;;;;1;0;;1;;;0
9451;BWPV110001362498;2019-09-25T14:10:00Z;;;Karlsruhe, Stadt;0;0;1;2;Zusammenstoß mit seitlich in gleicher Richtung fahrendem Fahrzeug;;Arbeitsstelle;;;;kein Aufprall;Unfall mit Leichtverletzten;Unfall im Längsverkehr;;;;;FALSE;TRUE;;;;1;0;;1;;;0
9452;BWPV110001362870;2019-09-26T09:30:00Z;;;Karlsruhe, Stadt;0;0;1;2;Zusammenstoß mit vorausfahrendem/wartendem Fahrzeug;;;;;;kein Aufprall;Unfall mit Leichtverletzten;Unfall im Längsverkehr;;;;;FALSE;TRUE;;;;1;0;;0;;;1
9453;BWPV110001363205;2019-09-27T11:30:00Z;;;Karlsruhe, Stadt;0;0;0;2;Zusammenstoß mit seitlich in gleicher Richtung fahrendem Fahrzeug;Kreuzung;Radverkehrsanlage auf der Fahrbahn;Lichtzeichenanlage in Betrieb;;;kein Aufprall;Schwerwiegender Unfall mit Sachschaden;Abbiegeunfall;;;;;FALSE;TRUE;;;;1;0;;1;;;0
9454;BWPV110001363216;2019-09-23T05:50:00Z;;;Karlsruhe, Stadt;0;0;1;2;Zusammenstoß mit vorausfahrendem/wartendem Fahrzeug;Kreuzung;;Lichtzeichenanlage in Betrieb;;;kein Aufprall;Unfall mit Leichtverletzten;Abbiegeunfall;;;;;FALSE;TRUE;;;;1;0;;1;;;0
9455;BWPV110001363267;2019-09-24T07:15:00Z;;;Karlsruhe, Stadt;0;0;1;2;Zusammenstoß mit einbiegendem/kreuzendem Fahrzeug;;;;;;kein Aufprall;Unfall mit Leichtverletzten;Einbiege-/Kreuzen-Unfall;;;;;FALSE;TRUE;;;;2;0;;0;;;0
9456;BWPV110001363356;2019-09-18T09:02:00Z;;;Karlsruhe, Stadt;0;0;1;2;Unfall anderer Art;Kreuzung;;;;;kein Aufprall;Unfall mit Leichtverletzten;Abbiegeunfall;;;;;FALSE;TRUE;;;;1;0;;1;;;0
9457;BWPV110001363515;2019-02-02T17:40:00Z;;;Karlsruhe, Stadt;0;0;1;2;Zusammenstoß mit entgegenkommendem Fahrzeug;;;;;;kein Aufprall;Unfall mit Leichtverletzten;Sonstiger Unfall;;;;;FALSE;TRUE;;;;2;0;;0;;;0
9458;BWPV110001363981;2019-09-26T09:45:00Z;;;Karlsruhe, Stadt;0;0;1;2;Unfall anderer Art;Kreuzung;Schienengleicher Wegübergang;;;;kein Aufprall;Unfall mit Leichtverletzten;Unfall durch ruhenden Verkehr;;;;;FALSE;TRUE;;;;1;0;;1;;;0
9459;BWPV110001364080;2019-09-30T18:05:00Z;;;Karlsruhe, Stadt;0;0;0;2;Zusammenstoß mit einbiegendem/kreuzendem Fahrzeug;Kreuzung;;;;;kein Aufprall;Sonstiger Sachschadensunfall ohne Alkoholeinwirkung;Einbiege-/Kreuzen-Unfall;;;;;FALSE;TRUE;;;;1;0;;1;;;0
9460;BWPV110001364266;2019-09-30T14:50:00Z;;;Karlsruhe, Stadt;0;0;1;1;Abkommen von Fahrbahn nach rechts;Einmündung;Radverkehrsanlage neben der Fahrbahn / baulich getrennte RVA;;;;kein Aufprall;Unfall mit Leichtverletzten;Sonstiger Unfall;;;;;FALSE;TRUE;;;;1;0;;0;;;0
9461;BWPV110001364346;2019-10-01T05:15:00Z;;;Karlsruhe, Stadt;0;0;1;1;Unfall anderer Art;Grundstücksein-/ausfahrt;;;;;kein Aufprall;Unfall mit Leichtverletzten;Fahrunfall;;;;;FALSE;TRUE;;;;1;0;;0;;;0
9462;BWPV110001364385;2019-09-21T09:37:00Z;;;Karlsruhe, Stadt;0;0;1;2;Zusammenstoß mit anfahrendem/anhaltendem/ruhendem Fahrzeug;;Radverkehrsanlage neben der Fahrbahn / baulich getrennte RVA;;;;sonstiges Hindernis;Unfall mit Leichtverletzten;Sonstiger Unfall;;;;;FALSE;TRUE;;;;1;0;;1;;;0
9463;BWPV110001364597;2019-09-30T06:00:00Z;;;Karlsruhe, Stadt;0;0;1;3;Zusammenstoß mit einbiegendem/kreuzendem Fahrzeug;Einmündung;;;;;kein Aufprall;Unfall mit Leichtverletzten;Einbiege-/Kreuzen-Unfall;;;;;FALSE;TRUE;;;;1;0;;2;;;0
9464;BWPV110001364654;2019-10-01T08:30:00Z;;;Karlsruhe, Stadt;0;0;0;2;Zusammenstoß mit einbiegendem/kreuzendem Fahrzeug;;"Radverkehrsanlage neben der Fahrbahn / baulich getrennte RVA; Benutzungspflicht der Radverkehrsanlage";;;;kein Aufprall;Sonstiger Sachschadensunfall ohne Alkoholeinwirkung;Sonstiger Unfall;;;;;FALSE;TRUE;;;;1;0;;1;;;0
9465;BWPV110001365091;2019-10-02T18:08:00Z;;;Karlsruhe, Stadt;0;0;1;2;Zusammenstoß zwischen Fahrzeug und Fußgänger;Kreuzung;Fußgängerfurt;Lichtzeichenanlage in Betrieb;;;kein Aufprall;Unfall mit Leichtverletzten;Überschreiten-Unfall;;;;;TRUE;FALSE;;;;0;1;;1;;;0
9466;BWPV110001365289;2019-09-24T08:00:00Z;;;Karlsruhe, Stadt;0;0;1;1;Unfall anderer Art;;Verkehrsberuhigter Bereich;;;;kein Aufprall;Unfall mit Leichtverletzten;Fahrunfall;;;;;FALSE;TRUE;;;;1;0;;0;;;0
9467;BWPV110001365447;2019-10-03T10:06:00Z;;;Karlsruhe, Stadt;0;0;0;4;Zusammenstoß mit einbiegendem/kreuzendem Fahrzeug;Kreuzung;;;;;sonstiges Hindernis;Schwerwiegender Unfall mit Sachschaden;Einbiege-/Kreuzen-Unfall;;;;;FALSE;TRUE;;;;2;0;;2;;;0
9468;BWPV110001365535;2019-09-23T11:20:00Z;;;Karlsruhe, Stadt;0;0;1;2;Zusammenstoß mit einbiegendem/kreuzendem Fahrzeug;;;;;;kein Aufprall;Unfall mit Leichtverletzten;Einbiege-/Kreuzen-Unfall;;;;;FALSE;TRUE;;;;2;0;;0;;;0
9469;BWPV110001365592;2019-09-24T13:20:00Z;;;Karlsruhe, Stadt;0;0;1;2;Zusammenstoß mit einbiegendem/kreuzendem Fahrzeug;Grundstücksein-/ausfahrt;;;;;kein Aufprall;Unfall mit Leichtverletzten;Einbiege-/Kreuzen-Unfall;;;;;FALSE;TRUE;;;;1;0;;1;;;0
9470;BWPV110001365632;2019-09-30T15:35:00Z;;;Karlsruhe, Stadt;0;0;1;2;Zusammenstoß mit einbiegendem/kreuzendem Fahrzeug;;;;;;kein Aufprall;Unfall mit Leichtverletzten;Einbiege-/Kreuzen-Unfall;;;;;FALSE;TRUE;;;;1;0;;1;;;0
9471;BWPV110001365633;2019-10-02T13:25:00Z;;;Karlsruhe, Stadt;0;0;1;2;Zusammenstoß zwischen Fahrzeug und Fußgänger;;;;;;kein Aufprall;Unfall mit Leichtverletzten;Überschreiten-Unfall;;;;;TRUE;TRUE;;;;1;1;;0;;;0
9472;BWPV110001365636;2019-09-27T07:55:00Z;;;Karlsruhe, Stadt;0;0;1;2;Zusammenstoß mit einbiegendem/kreuzendem Fahrzeug;;;;;;kein Aufprall;Unfall mit Leichtverletzten;Unfall durch ruhenden Verkehr;;;;;FALSE;TRUE;;;;1;0;;1;;;0
9473;BWPV110001365798;2019-10-03T14:45:00Z;;;Karlsruhe, Stadt;0;0;1;2;Zusammenstoß mit einbiegendem/kreuzendem Fahrzeug;;;Lichtzeichenanlage außer Betrieb;;;kein Aufprall;Unfall mit Leichtverletzten;Einbiege-/Kreuzen-Unfall;;;;;FALSE;TRUE;;;;1;0;;1;;;0
9474;BWPV110001365832;2019-09-25T18:30:00Z;;;Karlsruhe, Stadt;0;0;0;2;Zusammenstoß mit seitlich in gleicher Richtung fahrendem Fahrzeug;;;;;;kein Aufprall;Sonstiger Sachschadensunfall ohne Alkoholeinwirkung;Abbiegeunfall;;;;;FALSE;TRUE;;;;1;0;;1;;;0
9475;BWPV110001366000;2019-10-05T08:00:00Z;;;Karlsruhe, Stadt;0;0;2;3;Zusammenstoß zwischen Fahrzeug und Fußgänger;;;;;;kein Aufprall;Unfall mit Leichtverletzten;Überschreiten-Unfall;;;;;TRUE;TRUE;;;;1;1;;1;;;0
9476;BWPV110001366029;2019-10-04T10:00:00Z;;;Karlsruhe, Stadt;0;0;0;2;Zusammenstoß mit einbiegendem/kreuzendem Fahrzeug;Einmündung;;;;;kein Aufprall;Sonstiger Sachschadensunfall ohne Alkoholeinwirkung;Einbiege-/Kreuzen-Unfall;;;;;FALSE;TRUE;;;;1;0;;1;;;0
9477;BWPV110001366197;2019-08-27T22:25:00Z;;;Karlsruhe, Stadt;0;0;1;1;Unfall anderer Art;;;;;;kein Aufprall;Unfall mit Leichtverletzten;Sonstiger Unfall;;;;;FALSE;TRUE;;;;1;0;;0;;;0
9478;BWPV110001366399;2019-09-28T20:15:00Z;;;Karlsruhe, Stadt;0;1;0;1;Unfall anderer Art;Kreuzung;Schienengleicher Wegübergang;;;;kein Aufprall;Unfall mit Schwerverletzten;Fahrunfall;;;;;FALSE;TRUE;;;;1;0;;0;;;0
9479;BWPV110001366442;2019-09-26T05:00:00Z;;;Karlsruhe, Stadt;0;0;1;2;Zusammenstoß zwischen Fahrzeug und Fußgänger;Grundstücksein-/ausfahrt;;;;;kein Aufprall;Unfall mit Leichtverletzten;Sonstiger Unfall;;;;;TRUE;FALSE;;;;0;1;;1;;;0
9480;BWPV110001366955;2019-10-07T11:45:00Z;;;Karlsruhe, Stadt;0;0;1;2;Zusammenstoß mit einbiegendem/kreuzendem Fahrzeug;Kreuzung;;;;;kein Aufprall;Unfall mit Leichtverletzten;Einbiege-/Kreuzen-Unfall;;;;;FALSE;TRUE;;;;1;0;;1;;;0
9481;BWPV110001367113;2019-10-02T10:15:00Z;;;Karlsruhe, Stadt;0;0;1;2;Zusammenstoß mit einbiegendem/kreuzendem Fahrzeug;Einmündung;;;;;kein Aufprall;Unfall mit Leichtverletzten;Einbiege-/Kreuzen-Unfall;;;;;FALSE;TRUE;;;;1;0;;1;;;0
9482;BWPV110001367401;2019-10-07T06:05:00Z;;;Karlsruhe, Stadt;0;0;1;2;Zusammenstoß mit entgegenkommendem Fahrzeug;Kreuzung;;;;;kein Aufprall;Unfall mit Leichtverletzten;Abbiegeunfall;;;;;FALSE;TRUE;;;;1;0;;1;;;0
9483;BWPV110001367462;2019-10-02T05:08:00Z;;;Karlsruhe, Stadt;0;0;1;2;Zusammenstoß zwischen Fahrzeug und Fußgänger;;"Fußgängerfurt; Haltestelle";Lichtzeichenanlage in Betrieb;;;kein Aufprall;Unfall mit Leichtverletzten;Überschreiten-Unfall;;;;;TRUE;FALSE;;;;0;1;;0;;;1
9484;BWPV110001367614;2019-10-08T05:20:00Z;;;Karlsruhe, Stadt;0;0;1;2;Zusammenstoß mit einbiegendem/kreuzendem Fahrzeug;;Radverkehrsanlage auf der Fahrbahn;Lichtzeichenanlage in Betrieb;;;kein Aufprall;Unfall mit Leichtverletzten;Einbiege-/Kreuzen-Unfall;;;;;FALSE;TRUE;;;;2;0;;0;;;0
9485;BWPV110001367804;2019-10-02T10:05:00Z;;;Karlsruhe, Stadt;0;0;1;2;Zusammenstoß mit einbiegendem/kreuzendem Fahrzeug;Kreuzung;;;;;kein Aufprall;Unfall mit Leichtverletzten;Einbiege-/Kreuzen-Unfall;;;;;FALSE;TRUE;;;;1;0;;1;;;0
9486;BWPV110001368189;2019-10-10T11:00:00Z;;;Karlsruhe, Stadt;0;0;1;2;Zusammenstoß mit einbiegendem/kreuzendem Fahrzeug;Kreuzung;Radverkehrsanlage neben der Fahrbahn / baulich getrennte RVA;;;;kein Aufprall;Unfall mit Leichtverletzten;Einbiege-/Kreuzen-Unfall;;;;;FALSE;TRUE;;;;1;0;;1;;;0
9487;BWPV110001368286;2019-10-08T10:00:00Z;;;Karlsruhe, Stadt;0;0;1;2;Zusammenstoß mit einbiegendem/kreuzendem Fahrzeug;Grundstücksein-/ausfahrt;;;;;kein Aufprall;Unfall mit Leichtverletzten;Einbiege-/Kreuzen-Unfall;;;;;FALSE;TRUE;;;;1;0;;1;;;0
9488;BWPV110001368315;2019-10-09T15:10:00Z;;;Karlsruhe, Stadt;0;0;1;2;Zusammenstoß mit einbiegendem/kreuzendem Fahrzeug;Einmündung;"Radverkehrsanlage auf der Fahrbahn; Radverkehrsanlage neben der Fahrbahn / baulich getrennte RVA; Benutzungspflicht der Radverkehrsanlage";;;;kein Aufprall;Unfall mit Leichtverletzten;Einbiege-/Kreuzen-Unfall;;;;;FALSE;TRUE;;;;1;0;;1;;;0
9489;BWPV110001368903;2019-10-09T04:55:00Z;;;Karlsruhe, Stadt;0;0;0;2;Zusammenstoß mit einbiegendem/kreuzendem Fahrzeug;Kreuzung;;;;;kein Aufprall;Sonstiger Sachschadensunfall ohne Alkoholeinwirkung;Einbiege-/Kreuzen-Unfall;;;;;FALSE;TRUE;;;;1;0;;1;;;0
9490;BWPV110001368905;2019-10-09T16:55:00Z;;;Karlsruhe, Stadt;0;0;1;2;Zusammenstoß mit einbiegendem/kreuzendem Fahrzeug;Kreuzung;;;;;kein Aufprall;Unfall mit Leichtverletzten;Einbiege-/Kreuzen-Unfall;;;;;FALSE;TRUE;;;;1;0;;1;;;0
9491;BWPV110001369052;2019-10-13T20:23:00Z;;;Karlsruhe, Stadt;0;0;0;2;Zusammenstoß mit einbiegendem/kreuzendem Fahrzeug;Kreuzung;;;;;kein Aufprall;Sonstiger Sachschadensunfall ohne Alkoholeinwirkung;Einbiege-/Kreuzen-Unfall;;;;;FALSE;TRUE;;;;1;0;;1;;;0
9492;BWPV110001369205;2019-09-30T09:00:00Z;;;Karlsruhe, Stadt;0;0;1;2;Unfall anderer Art;Einmündung;Radverkehrsanlage neben der Fahrbahn / baulich getrennte RVA;;;;kein Aufprall;Unfall mit Leichtverletzten;Abbiegeunfall;;;;;FALSE;TRUE;;;;1;0;;1;;;0
9493;BWPV110001369302;2019-10-14T12:15:00Z;;;Karlsruhe, Stadt;0;0;1;3;Zusammenstoß mit einbiegendem/kreuzendem Fahrzeug;Einmündung;Radverkehrsanlage auf der Fahrbahn;;;;kein Aufprall;Unfall mit Leichtverletzten;Einbiege-/Kreuzen-Unfall;;;;;FALSE;TRUE;;;;2;0;;1;;;0
9494;BWPV110001369393;2019-10-14T05:30:00Z;;;Karlsruhe, Stadt;0;0;1;2;Zusammenstoß mit einbiegendem/kreuzendem Fahrzeug;Grundstücksein-/ausfahrt;Radverkehrsanlage neben der Fahrbahn / baulich getrennte RVA;;;;kein Aufprall;Unfall mit Leichtverletzten;Abbiegeunfall;;;;;FALSE;TRUE;;;;1;0;;1;;;0
9495;BWPV110001369535;2019-10-14T15:25:00Z;;;Karlsruhe, Stadt;0;0;1;2;Zusammenstoß mit einbiegendem/kreuzendem Fahrzeug;;;;;;kein Aufprall;Unfall mit Leichtverletzten;Abbiegeunfall;;;;;FALSE;TRUE;;;;1;0;;1;;;0
9496;BWPV110001369642;2019-10-10T13:30:00Z;;;Karlsruhe, Stadt;0;0;0;2;Abkommen von Fahrbahn nach links;;;;;;Schutzplanke;Sonstiger Sachschadensunfall ohne Alkoholeinwirkung;Fahrunfall;;;;;TRUE;FALSE;;;;0;1;;1;;;0
9497;BWPV110001369713;2019-09-18T11:30:00Z;;;Karlsruhe, Stadt;0;1;0;2;Zusammenstoß zwischen Fahrzeug und Fußgänger;Kreuzung;"Fußgängerfurt; Radverkehrsanlage auf der Fahrbahn";Lichtzeichenanlage in Betrieb;;;kein Aufprall;Unfall mit Schwerverletzten;Überschreiten-Unfall;;;;;TRUE;TRUE;;;;1;1;;0;;;0
9498;BWPV110001369772;2019-10-01T16:20:00Z;;;Karlsruhe, Stadt;0;0;1;2;Zusammenstoß zwischen Fahrzeug und Fußgänger;;;;;;kein Aufprall;Unfall mit Leichtverletzten;Unfall im Längsverkehr;;;;;TRUE;TRUE;;;;1;1;;0;;;0
9499;BWPV110001369852;2019-10-15T05:38:00Z;;;Karlsruhe, Stadt;0;0;1;1;Unfall anderer Art;;Radverkehrsanlage neben der Fahrbahn / baulich getrennte RVA;;;;kein Aufprall;Unfall mit Leichtverletzten;Fahrunfall;;;;;FALSE;TRUE;;;;1;0;;0;;;0
9500;BWPV110001370008;2019-10-08T15:55:00Z;;;Karlsruhe, Stadt;0;0;0;2;Unfall anderer Art;Grundstücksein-/ausfahrt;;;;;sonstiges Hindernis;Sonstiger Sachschadensunfall ohne Alkoholeinwirkung;Sonstiger Unfall;;;;;TRUE;FALSE;;;;0;1;;1;;;0
9501;BWPV110001370261;2019-10-11T22:20:00Z;;;Karlsruhe, Stadt;0;0;1;2;Zusammenstoß zwischen Fahrzeug und Fußgänger;;;;;;kein Aufprall;Unfall mit Leichtverletzten;Überschreiten-Unfall;;;;;TRUE;FALSE;;;;0;1;;0;;;1
9502;BWPV110001370310;2019-10-15T11:15:00Z;;;Karlsruhe, Stadt;0;0;1;2;Zusammenstoß mit einbiegendem/kreuzendem Fahrzeug;Kreuzung;"Radverkehrsanlage auf der Fahrbahn; Benutzungspflicht der Radverkehrsanlage";;;;kein Aufprall;Unfall mit Leichtverletzten;Einbiege-/Kreuzen-Unfall;;;;;FALSE;TRUE;;;;1;0;;1;;;0
9503;BWPV110001370518;2019-10-16T15:25:00Z;;;Karlsruhe, Stadt;0;0;0;2;Zusammenstoß mit seitlich in gleicher Richtung fahrendem Fahrzeug;Kreuzung;Fußgängerfurt;Lichtzeichenanlage in Betrieb;;;kein Aufprall;Sonstiger Sachschadensunfall ohne Alkoholeinwirkung;Unfall im Längsverkehr;;;;;FALSE;TRUE;;;;1;0;;1;;;0