Unfall_ID;Original_Unfall_ID;Datum + Uhrzeit;Koordinaten Breitengrad;Koordinaten Längengrad;Gemeinde;Anzahl der Getöteten;Anzahl der Schwerverletzten;Anzahl der Leichtverletzten;Anzahl Beteiligte;Unfallart;Charakteristik;Besonderheiten;Lichtzeichenanlage;Lichtverhältnisse;Straßenzustand;Aufprall auf Hindernis;Unfallkategorie;Unfalltyp;Beteiligter 1: Ursachen;Beteiligter 2: Ursachen;Beteiligter 1: Verkehrsbeteiligung;Beteiligter 2: Verkehrsbeteiligung;beteiligt_fuss;beteiligt_fahrrad;beteiligt_pkw;beteiligt_sonst_kfz;beteiligt_sonst;Anzahl Fahrrad;Anzahl zu Fuß;Anzahl Pkw;Anzahl Pkw/Lkw/Bus;Anzahl sonstige Kfz;Anzahl sonstige;Anzahl sonstige Verkehrsmittel
9925;BWPV110001445558;2020-05-21T10:45:00Z;;;Karlsruhe, Stadt;0;0;1;2;Zusammenstoß mit einbiegendem/kreuzendem Fahrzeug;"Einmündung; Kurve";;;;;kein Aufprall;Unfall mit Leichtverletzten;Einbiege-/Kreuzen-Unfall;;;;;FALSE;TRUE;;;;1;0;;1;;;0
9926;BWPV110001445717;2020-05-19T17:15:00Z;;;Karlsruhe, Stadt;0;0;1;2;Zusammenstoß mit einbiegendem/kreuzendem Fahrzeug;Kreuzung;;;;;kein Aufprall;Unfall mit Leichtverletzten;Einbiege-/Kreuzen-Unfall;;;;;FALSE;TRUE;;;;1;0;;1;;;0
9927;BWPV110001445845;2020-05-03T03:00:00Z;;;Karlsruhe, Stadt;0;0;1;2;Zusammenstoß zwischen Fahrzeug und Fußgänger;;;;;;kein Aufprall;Unfall mit Leichtverletzten;Unfall im Längsverkehr;;;;;TRUE;TRUE;;;;1;1;;0;;;0
9928;BWPV110001445846;2020-05-29T22:10:00Z;;;Karlsruhe, Stadt;0;0;0;4;Zusammenstoß mit anfahrendem/anhaltendem/ruhendem Fahrzeug;Einmündung;;;;;kein Aufprall;Schwerwiegender Unfall mit Sachschaden;Einbiege-/Kreuzen-Unfall;;;;;FALSE;TRUE;;;;1;0;;3;;;0
9929;BWPV110001446005;2020-05-30T14:00:00Z;;;Karlsruhe, Stadt;0;0;0;2;Zusammenstoß mit anfahrendem/anhaltendem/ruhendem Fahrzeug;;;;;;kein Aufprall;Sonstiger Sachschadensunfall ohne Alkoholeinwirkung;Sonstiger Unfall;;;;;FALSE;TRUE;;;;1;0;;1;;;0
9930;BWPV110001446350;2020-05-31T09:55:00Z;;;Karlsruhe, Stadt;0;0;1;1;Unfall anderer Art;Kreuzung;;Lichtzeichenanlage in Betrieb;;;kein Aufprall;Unfall mit Leichtverletzten;Sonstiger Unfall;;;;;FALSE;TRUE;;;;1;0;;0;;;0
9931;BWPV110001446661;2020-05-22T11:52:00Z;;;Karlsruhe, Stadt;0;0;1;2;Zusammenstoß mit einbiegendem/kreuzendem Fahrzeug;Kreuzung;;Lichtzeichenanlage in Betrieb;;;kein Aufprall;Unfall mit Leichtverletzten;Einbiege-/Kreuzen-Unfall;;;;;FALSE;TRUE;;;;1;0;;1;;;0
9932;BWPV110001446663;2020-05-25T07:07:00Z;;;Karlsruhe, Stadt;0;0;1;2;Zusammenstoß mit einbiegendem/kreuzendem Fahrzeug;Grundstücksein-/ausfahrt;Radverkehrsanlage neben der Fahrbahn / baulich getrennte RVA;;;;kein Aufprall;Unfall mit Leichtverletzten;Einbiege-/Kreuzen-Unfall;;;;;FALSE;TRUE;;;;1;0;;1;;;0
9933;BWPV110001446762;2020-06-02T08:10:00Z;;;Karlsruhe, Stadt;0;0;1;1;Unfall anderer Art;;Schienengleicher Wegübergang;;;;kein Aufprall;Unfall mit Leichtverletzten;Sonstiger Unfall;;;;;FALSE;TRUE;;;;1;0;;0;;;0
9934;BWPV110001446928;2020-06-01T14:15:00Z;;;Karlsruhe, Stadt;0;0;1;2;Zusammenstoß mit einbiegendem/kreuzendem Fahrzeug;Einmündung;;;;;kein Aufprall;Unfall mit Leichtverletzten;Abbiegeunfall;;;;;FALSE;TRUE;;;;1;0;;1;;;0
9935;BWPV110001446954;2020-04-23T22:30:00Z;;;Karlsruhe, Stadt;0;0;2;1;Unfall anderer Art;;;;;;kein Aufprall;Unfall mit Leichtverletzten;Sonstiger Unfall;;;;;FALSE;TRUE;;;;1;0;;0;;;0
9936;BWPV110001447041;2020-06-02T10:55:00Z;;;Karlsruhe, Stadt;0;0;1;2;Unfall anderer Art;Einmündung;;;;;kein Aufprall;Unfall mit Leichtverletzten;Sonstiger Unfall;;;;;FALSE;TRUE;;;;1;0;;1;;;0
9937;BWPV110001447046;2020-06-02T09:45:00Z;;;Karlsruhe, Stadt;0;1;1;2;Zusammenstoß mit einbiegendem/kreuzendem Fahrzeug;Kreuzung;"Radverkehrsanlage neben der Fahrbahn / baulich getrennte RVA; Benutzungspflicht der Radverkehrsanlage; Fußgängerfurt";Lichtzeichenanlage in Betrieb;;;kein Aufprall;Unfall mit Schwerverletzten;Einbiege-/Kreuzen-Unfall;;;;;FALSE;TRUE;;;;2;0;;0;;;0
9938;BWPV110001447153;2020-05-27T09:40:00Z;;;Karlsruhe, Stadt;0;1;0;2;Zusammenstoß mit einbiegendem/kreuzendem Fahrzeug;Einmündung;Radverkehrsanlage neben der Fahrbahn / baulich getrennte RVA;;;;kein Aufprall;Unfall mit Schwerverletzten;Einbiege-/Kreuzen-Unfall;;;;;FALSE;TRUE;;;;1;0;;1;;;0
9939;BWPV110001447453;2020-06-02T07:55:00Z;;;Karlsruhe, Stadt;0;0;1;2;Zusammenstoß mit seitlich in gleicher Richtung fahrendem Fahrzeug;;;;;;kein Aufprall;Unfall mit Leichtverletzten;Unfall im Längsverkehr;;;;;FALSE;TRUE;;;;1;0;;1;;;0
9940;BWPV110001447464;2020-05-26T06:45:00Z;;;Karlsruhe, Stadt;0;0;1;2;Zusammenstoß mit einbiegendem/kreuzendem Fahrzeug;Grundstücksein-/ausfahrt;Radverkehrsanlage auf der Fahrbahn;;;;kein Aufprall;Unfall mit Leichtverletzten;Einbiege-/Kreuzen-Unfall;;;;;FALSE;TRUE;;;;1;0;;1;;;0
9941;BWPV110001447525;2020-05-26T14:25:00Z;;;Karlsruhe, Stadt;0;0;2;2;Zusammenstoß mit entgegenkommendem Fahrzeug;"Gefälle; Kurve";;;;;kein Aufprall;Unfall mit Leichtverletzten;Unfall im Längsverkehr;;;;;FALSE;TRUE;;;;2;0;;0;;;0
9942;BWPV110001447789;2020-05-26T05:50:00Z;;;Karlsruhe, Stadt;0;0;0;2;Zusammenstoß mit anfahrendem/anhaltendem/ruhendem Fahrzeug;;;;;;kein Aufprall;Sonstiger Sachschadensunfall ohne Alkoholeinwirkung;Sonstiger Unfall;;;;;FALSE;TRUE;;;;1;0;;1;;;0
9943;BWPV110001447915;2020-05-20T16:45:00Z;;;Karlsruhe, Stadt;0;0;0;2;Zusammenstoß mit anfahrendem/anhaltendem/ruhendem Fahrzeug;;;;;;kein Aufprall;Sonstiger Sachschadensunfall ohne Alkoholeinwirkung;Sonstiger Unfall;;;;;TRUE;FALSE;;;;0;1;;1;;;0
9944;BWPV110001448073;2020-06-05T10:58:00Z;;;Karlsruhe, Stadt;0;0;1;1;Unfall anderer Art;Kreuzung;;;;;kein Aufprall;Unfall mit Leichtverletzten;Fahrunfall;;;;;FALSE;TRUE;;;;1;0;;0;;;0
9945;BWPV110001448171;2020-05-28T08:40:00Z;;;Karlsruhe, Stadt;0;0;1;2;Zusammenstoß mit anfahrendem/anhaltendem/ruhendem Fahrzeug;;Radverkehrsanlage auf der Fahrbahn;;;;kein Aufprall;Unfall mit Leichtverletzten;Unfall durch ruhenden Verkehr;;;;;FALSE;TRUE;;;;1;0;;1;;;0
9946;BWPV110001448395;2020-06-06T12:30:00Z;;;Karlsruhe, Stadt;0;0;1;1;Unfall anderer Art;;Schienengleicher Wegübergang;;;;kein Aufprall;Unfall mit Leichtverletzten;Fahrunfall;;;;;FALSE;TRUE;;;;1;0;;0;;;0
9947;BWPV110001448454;2020-06-03T08:05:00Z;;;Karlsruhe, Stadt;0;1;0;1;Unfall anderer Art;;;;;;sonstiges Hindernis;Unfall mit Schwerverletzten;Sonstiger Unfall;;;;;FALSE;TRUE;;;;1;0;;0;;;0
9948;BWPV110001448474;2020-05-23T10:50:00Z;;;Karlsruhe, Stadt;0;0;0;2;Zusammenstoß mit anfahrendem/anhaltendem/ruhendem Fahrzeug;Kreuzung;;;;;kein Aufprall;Sonstiger Sachschadensunfall ohne Alkoholeinwirkung;Fahrunfall;;;;;FALSE;TRUE;;;;1;0;;1;;;0
9949;BWPV110001448798;2020-06-03T12:22:00Z;;;Karlsruhe, Stadt;0;0;1;1;Unfall anderer Art;Steigung;Radverkehrsanlage neben der Fahrbahn / baulich getrennte RVA;;;;kein Aufprall;Unfall mit Leichtverletzten;Sonstiger Unfall;;;;;FALSE;TRUE;;;;1;0;;0;;;0
9950;BWPV110001448998;2020-06-04T10:30:00Z;;;Karlsruhe, Stadt;0;0;1;2;Zusammenstoß mit einbiegendem/kreuzendem Fahrzeug;Kreuzung;;;;;kein Aufprall;Unfall mit Leichtverletzten;Einbiege-/Kreuzen-Unfall;;;;;FALSE;TRUE;;;;1;0;;1;;;0
9951;BWPV110001449023;2020-06-04T14:30:00Z;;;Karlsruhe, Stadt;0;0;1;2;Zusammenstoß mit einbiegendem/kreuzendem Fahrzeug;Grundstücksein-/ausfahrt;;;;;kein Aufprall;Unfall mit Leichtverletzten;Einbiege-/Kreuzen-Unfall;;;;;FALSE;TRUE;;;;1;0;;1;;;0
9952;BWPV110001449025;2020-06-02T13:30:00Z;;;Karlsruhe, Stadt;0;0;1;2;Zusammenstoß mit einbiegendem/kreuzendem Fahrzeug;;;;;;kein Aufprall;Unfall mit Leichtverletzten;Einbiege-/Kreuzen-Unfall;;;;;FALSE;TRUE;;;;2;0;;0;;;0
9953;BWPV110001449046;2020-06-04T10:25:00Z;;;Karlsruhe, Stadt;0;0;1;2;Unfall anderer Art;;;;;;kein Aufprall;Unfall mit Leichtverletzten;Einbiege-/Kreuzen-Unfall;;;;;FALSE;TRUE;;;;2;0;;0;;;0
9954;BWPV110001449427;2020-06-02T14:00:00Z;;;Karlsruhe, Stadt;0;0;1;2;Zusammenstoß mit vorausfahrendem/wartendem Fahrzeug;Einmündung;;;;;kein Aufprall;Unfall mit Leichtverletzten;Unfall im Längsverkehr;;;;;FALSE;TRUE;;;;1;0;;1;;;0
9955;BWPV110001449771;2020-05-26T13:40:00Z;;;Karlsruhe, Stadt;0;0;1;2;Zusammenstoß mit einbiegendem/kreuzendem Fahrzeug;Gefälle;;;;;kein Aufprall;Unfall mit Leichtverletzten;Einbiege-/Kreuzen-Unfall;;;;;FALSE;TRUE;;;;1;0;;1;;;0
9956;BWPV110001449776;2020-05-31T13:35:00Z;;;Karlsruhe, Stadt;0;0;0;2;Zusammenstoß mit entgegenkommendem Fahrzeug;Kreuzung;;;;;kein Aufprall;Sonstiger Sachschadensunfall ohne Alkoholeinwirkung;Abbiegeunfall;;;;;FALSE;TRUE;;;;1;0;;1;;;0
9957;BWPV110001449876;2020-06-11T16:29:00Z;;;Karlsruhe, Stadt;0;0;1;1;Unfall anderer Art;;Verkehrsberuhigter Bereich;;;;kein Aufprall;Unfall mit Leichtverletzten;Fahrunfall;;;;;FALSE;TRUE;;;;1;0;;0;;;0
9958;BWPV110001450344;2020-06-12T16:00:00Z;;;Karlsruhe, Stadt;0;0;0;2;Zusammenstoß mit anfahrendem/anhaltendem/ruhendem Fahrzeug;;;;;;kein Aufprall;Sonstiger Sachschadensunfall ohne Alkoholeinwirkung;Sonstiger Unfall;;;;;FALSE;TRUE;;;;1;0;;1;;;0
9959;BWPV110001450636;2020-06-04T14:44:00Z;;;Karlsruhe, Stadt;0;1;1;2;Zusammenstoß zwischen Fahrzeug und Fußgänger;;;;;;kein Aufprall;Unfall mit Schwerverletzten;Überschreiten-Unfall;;;;;TRUE;TRUE;;;;1;1;;0;;;0
9960;BWPV110001450727;2020-05-31T13:55:00Z;;;Karlsruhe, Stadt;0;0;1;2;Zusammenstoß mit entgegenkommendem Fahrzeug;;;;;;kein Aufprall;Unfall mit Leichtverletzten;Unfall im Längsverkehr;;;;;FALSE;TRUE;;;;1;0;;1;;;0
9961;BWPV110001450882;2020-06-15T06:29:00Z;;;Karlsruhe, Stadt;0;0;1;1;Unfall anderer Art;Kreuzung;Radverkehrsanlage auf der Fahrbahn;;;;kein Aufprall;Unfall mit Leichtverletzten;Sonstiger Unfall;;;;;FALSE;TRUE;;;;1;0;;0;;;0
9962;BWPV110001450964;2020-05-26T06:33:00Z;;;Karlsruhe, Stadt;0;0;2;2;Zusammenstoß mit einbiegendem/kreuzendem Fahrzeug;Kreuzung;;;;;kein Aufprall;Unfall mit Leichtverletzten;Einbiege-/Kreuzen-Unfall;;;;;FALSE;TRUE;;;;2;0;;0;;;0
9963;BWPV110001450978;2020-06-08T03:04:00Z;;;Karlsruhe, Stadt;0;1;1;2;Zusammenstoß mit einbiegendem/kreuzendem Fahrzeug;;Schienengleicher Wegübergang;Lichtzeichenanlage in Betrieb;;;kein Aufprall;Unfall mit Schwerverletzten;Einbiege-/Kreuzen-Unfall;;;;;FALSE;TRUE;;;;1;0;;0;;;1
9964;BWPV110001451162;2020-06-12T08:00:00Z;;;Karlsruhe, Stadt;0;0;1;2;Zusammenstoß mit einbiegendem/kreuzendem Fahrzeug;Grundstücksein-/ausfahrt;;;;;kein Aufprall;Unfall mit Leichtverletzten;Sonstiger Unfall;;;;;FALSE;TRUE;;;;1;0;;1;;;0
9965;BWPV110001451358;2020-06-10T11:15:00Z;;;Karlsruhe, Stadt;0;0;1;2;Zusammenstoß mit seitlich in gleicher Richtung fahrendem Fahrzeug;;;;;;kein Aufprall;Unfall mit Leichtverletzten;Unfall im Längsverkehr;;;;;FALSE;TRUE;;;;1;0;;1;;;0
9966;BWPV110001451486;2020-06-15T12:35:00Z;;;Karlsruhe, Stadt;0;0;1;2;Zusammenstoß mit einbiegendem/kreuzendem Fahrzeug;Kreuzung;;;;;kein Aufprall;Unfall mit Leichtverletzten;Einbiege-/Kreuzen-Unfall;;;;;FALSE;TRUE;;;;1;0;;1;;;0
9967;BWPV110001451618;2020-06-07T18:45:00Z;;;Karlsruhe, Stadt;0;0;0;2;Zusammenstoß mit anfahrendem/anhaltendem/ruhendem Fahrzeug;;;;;;kein Aufprall;Sonstiger Sachschadensunfall ohne Alkoholeinwirkung;Sonstiger Unfall;;;;;FALSE;TRUE;;;;1;0;;1;;;0
9968;BWPV110001451656;2020-06-08T20:07:00Z;;;Karlsruhe, Stadt;0;0;1;2;Zusammenstoß zwischen Fahrzeug und Fußgänger;;Fußgängerfurt;Lichtzeichenanlage in Betrieb;;;kein Aufprall;Unfall mit Leichtverletzten;Überschreiten-Unfall;;;;;TRUE;FALSE;;;;0;1;;1;;;0
9969;BWPV110001451727;2020-06-17T11:08:00Z;;;Karlsruhe, Stadt;0;0;2;2;Zusammenstoß mit seitlich in gleicher Richtung fahrendem Fahrzeug;;;;;;kein Aufprall;Unfall mit Leichtverletzten;Unfall im Längsverkehr;;;;;FALSE;TRUE;;;;2;0;;0;;;0
9970;BWPV110001452010;2020-06-09T09:05:00Z;;;Karlsruhe, Stadt;0;1;0;1;Unfall anderer Art;Gefälle;;;;;kein Aufprall;Unfall mit Schwerverletzten;Fahrunfall;;;;;FALSE;TRUE;;;;1;0;;0;;;0
9971;BWPV110001452021;2020-06-10T13:50:00Z;;;Karlsruhe, Stadt;0;0;1;2;Zusammenstoß mit einbiegendem/kreuzendem Fahrzeug;Einmündung;;;;;kein Aufprall;Unfall mit Leichtverletzten;Einbiege-/Kreuzen-Unfall;;;;;FALSE;TRUE;;;;1;0;;1;;;0
9972;BWPV110001452154;2020-06-15T13:55:00Z;;;Karlsruhe, Stadt;0;1;0;2;Zusammenstoß mit einbiegendem/kreuzendem Fahrzeug;Kreuzung;;;;;kein Aufprall;Unfall mit Schwerverletzten;Einbiege-/Kreuzen-Unfall;;;;;FALSE;TRUE;;;;1;0;;1;;;0
9973;BWPV110001452172;2020-06-19T07:40:00Z;;;Karlsruhe, Stadt;0;0;1;1;Unfall anderer Art;;;;;;kein Aufprall;Unfall mit Leichtverletzten;Sonstiger Unfall;;;;;FALSE;TRUE;;;;1;0;;0;;;0
9974;BWPV110001452311;2020-06-11T01:18:00Z;;;Karlsruhe, Stadt;0;1;0;2;Zusammenstoß mit einbiegendem/kreuzendem Fahrzeug;Kreuzung;;;;;kein Aufprall;Unfall mit Schwerverletzten;Einbiege-/Kreuzen-Unfall;;;;;FALSE;TRUE;;;;1;0;;1;;;0
9975;BWPV110001452331;2020-05-02T21:45:00Z;;;Karlsruhe, Stadt;0;0;0;2;Zusammenstoß zwischen Fahrzeug und Fußgänger;;;;;;kein Aufprall;Sonstiger Sachschadensunfall ohne Alkoholeinwirkung;Sonstiger Unfall;;;;;TRUE;FALSE;;;;0;1;;1;;;0
9976;BWPV110001452526;2020-06-17T16:25:00Z;;;Karlsruhe, Stadt;0;0;1;2;Zusammenstoß mit einbiegendem/kreuzendem Fahrzeug;;;;;;kein Aufprall;Unfall mit Leichtverletzten;Einbiege-/Kreuzen-Unfall;;;;;FALSE;TRUE;;;;1;0;;1;;;0
9977;BWPV110001452699;2020-06-16T17:00:00Z;;;Karlsruhe, Stadt;0;0;1;2;Zusammenstoß mit einbiegendem/kreuzendem Fahrzeug;Kreuzung;Fußgängerfurt;;;;kein Aufprall;Unfall mit Leichtverletzten;Einbiege-/Kreuzen-Unfall;;;;;FALSE;TRUE;;;;1;0;;1;;;0
9978;BWPV110001452715;2020-06-18T12:40:00Z;;;Karlsruhe, Stadt;0;0;1;2;Zusammenstoß mit seitlich in gleicher Richtung fahrendem Fahrzeug;;;;;;kein Aufprall;Unfall mit Leichtverletzten;Unfall im Längsverkehr;;;;;FALSE;TRUE;;;;1;0;;1;;;0
9979;BWPV110001452722;2020-06-12T12:00:00Z;;;Karlsruhe, Stadt;0;0;1;2;Zusammenstoß mit seitlich in gleicher Richtung fahrendem Fahrzeug;Einmündung;;;;;kein Aufprall;Unfall mit Leichtverletzten;Abbiegeunfall;;;;;FALSE;TRUE;;;;1;0;;1;;;0
9980;BWPV110001452737;2020-06-21T13:30:00Z;;;Karlsruhe, Stadt;0;0;1;1;Unfall anderer Art;;;;;;kein Aufprall;Unfall mit Leichtverletzten;Sonstiger Unfall;;;;;FALSE;TRUE;;;;1;0;;0;;;0
9981;BWPV110001452869;2020-06-19T07:35:00Z;;;Karlsruhe, Stadt;0;0;1;2;Zusammenstoß mit einbiegendem/kreuzendem Fahrzeug;Kreuzung;;Lichtzeichenanlage in Betrieb;;;kein Aufprall;Unfall mit Leichtverletzten;Abbiegeunfall;;;;;FALSE;TRUE;;;;1;0;;1;;;0
9982;BWPV110001452881;2020-06-13T18:25:00Z;;;Karlsruhe, Stadt;0;0;1;2;Unfall anderer Art;Kreuzung;"Haltestelle; Schienengleicher Wegübergang";Lichtzeichenanlage in Betrieb;;;kein Aufprall;Unfall mit Leichtverletzten;Abbiegeunfall;;;;;TRUE;FALSE;;;;0;1;;0;;;1
9983;BWPV110001452930;2020-06-20T12:10:00Z;;;Karlsruhe, Stadt;0;0;0;2;Zusammenstoß mit anfahrendem/anhaltendem/ruhendem Fahrzeug;;;;;;kein Aufprall;Sonstiger Sachschadensunfall ohne Alkoholeinwirkung;Unfall durch ruhenden Verkehr;;;;;FALSE;TRUE;;;;1;0;;1;;;0
9984;BWPV110001453181;2020-06-20T13:30:00Z;;;Karlsruhe, Stadt;0;0;0;2;Zusammenstoß mit anfahrendem/anhaltendem/ruhendem Fahrzeug;;;;;;kein Aufprall;Sonstiger Sachschadensunfall ohne Alkoholeinwirkung;Sonstiger Unfall;;;;;FALSE;TRUE;;;;1;0;;1;;;0
9985;BWPV110001453591;2020-06-23T08:10:00Z;;;Karlsruhe, Stadt;0;0;1;2;Zusammenstoß mit einbiegendem/kreuzendem Fahrzeug;"Einmündung; Kurve";"Radverkehrsanlage neben der Fahrbahn / baulich getrennte RVA; Benutzungspflicht der Radverkehrsanlage";;;;kein Aufprall;Unfall mit Leichtverletzten;Einbiege-/Kreuzen-Unfall;;;;;FALSE;TRUE;;;;1;0;;1;;;0
9986;BWPV110001453868;2020-06-17T05:20:00Z;;;Karlsruhe, Stadt;0;0;1;2;Zusammenstoß mit einbiegendem/kreuzendem Fahrzeug;Grundstücksein-/ausfahrt;Arbeitsstelle;;;;kein Aufprall;Unfall mit Leichtverletzten;Einbiege-/Kreuzen-Unfall;;;;;FALSE;TRUE;;;;1;0;;1;;;0
9987;BWPV110001454062;2020-06-25T17:10:00Z;;;Karlsruhe, Stadt;0;0;1;2;Zusammenstoß mit anfahrendem/anhaltendem/ruhendem Fahrzeug;;;;;;kein Aufprall;Unfall mit Leichtverletzten;Unfall durch ruhenden Verkehr;;;;;FALSE;TRUE;;;;1;0;;1;;;0
9988;BWPV110001454206;2020-06-25T10:28:00Z;;;Karlsruhe, Stadt;0;0;1;2;Unfall anderer Art;Kreuzung;;Lichtzeichenanlage in Betrieb;;;kein Aufprall;Unfall mit Leichtverletzten;Abbiegeunfall;;;;;FALSE;TRUE;;;;1;0;;1;;;0
9989;BWPV110001454220;2020-06-24T06:25:00Z;;;Karlsruhe, Stadt;0;0;1;2;Zusammenstoß mit einbiegendem/kreuzendem Fahrzeug;Kreuzung;;;;;kein Aufprall;Unfall mit Leichtverletzten;Einbiege-/Kreuzen-Unfall;;;;;FALSE;TRUE;;;;1;0;;1;;;0
9990;BWPV110001454245;2020-06-14T18:05:00Z;;;Karlsruhe, Stadt;0;0;1;2;Zusammenstoß mit einbiegendem/kreuzendem Fahrzeug;Einmündung;Radverkehrsanlage neben der Fahrbahn / baulich getrennte RVA;;;;kein Aufprall;Unfall mit Leichtverletzten;Einbiege-/Kreuzen-Unfall;;;;;FALSE;TRUE;;;;1;0;;1;;;0
9991;BWPV110001454666;2020-06-26T15:30:00Z;;;Karlsruhe, Stadt;0;0;0;2;Zusammenstoß mit anfahrendem/anhaltendem/ruhendem Fahrzeug;;Radverkehrsanlage auf der Fahrbahn;;;;kein Aufprall;Sonstiger Sachschadensunfall ohne Alkoholeinwirkung;Unfall durch ruhenden Verkehr;;;;;FALSE;TRUE;;;;1;0;;1;;;0
9992;BWPV110001454670;2020-06-27T15:25:00Z;;;Karlsruhe, Stadt;0;0;1;2;Zusammenstoß mit einbiegendem/kreuzendem Fahrzeug;Einmündung;Benutzungspflicht der Radverkehrsanlage;;;;kein Aufprall;Unfall mit Leichtverletzten;Einbiege-/Kreuzen-Unfall;;;;;FALSE;TRUE;;;;1;0;;1;;;0
9993;BWPV110001454692;2020-06-11T13:04:00Z;;;Karlsruhe, Stadt;0;0;1;2;Unfall anderer Art;Einmündung;"Radverkehrsanlage neben der Fahrbahn / baulich getrennte RVA; Benutzungspflicht der Radverkehrsanlage";;;;kein Aufprall;Unfall mit Leichtverletzten;Einbiege-/Kreuzen-Unfall;;;;;FALSE;TRUE;;;;1;0;;1;;;0
9994;BWPV110001454796;2020-06-24T05:43:00Z;;;Karlsruhe, Stadt;0;0;1;2;Zusammenstoß mit einbiegendem/kreuzendem Fahrzeug;Kreuzung;;;;;kein Aufprall;Unfall mit Leichtverletzten;Einbiege-/Kreuzen-Unfall;;;;;FALSE;TRUE;;;;1;0;;0;;;1
9995;BWPV110001454913;2020-06-21T15:15:00Z;;;Karlsruhe, Stadt;0;0;1;1;Unfall anderer Art;Kurve;Radverkehrsanlage neben der Fahrbahn / baulich getrennte RVA;;;;kein Aufprall;Unfall mit Leichtverletzten;Fahrunfall;;;;;FALSE;TRUE;;;;1;0;;0;;;0
9996;BWPV110001454949;2020-06-26T12:50:00Z;;;Karlsruhe, Stadt;0;0;1;2;Zusammenstoß mit einbiegendem/kreuzendem Fahrzeug;Grundstücksein-/ausfahrt;Radverkehrsanlage neben der Fahrbahn / baulich getrennte RVA;;;;kein Aufprall;Unfall mit Leichtverletzten;Einbiege-/Kreuzen-Unfall;;;;;FALSE;TRUE;;;;1;0;;1;;;0
9997;BWPV110001455535;2020-06-21T07:45:00Z;;;Karlsruhe, Stadt;0;0;1;2;Zusammenstoß zwischen Fahrzeug und Fußgänger;Kreuzung;;;;;kein Aufprall;Unfall mit Leichtverletzten;Überschreiten-Unfall;;;;;TRUE;FALSE;;;;0;1;;1;;;0
9998;BWPV110001455616;2020-06-25T10:15:00Z;;;Karlsruhe, Stadt;0;0;0;2;Zusammenstoß mit anfahrendem/anhaltendem/ruhendem Fahrzeug;;;;;;kein Aufprall;Sonstiger Sachschadensunfall ohne Alkoholeinwirkung;Sonstiger Unfall;;;;;FALSE;TRUE;;;;1;0;;1;;;0
9999;BWPV110001455820;2020-06-26T12:45:00Z;;;Karlsruhe, Stadt;0;0;1;2;Zusammenstoß mit einbiegendem/kreuzendem Fahrzeug;Einmündung;;;;;kein Aufprall;Unfall mit Leichtverletzten;Einbiege-/Kreuzen-Unfall;;;;;FALSE;TRUE;;;;2;0;;0;;;0
10000;BWPV110001455884;2020-06-26T06:25:00Z;;;Karlsruhe, Stadt;0;0;1;2;Zusammenstoß mit einbiegendem/kreuzendem Fahrzeug;Kreuzung;;;;;kein Aufprall;Unfall mit Leichtverletzten;Einbiege-/Kreuzen-Unfall;;;;;FALSE;TRUE;;;;1;0;;1;;;0
10001;BWPV110001455929;2020-06-22T05:00:00Z;;;Karlsruhe, Stadt;0;0;1;2;Zusammenstoß mit anfahrendem/anhaltendem/ruhendem Fahrzeug;Kreuzung;Schienengleicher Wegübergang;;;;kein Aufprall;Unfall mit Leichtverletzten;Unfall durch ruhenden Verkehr;;;;;FALSE;TRUE;;;;1;0;;1;;;0
10002;BWPV110001456052;2020-06-26T06:36:00Z;;;Karlsruhe, Stadt;0;0;1;2;Zusammenstoß mit anfahrendem/anhaltendem/ruhendem Fahrzeug;;;;;;kein Aufprall;Unfall mit Leichtverletzten;Unfall durch ruhenden Verkehr;;;;;FALSE;TRUE;;;;1;0;;1;;;0
10003;BWPV110001456064;2020-06-20T09:10:00Z;;;Karlsruhe, Stadt;0;1;0;2;Unfall anderer Art;Kreuzung;"Fußgängerfurt; Arbeitsstelle";Lichtzeichenanlage in Betrieb;;;kein Aufprall;Unfall mit Schwerverletzten;Einbiege-/Kreuzen-Unfall;;;;;FALSE;TRUE;;;;2;0;;0;;;0
10004;BWPV110001456218;2020-06-21T18:15:00Z;;;Karlsruhe, Stadt;0;0;1;2;Unfall anderer Art;;;;;;kein Aufprall;Unfall mit Leichtverletzten;Sonstiger Unfall;;;;;TRUE;FALSE;;;;0;1;;0;;;1
10005;BWPV110001456250;2020-07-01T14:55:00Z;;;Karlsruhe, Stadt;0;0;1;2;Zusammenstoß mit einbiegendem/kreuzendem Fahrzeug;Kreuzung;;;;;kein Aufprall;Unfall mit Leichtverletzten;Einbiege-/Kreuzen-Unfall;;;;;FALSE;TRUE;;;;1;0;;1;;;0
10006;BWPV110001456251;2020-06-12T14:30:00Z;;;Karlsruhe, Stadt;0;0;2;2;Zusammenstoß mit entgegenkommendem Fahrzeug;Steigung;Radverkehrsanlage neben der Fahrbahn / baulich getrennte RVA;;;;kein Aufprall;Unfall mit Leichtverletzten;Unfall im Längsverkehr;;;;;FALSE;TRUE;;;;2;0;;0;;;0
10007;BWPV110001456319;2020-06-30T05:38:00Z;;;Karlsruhe, Stadt;0;1;0;2;Zusammenstoß mit anfahrendem/anhaltendem/ruhendem Fahrzeug;;;;;;kein Aufprall;Unfall mit Schwerverletzten;Unfall durch ruhenden Verkehr;;;;;FALSE;TRUE;;;;1;0;;1;;;0
10008;BWPV110001456448;2020-07-01T05:50:00Z;;;Karlsruhe, Stadt;0;0;1;2;Zusammenstoß mit einbiegendem/kreuzendem Fahrzeug;Einmündung;;Lichtzeichenanlage in Betrieb;;;kein Aufprall;Unfall mit Leichtverletzten;Abbiegeunfall;;;;;FALSE;TRUE;;;;1;0;;1;;;0
10009;BWPV110001456588;2020-06-26T11:42:00Z;;;Karlsruhe, Stadt;0;0;1;2;Unfall anderer Art;Gefälle;Benutzungspflicht der Radverkehrsanlage;;;;kein Aufprall;Unfall mit Leichtverletzten;Abbiegeunfall;;;;;FALSE;TRUE;;;;2;0;;0;;;0