Unfall_ID;Original_Unfall_ID;Datum + Uhrzeit;Koordinaten Breitengrad;Koordinaten Längengrad;Gemeinde;Anzahl der Getöteten;Anzahl der Schwerverletzten;Anzahl der Leichtverletzten;Anzahl Beteiligte;Unfallart;Charakteristik;Besonderheiten;Lichtzeichenanlage;Lichtverhältnisse;Straßenzustand;Aufprall auf Hindernis;Unfallkategorie;Unfalltyp;Beteiligter 1: Ursachen;Beteiligter 2: Ursachen;Beteiligter 1: Verkehrsbeteiligung;Beteiligter 2: Verkehrsbeteiligung;beteiligt_fuss;beteiligt_fahrrad;beteiligt_pkw;beteiligt_sonst_kfz;beteiligt_sonst;Anzahl Fahrrad;Anzahl zu Fuß;Anzahl Pkw;Anzahl Pkw/Lkw/Bus;Anzahl sonstige Kfz;Anzahl sonstige;Anzahl sonstige Verkehrsmittel
10346;BWPV200001507894;2020-11-24T06:15:00Z;;;Karlsruhe, Stadt;0;0;1;1;Unfall anderer Art;Einmündung;Radverkehrsanlage neben der Fahrbahn / baulich getrennte RVA;;;;kein Aufprall;Unfall mit Leichtverletzten;Sonstiger Unfall;;;;;FALSE;TRUE;;;;1;0;;0;;;0
10347;BWPV200001508093;2020-11-19T17:25:00Z;;;Karlsruhe, Stadt;0;0;1;1;Abkommen von Fahrbahn nach rechts;;;;;;kein Aufprall;Unfall mit Leichtverletzten;Sonstiger Unfall;;;;;FALSE;TRUE;;;;1;0;;0;;;0
10348;BWPV200001508128;2020-11-18T09:55:00Z;;;Karlsruhe, Stadt;0;1;0;2;Zusammenstoß mit einbiegendem/kreuzendem Fahrzeug;Einmündung;Radverkehrsanlage neben der Fahrbahn / baulich getrennte RVA;;;;kein Aufprall;Unfall mit Schwerverletzten;Abbiegeunfall;;;;;FALSE;TRUE;;;;1;0;;1;;;0
10349;BWPV200001508236;2020-11-20T11:30:00Z;;;Karlsruhe, Stadt;0;0;1;2;Zusammenstoß zwischen Fahrzeug und Fußgänger;;"Radverkehrsanlage auf der Fahrbahn; Fußgängerfurt";Lichtzeichenanlage in Betrieb;;;kein Aufprall;Unfall mit Leichtverletzten;Überschreiten-Unfall;;;;;TRUE;TRUE;;;;1;1;;0;;;0
10350;BWPV200001508306;2020-11-25T17:50:00Z;;;Karlsruhe, Stadt;0;0;1;2;Zusammenstoß mit anfahrendem/anhaltendem/ruhendem Fahrzeug;;;;;;kein Aufprall;Unfall mit Leichtverletzten;Unfall durch ruhenden Verkehr;;;;;FALSE;TRUE;;;;1;0;;1;;;0
10351;BWPV200001508411;2020-11-30T13:10:00Z;;;Karlsruhe, Stadt;0;0;1;2;Zusammenstoß mit einbiegendem/kreuzendem Fahrzeug;Kreuzung;Schienengleicher Wegübergang;Lichtzeichenanlage in Betrieb;;;kein Aufprall;Unfall mit Leichtverletzten;Überschreiten-Unfall;;;;;TRUE;FALSE;;;;0;1;;0;;;1
10352;BWPV200001508677;2020-12-01T19:00:00Z;;;Karlsruhe, Stadt;0;0;0;2;Zusammenstoß mit anfahrendem/anhaltendem/ruhendem Fahrzeug;;;;;;kein Aufprall;Sonstiger Sachschadensunfall ohne Alkoholeinwirkung;Unfall durch ruhenden Verkehr;;;;;FALSE;TRUE;;;;1;0;;1;;;0
10353;BWPV200001509125;2020-12-02T11:35:00Z;;;Karlsruhe, Stadt;0;0;0;2;Zusammenstoß mit vorausfahrendem/wartendem Fahrzeug;;;;;;kein Aufprall;Sonstiger Sachschadensunfall ohne Alkoholeinwirkung;Sonstiger Unfall;;;;;FALSE;TRUE;;;;1;0;;1;;;0
10354;BWPV200001509240;2020-11-28T16:30:00Z;;;Karlsruhe, Stadt;0;0;1;2;Zusammenstoß zwischen Fahrzeug und Fußgänger;;;;;;kein Aufprall;Unfall mit Leichtverletzten;Überschreiten-Unfall;;;;;TRUE;TRUE;;;;1;1;;0;;;0
10355;BWPV200001509343;2020-12-02T17:35:00Z;;;Karlsruhe, Stadt;0;0;0;2;Zusammenstoß mit einbiegendem/kreuzendem Fahrzeug;Kreuzung;"Benutzungspflicht der Radverkehrsanlage; Radverkehrsanlage neben der Fahrbahn / baulich getrennte RVA";Lichtzeichenanlage in Betrieb;;;kein Aufprall;Sonstiger Sachschadensunfall ohne Alkoholeinwirkung;Einbiege-/Kreuzen-Unfall;;;;;FALSE;TRUE;;;;1;0;;1;;;0
10356;BWPV200001509472;2020-12-03T12:10:00Z;;;Karlsruhe, Stadt;0;0;1;2;Zusammenstoß mit anfahrendem/anhaltendem/ruhendem Fahrzeug;;;;;;kein Aufprall;Unfall mit Leichtverletzten;Unfall durch ruhenden Verkehr;;;;;FALSE;TRUE;;;;1;0;;1;;;0
10357;BWPV200001509697;2020-12-04T18:15:00Z;;;Karlsruhe, Stadt;0;0;1;1;Unfall anderer Art;;;;;;kein Aufprall;Unfall mit Leichtverletzten;Sonstiger Unfall;;;;;FALSE;TRUE;;;;1;0;;0;;;0
10358;BWPV200001510005;2020-12-05T18:00:00Z;;;Karlsruhe, Stadt;0;0;1;1;Unfall anderer Art;Gefälle;Haltestelle;;;;kein Aufprall;Unfall mit Leichtverletzten;Fahrunfall;;;;;FALSE;TRUE;;;;1;0;;0;;;0
10359;BWPV200001510505;2020-12-07T07:00:00Z;;;Karlsruhe, Stadt;0;0;1;1;Unfall anderer Art;;Schienengleicher Wegübergang;;;;kein Aufprall;Unfall mit Leichtverletzten;Sonstiger Unfall;;;;;FALSE;TRUE;;;;1;0;;0;;;0
10360;BWPV200001510613;2020-12-04T09:35:00Z;;;Karlsruhe, Stadt;0;0;1;2;Zusammenstoß zwischen Fahrzeug und Fußgänger;Einmündung;;;;;kein Aufprall;Unfall mit Leichtverletzten;Überschreiten-Unfall;;;;;TRUE;FALSE;;;;0;1;;1;;;0
10361;BWPV200001510640;2020-11-27T10:55:00Z;;;Karlsruhe, Stadt;0;1;0;2;Zusammenstoß zwischen Fahrzeug und Fußgänger;;Schienengleicher Wegübergang;;;;kein Aufprall;Unfall mit Schwerverletzten;Überschreiten-Unfall;;;;;TRUE;FALSE;;;;0;1;;0;;;1
10362;BWPV200001510773;2020-12-02T11:30:00Z;;;Karlsruhe, Stadt;0;0;1;2;Zusammenstoß mit einbiegendem/kreuzendem Fahrzeug;Einmündung;;;;;kein Aufprall;Unfall mit Leichtverletzten;Sonstiger Unfall;;;;;FALSE;TRUE;;;;1;0;;1;;;0
10363;BWPV200001511097;2020-12-04T16:46:00Z;;;Karlsruhe, Stadt;0;0;1;2;Zusammenstoß mit einbiegendem/kreuzendem Fahrzeug;Grundstücksein-/ausfahrt;Radverkehrsanlage neben der Fahrbahn / baulich getrennte RVA;;;;kein Aufprall;Unfall mit Leichtverletzten;Einbiege-/Kreuzen-Unfall;;;;;FALSE;TRUE;;;;1;0;;1;;;0
10364;BWPV200001511351;2020-12-02T06:25:00Z;;;Karlsruhe, Stadt;0;0;1;2;Zusammenstoß zwischen Fahrzeug und Fußgänger;;;;;;kein Aufprall;Unfall mit Leichtverletzten;Überschreiten-Unfall;;;;;TRUE;FALSE;;;;0;1;;1;;;0
10365;BWPV200001511394;2020-12-07T07:33:00Z;;;Karlsruhe, Stadt;0;0;1;2;Zusammenstoß zwischen Fahrzeug und Fußgänger;Kreuzung;Fußgängerfurt;Lichtzeichenanlage in Betrieb;;;kein Aufprall;Unfall mit Leichtverletzten;Abbiegeunfall;;;;;TRUE;FALSE;;;;0;1;;1;;;0
10366;BWPV200001511712;2020-12-11T09:25:00Z;;;Karlsruhe, Stadt;0;0;1;2;Zusammenstoß zwischen Fahrzeug und Fußgänger;Grundstücksein-/ausfahrt;;;;;kein Aufprall;Unfall mit Leichtverletzten;Sonstiger Unfall;;;;;TRUE;FALSE;;;;0;1;;1;;;0
10367;BWPV200001511717;2020-12-09T09:45:00Z;;;Karlsruhe, Stadt;0;1;0;2;Zusammenstoß zwischen Fahrzeug und Fußgänger;Einmündung;Fußgängerfurt;Lichtzeichenanlage in Betrieb;;;kein Aufprall;Unfall mit Schwerverletzten;Abbiegeunfall;;;;;TRUE;FALSE;;;;0;1;;1;;;0
10368;BWPV200001511869;2020-12-10T15:30:00Z;;;Karlsruhe, Stadt;0;0;0;2;Zusammenstoß mit einbiegendem/kreuzendem Fahrzeug;;;;;;kein Aufprall;Sonstiger Sachschadensunfall unter Einfluss berauschender Mittel;Einbiege-/Kreuzen-Unfall;;;;;FALSE;TRUE;;;;1;0;;1;;;0
10369;BWPV200001512300;2020-12-08T10:30:00Z;;;Karlsruhe, Stadt;0;0;1;1;Unfall anderer Art;Gefälle;Radverkehrsanlage neben der Fahrbahn / baulich getrennte RVA;;;;kein Aufprall;Unfall mit Leichtverletzten;Fahrunfall;;;;;FALSE;TRUE;;;;1;0;;0;;;0
10370;BWPV200001512351;2020-12-13T18:30:00Z;;;Karlsruhe, Stadt;0;0;1;2;Zusammenstoß mit vorausfahrendem/wartendem Fahrzeug;"Einmündung; Steigung";;;;;kein Aufprall;Unfall mit Leichtverletzten;Abbiegeunfall;;;;;TRUE;FALSE;;;;0;1;;1;;;0
10371;BWPV200001512371;2020-12-03T12:45:00Z;;;Karlsruhe, Stadt;0;1;0;2;Zusammenstoß mit einbiegendem/kreuzendem Fahrzeug;;;;;;kein Aufprall;Unfall mit Schwerverletzten;Einbiege-/Kreuzen-Unfall;;;;;FALSE;TRUE;;;;1;0;;1;;;0
10372;BWPV200001512416;2020-11-29T20:40:00Z;;;Karlsruhe, Stadt;0;1;0;2;Zusammenstoß zwischen Fahrzeug und Fußgänger;Kreuzung;Fußgängerfurt;Lichtzeichenanlage in Betrieb;;;kein Aufprall;Unfall mit Schwerverletzten;Abbiegeunfall;;;;;TRUE;FALSE;;;;0;1;;1;;;0
10373;BWPV200001512793;2020-12-14T17:28:00Z;;;Karlsruhe, Stadt;0;0;0;2;Zusammenstoß mit einbiegendem/kreuzendem Fahrzeug;Kreuzung;;;;;kein Aufprall;Sonstiger Sachschadensunfall ohne Alkoholeinwirkung;Einbiege-/Kreuzen-Unfall;;;;;FALSE;TRUE;;;;1;0;;1;;;0
10374;BWPV200001513065;2020-12-10T06:30:00Z;;;Karlsruhe, Stadt;0;0;1;2;Zusammenstoß mit einbiegendem/kreuzendem Fahrzeug;Einmündung;Radverkehrsanlage auf der Fahrbahn;;;;kein Aufprall;Unfall mit Leichtverletzten;Einbiege-/Kreuzen-Unfall;;;;;FALSE;TRUE;;;;1;0;;1;;;0
10375;BWPV200001513156;2020-12-10T08:15:00Z;;;Karlsruhe, Stadt;0;0;1;2;Zusammenstoß mit vorausfahrendem/wartendem Fahrzeug;;;;;;kein Aufprall;Unfall mit Leichtverletzten;Abbiegeunfall;;;;;FALSE;TRUE;;;;1;0;;1;;;0
10376;BWPV200001513545;2020-12-15T19:30:00Z;;;Karlsruhe, Stadt;0;1;0;1;Unfall anderer Art;;;;;;kein Aufprall;Unfall mit Schwerverletzten;Sonstiger Unfall;;;;;FALSE;TRUE;;;;1;0;;0;;;0
10377;BWPV200001513670;2020-12-17T09:55:00Z;;;Karlsruhe, Stadt;0;0;1;1;Unfall anderer Art;Kreuzung;;;;;sonstiges Hindernis;Unfall mit Leichtverletzten;Sonstiger Unfall;;;;;FALSE;TRUE;;;;1;0;;0;;;0
10378;BWPV200001513733;2020-11-10T11:15:00Z;;;Karlsruhe, Stadt;0;0;1;2;Zusammenstoß mit vorausfahrendem/wartendem Fahrzeug;;;;;;kein Aufprall;Unfall mit Leichtverletzten;Unfall durch ruhenden Verkehr;;;;;FALSE;TRUE;;;;1;0;;1;;;0
10379;BWPV200001513880;2020-12-11T06:55:00Z;;;Karlsruhe, Stadt;0;0;1;2;Zusammenstoß mit einbiegendem/kreuzendem Fahrzeug;Kreuzung;Fußgängerfurt;Lichtzeichenanlage in Betrieb;;;kein Aufprall;Unfall mit Leichtverletzten;Einbiege-/Kreuzen-Unfall;;;;;FALSE;TRUE;;;;1;0;;1;;;0
10380;BWPV200001514694;2020-08-20T01:45:00Z;;;Karlsruhe, Stadt;0;0;1;1;Unfall anderer Art;Einmündung;;;;;kein Aufprall;Unfall mit Leichtverletzten;Sonstiger Unfall;;;;;FALSE;TRUE;;;;1;0;;0;;;0
10381;BWPV200001514758;2020-12-21T11:50:00Z;;;Karlsruhe, Stadt;0;0;1;2;Zusammenstoß mit einbiegendem/kreuzendem Fahrzeug;Kreuzung;Radverkehrsanlage auf der Fahrbahn;Lichtzeichenanlage in Betrieb;;;kein Aufprall;Unfall mit Leichtverletzten;Einbiege-/Kreuzen-Unfall;;;;;FALSE;TRUE;;;;2;0;;0;;;0
10382;BWPV200001514931;2020-12-21T05:50:00Z;;;Karlsruhe, Stadt;0;0;1;1;Abkommen von Fahrbahn nach rechts;;;;;;sonstiges Hindernis;Unfall mit Leichtverletzten;Sonstiger Unfall;;;;;FALSE;TRUE;;;;1;0;;0;;;0
10383;BWPV200001514950;2020-12-14T14:20:00Z;;;Karlsruhe, Stadt;0;0;1;2;Zusammenstoß mit einbiegendem/kreuzendem Fahrzeug;Kreuzung;"Fußgängerfurt; Haltestelle; Schienengleicher Wegübergang";Lichtzeichenanlage in Betrieb;;;kein Aufprall;Unfall mit Leichtverletzten;Einbiege-/Kreuzen-Unfall;;;;;FALSE;TRUE;;;;1;0;;0;;;1
10384;BWPV200001515100;2020-12-16T16:45:00Z;;;Karlsruhe, Stadt;0;0;1;2;Zusammenstoß mit einbiegendem/kreuzendem Fahrzeug;Kreisverkehr;;;;;kein Aufprall;Unfall mit Leichtverletzten;Einbiege-/Kreuzen-Unfall;;;;;FALSE;TRUE;;;;1;0;;1;;;0
10385;BWPV200001515191;2020-10-07T14:42:00Z;;;Karlsruhe, Stadt;0;0;0;2;Zusammenstoß mit einbiegendem/kreuzendem Fahrzeug;;"Fußgängerüberweg (Zebrastreifen); Schienengleicher Wegübergang; Haltestelle";Lichtzeichenanlage in Betrieb;;;kein Aufprall;Sonstiger Sachschadensunfall ohne Alkoholeinwirkung;Einbiege-/Kreuzen-Unfall;;;;;FALSE;TRUE;;;;1;0;;0;;;1
10386;BWPV200001515344;2020-12-22T06:20:00Z;;;Karlsruhe, Stadt;0;0;1;1;Unfall anderer Art;Gefälle;Radverkehrsanlage neben der Fahrbahn / baulich getrennte RVA;;;;kein Aufprall;Unfall mit Leichtverletzten;Sonstiger Unfall;;;;;FALSE;TRUE;;;;1;0;;0;;;0
10387;BWPV200001515449;2020-11-02T14:30:00Z;;;Karlsruhe, Stadt;0;0;0;2;Zusammenstoß mit einbiegendem/kreuzendem Fahrzeug;;Fußgängerüberweg (Zebrastreifen);;;;kein Aufprall;Sonstiger Sachschadensunfall ohne Alkoholeinwirkung;Einbiege-/Kreuzen-Unfall;;;;;FALSE;TRUE;;;;1;0;;1;;;0
10388;BWPV200001515605;2020-12-19T10:25:00Z;;;Karlsruhe, Stadt;0;0;1;2;Zusammenstoß mit einbiegendem/kreuzendem Fahrzeug;Kreisverkehr;;;;;kein Aufprall;Unfall mit Leichtverletzten;Einbiege-/Kreuzen-Unfall;;;;;FALSE;TRUE;;;;1;0;;1;;;0
10389;BWPV200001515950;2020-11-07T14:00:00Z;;;Karlsruhe, Stadt;0;0;1;2;Zusammenstoß mit einbiegendem/kreuzendem Fahrzeug;Kreisverkehr;;;;;kein Aufprall;Unfall mit Leichtverletzten;Einbiege-/Kreuzen-Unfall;;;;;FALSE;TRUE;;;;1;0;;1;;;0
10390;BWPV200001516298;2020-12-16T14:40:00Z;;;Karlsruhe, Stadt;0;1;0;2;Zusammenstoß zwischen Fahrzeug und Fußgänger;;;;;;kein Aufprall;Unfall mit Schwerverletzten;Überschreiten-Unfall;;;;;TRUE;TRUE;;;;1;1;;0;;;0
10391;BWPV200001517084;2020-12-31T07:09:00Z;;;Karlsruhe, Stadt;0;0;1;1;Abkommen von Fahrbahn nach links;"Kreuzung; Kurve";;;;;kein Aufprall;Unfall mit Leichtverletzten;Fahrunfall;;;;;FALSE;TRUE;;;;1;0;;0;;;0
10392;BWPV200001517732;2020-12-24T12:29:00Z;;;Karlsruhe, Stadt;0;0;1;1;Unfall anderer Art;;;;;;kein Aufprall;Unfall mit Leichtverletzten;Sonstiger Unfall;;;;;FALSE;TRUE;;;;1;0;;0;;;0
10393;BWPV200001518436;2020-12-14T06:00:00Z;;;Karlsruhe, Stadt;0;0;1;2;Zusammenstoß mit vorausfahrendem/wartendem Fahrzeug;Einmündung;Radverkehrsanlage neben der Fahrbahn / baulich getrennte RVA;;;;kein Aufprall;Unfall mit Leichtverletzten;Einbiege-/Kreuzen-Unfall;;;;;FALSE;TRUE;;;;1;0;;1;;;0
10394;BWPV200001518862;2020-12-12T12:10:00Z;;;Karlsruhe, Stadt;0;1;0;2;Zusammenstoß mit einbiegendem/kreuzendem Fahrzeug;Einmündung;"Benutzungspflicht der Radverkehrsanlage; Radverkehrsanlage neben der Fahrbahn / baulich getrennte RVA";;;;kein Aufprall;Unfall mit Schwerverletzten;Einbiege-/Kreuzen-Unfall;;;;;FALSE;TRUE;;;;1;0;;1;;;0
10395;BWPV200001520292;2020-11-02T23:00:00Z;;;Karlsruhe, Stadt;0;0;0;2;Zusammenstoß mit anfahrendem/anhaltendem/ruhendem Fahrzeug;;;;;;kein Aufprall;Sonstiger Sachschadensunfall ohne Alkoholeinwirkung;Sonstiger Unfall;;;;;FALSE;TRUE;;;;1;0;;1;;;0
10396;BWPV200001517533;2021-01-02T13:00:00Z;;;Karlsruhe, Stadt;0;0;0;2;Zusammenstoß mit einbiegendem/kreuzendem Fahrzeug;Einmündung;;;;;kein Aufprall;Sonstiger Sachschadensunfall ohne Alkoholeinwirkung;Einbiege-/Kreuzen-Unfall;;;;;FALSE;TRUE;;;;1;0;;1;;;0
10397;BWPV200001517830;2021-01-04T10:00:00Z;;;Karlsruhe, Stadt;0;0;1;2;Zusammenstoß mit einbiegendem/kreuzendem Fahrzeug;Einmündung;;;;;kein Aufprall;Unfall mit Leichtverletzten;Einbiege-/Kreuzen-Unfall;;;;;FALSE;TRUE;;;;1;0;;1;;;0
10398;BWPV200001518271;2021-01-07T09:30:00Z;;;Karlsruhe, Stadt;0;0;1;2;Zusammenstoß mit einbiegendem/kreuzendem Fahrzeug;Einmündung;Radverkehrsanlage neben der Fahrbahn / baulich getrennte RVA;;;;kein Aufprall;Unfall mit Leichtverletzten;Einbiege-/Kreuzen-Unfall;;;;;FALSE;TRUE;;;;1;0;;1;;;0
10399;BWPV200001518363;2021-01-08T11:20:00Z;;;Karlsruhe, Stadt;0;1;0;2;Zusammenstoß zwischen Fahrzeug und Fußgänger;;"Fußgängerfurt; Schienengleicher Wegübergang; Haltestelle";Lichtzeichenanlage in Betrieb;;;kein Aufprall;Unfall mit Schwerverletzten;Überschreiten-Unfall;;;;;TRUE;FALSE;;;;0;1;;0;;;1
10400;BWPV200001518531;2021-01-04T15:15:00Z;;;Karlsruhe, Stadt;0;0;1;3;Unfall anderer Art;Kreuzung;;Lichtzeichenanlage in Betrieb;;;kein Aufprall;Unfall mit Leichtverletzten;Abbiegeunfall;;;;;FALSE;TRUE;;;;1;0;;2;;;0
10401;BWPV200001518800;2021-01-08T14:15:00Z;;;Karlsruhe, Stadt;0;0;1;2;Zusammenstoß mit einbiegendem/kreuzendem Fahrzeug;Kreuzung;;Lichtzeichenanlage in Betrieb;;;kein Aufprall;Unfall mit Leichtverletzten;Abbiegeunfall;;;;;FALSE;TRUE;;;;1;0;;1;;;0
10402;BWPV200001518949;2021-01-05T14:00:00Z;;;Karlsruhe, Stadt;0;0;1;2;Zusammenstoß zwischen Fahrzeug und Fußgänger;;;;;;kein Aufprall;Unfall mit Leichtverletzten;Unfall im Längsverkehr;;;;;TRUE;TRUE;;;;1;1;;0;;;0
10403;BWPV200001519351;2021-01-13T06:05:00Z;;;Karlsruhe, Stadt;0;1;0;1;Unfall anderer Art;Kreisverkehr;;;;;kein Aufprall;Unfall mit Schwerverletzten;Fahrunfall;;;;;FALSE;TRUE;;;;1;0;;0;;;0
10404;BWPV200001519381;2021-01-11T16:00:00Z;;;Karlsruhe, Stadt;0;0;1;2;Zusammenstoß mit einbiegendem/kreuzendem Fahrzeug;Kreuzung;Radverkehrsanlage auf der Fahrbahn;;;;kein Aufprall;Unfall mit Leichtverletzten;Einbiege-/Kreuzen-Unfall;;;;;FALSE;TRUE;;;;1;0;;1;;;0
10405;BWPV200001519654;2021-01-11T05:55:00Z;;;Karlsruhe, Stadt;0;1;0;2;Zusammenstoß mit anfahrendem/anhaltendem/ruhendem Fahrzeug;;;;;;kein Aufprall;Unfall mit Schwerverletzten;Unfall durch ruhenden Verkehr;;;;;FALSE;TRUE;;;;1;0;;1;;;0
10406;BWPV200001520432;2021-01-11T13:15:00Z;;;Karlsruhe, Stadt;0;0;1;2;Zusammenstoß mit seitlich in gleicher Richtung fahrendem Fahrzeug;Kreuzung;Radverkehrsanlage auf der Fahrbahn;;;;kein Aufprall;Unfall mit Leichtverletzten;Unfall im Längsverkehr;;;;;FALSE;TRUE;;;;1;0;;1;;;0
10407;BWPV200001520930;2021-01-15T12:40:00Z;;;Karlsruhe, Stadt;0;0;1;2;Zusammenstoß mit einbiegendem/kreuzendem Fahrzeug;Kreuzung;Radverkehrsanlage neben der Fahrbahn / baulich getrennte RVA;Lichtzeichenanlage in Betrieb;;;kein Aufprall;Unfall mit Leichtverletzten;Abbiegeunfall;;;;;FALSE;TRUE;;;;1;0;;1;;;0
10408;BWPV200001520978;2021-01-20T06:40:00Z;;;Karlsruhe, Stadt;0;0;1;1;Unfall anderer Art;Einmündung;;;;;kein Aufprall;Unfall mit Leichtverletzten;Fahrunfall;;;;;FALSE;TRUE;;;;1;0;;0;;;0
10409;BWPV200001520981;2021-01-20T07:50:00Z;;;Karlsruhe, Stadt;0;0;1;2;Zusammenstoß mit einbiegendem/kreuzendem Fahrzeug;Kreuzung;Radverkehrsanlage auf der Fahrbahn;;;;kein Aufprall;Unfall mit Leichtverletzten;Abbiegeunfall;;;;;FALSE;TRUE;;;;1;0;;1;;;0
10410;BWPV200001521248;2021-01-19T06:40:00Z;;;Karlsruhe, Stadt;0;0;1;2;Zusammenstoß mit einbiegendem/kreuzendem Fahrzeug;Kreisverkehr;;;;;kein Aufprall;Unfall mit Leichtverletzten;Einbiege-/Kreuzen-Unfall;;;;;FALSE;TRUE;;;;1;0;;1;;;0
10411;BWPV200001521312;2021-01-18T15:15:00Z;;;Karlsruhe, Stadt;0;0;1;2;Zusammenstoß mit einbiegendem/kreuzendem Fahrzeug;Einmündung;;;;;kein Aufprall;Unfall mit Leichtverletzten;Einbiege-/Kreuzen-Unfall;;;;;FALSE;TRUE;;;;1;0;;0;;;1
10412;BWPV200001521344;2021-01-19T17:35:00Z;;;Karlsruhe, Stadt;0;1;0;1;Unfall anderer Art;Einmündung;Radverkehrsanlage neben der Fahrbahn / baulich getrennte RVA;Lichtzeichenanlage in Betrieb;;;kein Aufprall;Unfall mit Schwerverletzten;Sonstiger Unfall;;;;;FALSE;TRUE;;;;1;0;;0;;;0
10413;BWPV200001521350;2021-01-19T12:10:00Z;;;Karlsruhe, Stadt;0;0;1;2;Zusammenstoß mit einbiegendem/kreuzendem Fahrzeug;Einmündung;;;;;kein Aufprall;Unfall mit Leichtverletzten;Einbiege-/Kreuzen-Unfall;;;;;FALSE;TRUE;;;;1;0;;1;;;0
10414;BWPV200001521930;2021-01-12T14:30:00Z;;;Karlsruhe, Stadt;0;0;1;2;Zusammenstoß mit einbiegendem/kreuzendem Fahrzeug;Grundstücksein-/ausfahrt;Radverkehrsanlage auf der Fahrbahn;;;;kein Aufprall;Unfall mit Leichtverletzten;Einbiege-/Kreuzen-Unfall;;;;;FALSE;TRUE;;;;1;0;;1;;;0
10415;BWPV200001521944;2021-01-23T16:00:00Z;;;Karlsruhe, Stadt;0;0;0;2;Zusammenstoß mit anfahrendem/anhaltendem/ruhendem Fahrzeug;;;;;;kein Aufprall;Sonstiger Sachschadensunfall ohne Alkoholeinwirkung;Unfall durch ruhenden Verkehr;;;;;FALSE;TRUE;;;;1;0;;1;;;0
10416;BWPV200001522069;2021-01-14T05:45:00Z;;;Karlsruhe, Stadt;0;1;0;2;Zusammenstoß zwischen Fahrzeug und Fußgänger;;Fußgängerüberweg (Zebrastreifen);;;;kein Aufprall;Unfall mit Schwerverletzten;Überschreiten-Unfall;;;;;TRUE;FALSE;;;;0;1;;1;;;0
10417;BWPV200001522188;2021-01-23T11:36:00Z;;;Karlsruhe, Stadt;0;0;1;2;Zusammenstoß mit anfahrendem/anhaltendem/ruhendem Fahrzeug;;;;;;kein Aufprall;Unfall mit Leichtverletzten;Sonstiger Unfall;;;;;FALSE;TRUE;;;;1;0;;1;;;0
10418;BWPV200001522287;2021-01-20T14:35:00Z;;;Karlsruhe, Stadt;0;0;1;2;Zusammenstoß zwischen Fahrzeug und Fußgänger;;Fußgängerfurt;Lichtzeichenanlage in Betrieb;;;kein Aufprall;Unfall mit Leichtverletzten;Unfall im Längsverkehr;;;;;TRUE;FALSE;;;;0;1;;0;;;1
10419;BWPV200001522507;2021-01-25T19:09:00Z;;;Karlsruhe, Stadt;0;0;0;2;Zusammenstoß mit einbiegendem/kreuzendem Fahrzeug;Kreuzung;;;;;kein Aufprall;Sonstiger Sachschadensunfall ohne Alkoholeinwirkung;Einbiege-/Kreuzen-Unfall;;;;;FALSE;TRUE;;;;1;0;;1;;;0
10420;BWPV200001522553;2021-01-24T15:10:00Z;;;Karlsruhe, Stadt;0;0;1;2;Zusammenstoß mit einbiegendem/kreuzendem Fahrzeug;;Radverkehrsanlage neben der Fahrbahn / baulich getrennte RVA;;;;kein Aufprall;Unfall mit Leichtverletzten;Einbiege-/Kreuzen-Unfall;;;;;FALSE;TRUE;;;;1;0;;1;;;0
10421;BWPV200001522807;2021-01-20T16:30:00Z;;;Karlsruhe, Stadt;0;0;0;2;Zusammenstoß mit einbiegendem/kreuzendem Fahrzeug;Einmündung;Radverkehrsanlage auf der Fahrbahn;;;;kein Aufprall;Sonstiger Sachschadensunfall ohne Alkoholeinwirkung;Einbiege-/Kreuzen-Unfall;;;;;FALSE;TRUE;;;;1;0;;1;;;0
10422;BWPV200001523083;2021-01-22T20:10:00Z;;;Karlsruhe, Stadt;0;0;1;2;Zusammenstoß mit einbiegendem/kreuzendem Fahrzeug;Kreuzung;"Fußgängerfurt; Haltestelle";Lichtzeichenanlage in Betrieb;;;kein Aufprall;Unfall mit Leichtverletzten;Einbiege-/Kreuzen-Unfall;;;;;FALSE;TRUE;;;;1;0;;1;;;0
10423;BWPV200001523226;2021-01-19T11:00:00Z;;;Karlsruhe, Stadt;0;0;0;2;Zusammenstoß mit anfahrendem/anhaltendem/ruhendem Fahrzeug;;;;;;kein Aufprall;Sonstiger Sachschadensunfall ohne Alkoholeinwirkung;Unfall durch ruhenden Verkehr;;;;;FALSE;TRUE;;;;1;0;;1;;;0
10424;BWPV200001523535;2021-01-29T13:00:00Z;;;Karlsruhe, Stadt;0;0;1;2;Zusammenstoß mit einbiegendem/kreuzendem Fahrzeug;;Haltestelle;;;;kein Aufprall;Unfall mit Leichtverletzten;Einbiege-/Kreuzen-Unfall;;;;;FALSE;TRUE;;;;1;0;;1;;;0
10425;BWPV200001523587;2021-01-25T19:10:00Z;;;Karlsruhe, Stadt;0;0;1;2;Zusammenstoß mit einbiegendem/kreuzendem Fahrzeug;;;;;;kein Aufprall;Unfall mit Leichtverletzten;Einbiege-/Kreuzen-Unfall;;;;;FALSE;TRUE;;;;1;0;;1;;;0
10426;BWPV200001524271;2021-01-29T15:00:00Z;;;Karlsruhe, Stadt;0;0;1;2;Zusammenstoß mit einbiegendem/kreuzendem Fahrzeug;Grundstücksein-/ausfahrt;;;;;kein Aufprall;Unfall mit Leichtverletzten;Sonstiger Unfall;;;;;FALSE;TRUE;;;;1;0;;1;;;0