Unfall_ID;Original_Unfall_ID;Datum + Uhrzeit;Koordinaten Breitengrad;Koordinaten Längengrad;Gemeinde;Anzahl der Getöteten;Anzahl der Schwerverletzten;Anzahl der Leichtverletzten;Anzahl Beteiligte;Unfallart;Charakteristik;Besonderheiten;Lichtzeichenanlage;Lichtverhältnisse;Straßenzustand;Aufprall auf Hindernis;Unfallkategorie;Unfalltyp;Beteiligter 1: Ursachen;Beteiligter 2: Ursachen;Beteiligter 1: Verkehrsbeteiligung;Beteiligter 2: Verkehrsbeteiligung;beteiligt_fuss;beteiligt_fahrrad;beteiligt_pkw;beteiligt_sonst_kfz;beteiligt_sonst;Anzahl Fahrrad;Anzahl zu Fuß;Anzahl Pkw;Anzahl Pkw/Lkw/Bus;Anzahl sonstige Kfz;Anzahl sonstige;Anzahl sonstige Verkehrsmittel
12876;BWPV230002213762;2023-07-06T18:00:00Z;;;Karlsruhe, Stadt;0;0;0;2;Unfall anderer Art;;;;;;kein Aufprall;Sonstiger Sachschadensunfall ohne Alkoholeinwirkung;Sonstiger Unfall;;;;;TRUE;FALSE;;;;0;1;;1;;;0
12877;BWPV230002213808;2023-07-16T18:30:00Z;;;Karlsruhe, Stadt;0;1;0;2;Zusammenstoß mit einbiegendem/kreuzendem Fahrzeug;;Schienengleicher Wegübergang;Lichtzeichenanlage in Betrieb;;;kein Aufprall;Unfall mit Schwerverletzten;Einbiege-/Kreuzen-Unfall;;;;;FALSE;TRUE;;;;1;0;;0;;;1
12878;BWPV230002213878;2023-07-11T07:25:00Z;;;Karlsruhe, Stadt;0;0;2;2;Zusammenstoß mit einbiegendem/kreuzendem Fahrzeug;Einmündung;;;;;kein Aufprall;Unfall mit Leichtverletzten;Einbiege-/Kreuzen-Unfall;;;;;FALSE;TRUE;;;;2;0;;0;;;0
12879;BWPV230002213903;2023-07-14T20:15:00Z;;;Karlsruhe, Stadt;0;0;1;2;Unfall anderer Art;Kreuzung;;Lichtzeichenanlage in Betrieb;;;kein Aufprall;Unfall mit Leichtverletzten;Abbiegeunfall;;;;;FALSE;TRUE;;;;1;0;;0;;;1
12880;BWPV230002214114;2023-07-05T07:47:00Z;;;Karlsruhe, Stadt;0;0;1;2;Zusammenstoß mit einbiegendem/kreuzendem Fahrzeug;Einmündung;Radverkehrsanlage auf der Fahrbahn;;;;kein Aufprall;Unfall mit Leichtverletzten;Abbiegeunfall;;;;;FALSE;TRUE;;;;1;0;;1;;;0
12881;BWPV230002214615;2023-07-13T12:40:00Z;;;Karlsruhe, Stadt;0;0;1;2;Zusammenstoß mit seitlich in gleicher Richtung fahrendem Fahrzeug;;Radverkehrsanlage neben der Fahrbahn / baulich getrennte RVA;;;;kein Aufprall;Unfall mit Leichtverletzten;Unfall im Längsverkehr;;;;;FALSE;TRUE;;;;2;0;;0;;;0
12882;BWPV230002214940;2023-07-17T19:55:00Z;;;Karlsruhe, Stadt;0;0;1;1;Unfall anderer Art;;;;;;kein Aufprall;Unfall mit Leichtverletzten;Fahrunfall;;;;;FALSE;TRUE;;;;1;0;;0;;;0
12883;BWPV230002214953;2023-07-17T19:40:00Z;;;Karlsruhe, Stadt;0;1;0;1;Unfall anderer Art;;;;;;kein Aufprall;Unfall mit Schwerverletzten;Sonstiger Unfall;;;;;FALSE;TRUE;;;;1;0;;0;;;0
12884;BWPV230002215671;2023-07-18T10:40:00Z;;;Karlsruhe, Stadt;0;0;0;2;Unfall anderer Art;;;;;;kein Aufprall;Sonstiger Sachschadensunfall ohne Alkoholeinwirkung;Unfall durch ruhenden Verkehr;;;;;FALSE;TRUE;;;;1;0;;1;;;0
12885;BWPV230002216012;2023-07-12T12:01:00Z;;;Karlsruhe, Stadt;0;0;0;3;Zusammenstoß mit vorausfahrendem/wartendem Fahrzeug;"Einmündung; Gefälle";;;;;kein Aufprall;Sonstiger Sachschadensunfall ohne Alkoholeinwirkung;Einbiege-/Kreuzen-Unfall;;;;;FALSE;TRUE;;;;1;0;;2;;;0
12886;BWPV230002216119;2023-07-17T15:10:00Z;;;Karlsruhe, Stadt;0;0;1;2;Zusammenstoß mit einbiegendem/kreuzendem Fahrzeug;Kreuzung;;;;;kein Aufprall;Unfall mit Leichtverletzten;Einbiege-/Kreuzen-Unfall;;;;;FALSE;TRUE;;;;1;0;;1;;;0
12887;BWPV230002216283;2023-07-18T09:00:00Z;;;Karlsruhe, Stadt;0;0;1;2;Zusammenstoß zwischen Fahrzeug und Fußgänger;;;;;;kein Aufprall;Unfall mit Leichtverletzten;Überschreiten-Unfall;;;;;TRUE;TRUE;;;;1;1;;0;;;0
12888;BWPV230002216484;2023-07-11T05:55:00Z;;;Karlsruhe, Stadt;0;0;1;2;Unfall anderer Art;Kreuzung;;;;;kein Aufprall;Unfall mit Leichtverletzten;Einbiege-/Kreuzen-Unfall;;;;;FALSE;TRUE;;;;1;0;;1;;;0
12889;BWPV230002216936;2023-07-18T16:15:00Z;;;Karlsruhe, Stadt;0;0;1;2;Zusammenstoß mit anfahrendem/anhaltendem/ruhendem Fahrzeug;;;;;;kein Aufprall;Unfall mit Leichtverletzten;Unfall durch ruhenden Verkehr;;;;;FALSE;TRUE;;;;1;0;;1;;;0
12890;BWPV230002216972;2023-07-19T16:55:00Z;;;Karlsruhe, Stadt;0;0;0;2;Unfall anderer Art;Kreuzung;;Lichtzeichenanlage in Betrieb;;;kein Aufprall;Sonstiger Sachschadensunfall ohne Alkoholeinwirkung;Einbiege-/Kreuzen-Unfall;;;;;FALSE;TRUE;;;;1;0;;0;;;1
12891;BWPV230002217053;2023-07-19T17:07:00Z;;;Karlsruhe, Stadt;0;0;1;2;Zusammenstoß mit einbiegendem/kreuzendem Fahrzeug;Kreisverkehr;;;;;kein Aufprall;Unfall mit Leichtverletzten;Einbiege-/Kreuzen-Unfall;;;;;FALSE;TRUE;;;;1;0;;1;;;0
12892;BWPV230002217139;2023-07-15T17:28:00Z;;;Karlsruhe, Stadt;0;0;1;1;Abkommen von Fahrbahn nach rechts;;;;;;kein Aufprall;Unfall mit Leichtverletzten;Sonstiger Unfall;;;;;FALSE;TRUE;;;;1;0;;0;;;0
12893;BWPV230002217217;2023-06-27T20:30:00Z;;;Karlsruhe, Stadt;0;0;1;1;Unfall anderer Art;;Haltestelle;;;;kein Aufprall;Unfall mit Leichtverletzten;Sonstiger Unfall;;;;;FALSE;TRUE;;;;1;0;;0;;;0
12894;BWPV230002217419;2023-07-10T08:47:00Z;;;Karlsruhe, Stadt;0;0;0;2;Zusammenstoß mit seitlich in gleicher Richtung fahrendem Fahrzeug;;;;;;kein Aufprall;Sonstiger Sachschadensunfall ohne Alkoholeinwirkung;Unfall im Längsverkehr;;;;;FALSE;TRUE;;;;1;0;;1;;;0
12895;BWPV230002217664;2023-07-13T14:55:00Z;;;Karlsruhe, Stadt;0;1;1;2;Zusammenstoß mit einbiegendem/kreuzendem Fahrzeug;"Einmündung; Gefälle";;;;;kein Aufprall;Unfall mit Schwerverletzten;Einbiege-/Kreuzen-Unfall;;;;;FALSE;TRUE;;;;2;0;;0;;;0
12896;BWPV230002218148;2023-07-05T17:33:00Z;;;Karlsruhe, Stadt;0;0;1;1;Unfall anderer Art;;Schienengleicher Wegübergang;;;;kein Aufprall;Unfall mit Leichtverletzten;Sonstiger Unfall;;;;;FALSE;TRUE;;;;1;0;;0;;;0
12897;BWPV230002218473;2023-07-19T16:00:00Z;;;Karlsruhe, Stadt;0;0;0;2;Zusammenstoß mit seitlich in gleicher Richtung fahrendem Fahrzeug;Kreuzung;;Lichtzeichenanlage in Betrieb;;;kein Aufprall;Sonstiger Sachschadensunfall ohne Alkoholeinwirkung;Abbiegeunfall;;;;;FALSE;TRUE;;;;1;0;;1;;;0
12898;BWPV230002218521;2023-07-17T12:25:00Z;;;Karlsruhe, Stadt;0;0;0;3;Zusammenstoß mit seitlich in gleicher Richtung fahrendem Fahrzeug;;;;;;kein Aufprall;Sonstiger Sachschadensunfall ohne Alkoholeinwirkung;Unfall im Längsverkehr;;;;;FALSE;TRUE;;;;1;0;;2;;;0
12899;BWPV230002218562;2023-07-11T09:05:00Z;;;Karlsruhe, Stadt;0;1;0;2;Zusammenstoß mit einbiegendem/kreuzendem Fahrzeug;Kreuzung;Schienengleicher Wegübergang;Lichtzeichenanlage in Betrieb;;;kein Aufprall;Unfall mit Schwerverletzten;Einbiege-/Kreuzen-Unfall;;;;;FALSE;TRUE;;;;1;0;;0;;;1
12900;BWPV230002218563;2023-07-13T15:40:00Z;;;Karlsruhe, Stadt;0;0;2;2;Zusammenstoß mit einbiegendem/kreuzendem Fahrzeug;Einmündung;;;;;kein Aufprall;Unfall mit Leichtverletzten;Abbiegeunfall;;;;;FALSE;TRUE;;;;2;0;;0;;;0
12901;BWPV230002218638;2023-07-10T11:10:00Z;;;Karlsruhe, Stadt;0;0;2;2;Zusammenstoß mit entgegenkommendem Fahrzeug;"Gefälle; Kurve";;;;;kein Aufprall;Unfall mit Leichtverletzten;Unfall im Längsverkehr;;;;;FALSE;TRUE;;;;2;0;;0;;;0
12902;BWPV230002218795;2023-07-12T17:50:00Z;;;Karlsruhe, Stadt;0;0;0;2;Zusammenstoß mit anfahrendem/anhaltendem/ruhendem Fahrzeug;;;;;;sonstiges Hindernis;Sonstiger Sachschadensunfall unter Einfluss berauschender Mittel;Sonstiger Unfall;;;;;FALSE;TRUE;;;;1;0;;1;;;0
12903;BWPV230002219426;2023-07-21T12:50:00Z;;;Karlsruhe, Stadt;0;0;0;2;Aufprall auf Fahrbahnhindernis;;;;;;sonstiges Hindernis;Sonstiger Sachschadensunfall ohne Alkoholeinwirkung;Sonstiger Unfall;;;;;TRUE;FALSE;;;;0;1;;1;;;0
12904;BWPV230002220591;2023-07-17T14:46:00Z;;;Karlsruhe, Stadt;0;0;0;2;Unfall anderer Art;Grundstücksein-/ausfahrt;;;;;sonstiges Hindernis;Sonstiger Sachschadensunfall ohne Alkoholeinwirkung;Sonstiger Unfall;;;;;TRUE;FALSE;;;;0;1;;1;;;0
12905;BWPV230002220720;2023-07-23T21:14:00Z;;;Karlsruhe, Stadt;0;0;1;2;Zusammenstoß zwischen Fahrzeug und Fußgänger;;;;;;kein Aufprall;Unfall mit Leichtverletzten;Sonstiger Unfall;;;;;TRUE;FALSE;;;;0;1;;1;;;0
12906;BWPV230002220728;2023-07-12T07:10:00Z;;;Karlsruhe, Stadt;0;0;1;2;Zusammenstoß mit einbiegendem/kreuzendem Fahrzeug;Kreisverkehr;Radverkehrsanlage neben der Fahrbahn / baulich getrennte RVA;;;;kein Aufprall;Unfall mit Leichtverletzten;Einbiege-/Kreuzen-Unfall;;;;;FALSE;TRUE;;;;1;0;;1;;;0
12907;BWPV230002220847;2023-07-21T08:15:00Z;;;Karlsruhe, Stadt;0;0;1;2;Zusammenstoß mit einbiegendem/kreuzendem Fahrzeug;Kreuzung;Radverkehrsanlage neben der Fahrbahn / baulich getrennte RVA;Lichtzeichenanlage in Betrieb;;;kein Aufprall;Unfall mit Leichtverletzten;Abbiegeunfall;;;;;FALSE;TRUE;;;;1;0;;1;;;0
12908;BWPV230002220874;2023-06-30T13:20:00Z;;;Karlsruhe, Stadt;0;0;1;2;Zusammenstoß mit entgegenkommendem Fahrzeug;;Verkehrsberuhigter Bereich;;;;kein Aufprall;Unfall mit Leichtverletzten;Unfall im Längsverkehr;;;;;FALSE;TRUE;;;;2;0;;0;;;0
12909;BWPV230002221289;2023-07-21T16:50:00Z;;;Karlsruhe, Stadt;0;0;1;2;Zusammenstoß mit einbiegendem/kreuzendem Fahrzeug;Einmündung;Radverkehrsanlage neben der Fahrbahn / baulich getrennte RVA;;;;kein Aufprall;Unfall mit Leichtverletzten;Einbiege-/Kreuzen-Unfall;;;;;FALSE;TRUE;;;;1;0;;1;;;0
12910;BWPV230002221296;2023-07-18T05:40:00Z;;;Karlsruhe, Stadt;0;0;1;2;Zusammenstoß mit einbiegendem/kreuzendem Fahrzeug;Grundstücksein-/ausfahrt;;;;;kein Aufprall;Unfall mit Leichtverletzten;Einbiege-/Kreuzen-Unfall;;;;;FALSE;TRUE;;;;1;0;;1;;;0
12911;BWPV230002221312;2023-07-19T06:05:00Z;;;Karlsruhe, Stadt;0;0;1;2;Zusammenstoß mit einbiegendem/kreuzendem Fahrzeug;Einmündung;Radverkehrsanlage auf der Fahrbahn;Lichtzeichenanlage in Betrieb;;;kein Aufprall;Unfall mit Leichtverletzten;Abbiegeunfall;;;;;FALSE;TRUE;;;;1;0;;1;;;0
12912;BWPV230002221401;2023-07-12T15:55:00Z;;;Karlsruhe, Stadt;0;0;1;2;Zusammenstoß mit anfahrendem/anhaltendem/ruhendem Fahrzeug;Kurve;;;;;kein Aufprall;Unfall mit Leichtverletzten;Unfall durch ruhenden Verkehr;;;;;FALSE;TRUE;;;;1;0;;1;;;0
12913;BWPV230002222148;2023-07-21T14:20:00Z;;;Karlsruhe, Stadt;0;0;1;2;Unfall anderer Art;Einmündung;;Lichtzeichenanlage in Betrieb;;;kein Aufprall;Unfall mit Leichtverletzten;Einbiege-/Kreuzen-Unfall;;;;;FALSE;TRUE;;;;1;0;;1;;;0
12914;BWPV230002222219;2023-07-15T10:30:00Z;;;Karlsruhe, Stadt;0;1;0;2;Zusammenstoß mit vorausfahrendem/wartendem Fahrzeug;Grundstücksein-/ausfahrt;;;;;kein Aufprall;Unfall mit Schwerverletzten;Abbiegeunfall;;;;;FALSE;TRUE;;;;1;0;;1;;;0
12915;BWPV230002222248;2023-07-18T15:50:00Z;;;Karlsruhe, Stadt;0;0;1;2;Zusammenstoß mit einbiegendem/kreuzendem Fahrzeug;Einmündung;Radverkehrsanlage neben der Fahrbahn / baulich getrennte RVA;;;;kein Aufprall;Unfall mit Leichtverletzten;Einbiege-/Kreuzen-Unfall;;;;;FALSE;TRUE;;;;1;0;;1;;;0
12916;BWPV230002222340;2023-07-12T11:10:00Z;;;Karlsruhe, Stadt;0;0;1;2;Zusammenstoß mit einbiegendem/kreuzendem Fahrzeug;Kreuzung;Fußgängerüberweg (Zebrastreifen);;;;kein Aufprall;Unfall mit Leichtverletzten;Einbiege-/Kreuzen-Unfall;;;;;FALSE;TRUE;;;;1;0;;1;;;0
12917;BWPV230002222365;2023-07-17T06:14:00Z;;;Karlsruhe, Stadt;0;0;1;2;Zusammenstoß mit einbiegendem/kreuzendem Fahrzeug;Kreuzung;Verkehrsberuhigter Bereich;;;;kein Aufprall;Unfall mit Leichtverletzten;Einbiege-/Kreuzen-Unfall;;;;;FALSE;TRUE;;;;1;0;;1;;;0
12918;BWPV230002222480;2023-07-12T10:10:00Z;;;Karlsruhe, Stadt;0;0;1;2;Zusammenstoß mit einbiegendem/kreuzendem Fahrzeug;Einmündung;;;;;kein Aufprall;Unfall mit Leichtverletzten;Abbiegeunfall;;;;;FALSE;TRUE;;;;1;0;;1;;;0
12919;BWPV230002222738;2023-07-20T20:28:00Z;;;Karlsruhe, Stadt;0;0;1;1;Unfall anderer Art;Kreuzung;Radverkehrsanlage auf der Fahrbahn;;;;kein Aufprall;Unfall mit Leichtverletzten;Sonstiger Unfall;;;;;FALSE;TRUE;;;;1;0;;0;;;0
12920;BWPV230002222931;2023-07-20T08:55:00Z;;;Karlsruhe, Stadt;0;0;1;2;Zusammenstoß zwischen Fahrzeug und Fußgänger;;Fußgängerfurt;Lichtzeichenanlage außer Betrieb;;;kein Aufprall;Unfall mit Leichtverletzten;Unfall im Längsverkehr;;;;;TRUE;TRUE;;;;1;1;;0;;;0
12921;BWPV230002223077;2023-07-03T05:53:00Z;;;Karlsruhe, Stadt;0;0;1;2;Zusammenstoß mit einbiegendem/kreuzendem Fahrzeug;;;;;;kein Aufprall;Unfall mit Leichtverletzten;Abbiegeunfall;;;;;FALSE;TRUE;;;;1;0;;1;;;0
12922;BWPV230002223436;2023-07-26T05:15:00Z;;;Karlsruhe, Stadt;0;0;1;2;Zusammenstoß mit einbiegendem/kreuzendem Fahrzeug;Kreuzung;;;;;kein Aufprall;Unfall mit Leichtverletzten;Abbiegeunfall;;;;;FALSE;TRUE;;;;1;0;;1;;;0
12923;BWPV230002223439;2023-07-25T15:00:00Z;;;Karlsruhe, Stadt;0;0;1;2;Zusammenstoß mit einbiegendem/kreuzendem Fahrzeug;Grundstücksein-/ausfahrt;"Radverkehrsanlage neben der Fahrbahn / baulich getrennte RVA; Benutzungspflicht der Radverkehrsanlage";;;;kein Aufprall;Unfall mit Leichtverletzten;Abbiegeunfall;;;;;FALSE;TRUE;;;;1;0;;1;;;0
12924;BWPV230002223528;2023-07-25T15:40:00Z;;;Karlsruhe, Stadt;0;0;0;2;Zusammenstoß mit anfahrendem/anhaltendem/ruhendem Fahrzeug;;;;;;kein Aufprall;Sonstiger Sachschadensunfall ohne Alkoholeinwirkung;Sonstiger Unfall;;;;;FALSE;TRUE;;;;1;0;;1;;;0
12925;BWPV230002223912;2023-07-26T17:45:00Z;;;Karlsruhe, Stadt;0;0;0;2;Unfall anderer Art;;;;;;kein Aufprall;Sonstiger Sachschadensunfall ohne Alkoholeinwirkung;Sonstiger Unfall;;;;;FALSE;TRUE;;;;1;0;;1;;;0
12926;BWPV230002224334;2023-07-24T07:53:00Z;;;Karlsruhe, Stadt;0;0;1;2;Zusammenstoß mit einbiegendem/kreuzendem Fahrzeug;Kreuzung;;;;;kein Aufprall;Unfall mit Leichtverletzten;Einbiege-/Kreuzen-Unfall;;;;;FALSE;TRUE;;;;1;0;;1;;;0
12927;BWPV230002224441;2023-07-14T16:22:00Z;;;Karlsruhe, Stadt;0;0;1;2;Zusammenstoß mit einbiegendem/kreuzendem Fahrzeug;Einmündung;;;;;kein Aufprall;Unfall mit Leichtverletzten;Sonstiger Unfall;;;;;FALSE;TRUE;;;;1;0;;1;;;0
12928;BWPV230002224521;2023-07-17T14:41:00Z;;;Karlsruhe, Stadt;0;0;0;2;Zusammenstoß mit vorausfahrendem/wartendem Fahrzeug;Einmündung;Radverkehrsanlage auf der Fahrbahn;;;;kein Aufprall;Sonstiger Sachschadensunfall ohne Alkoholeinwirkung;Einbiege-/Kreuzen-Unfall;;;;;FALSE;TRUE;;;;1;0;;1;;;0
12929;BWPV230002224563;2023-07-26T07:45:00Z;;;Karlsruhe, Stadt;0;0;1;2;Zusammenstoß mit einbiegendem/kreuzendem Fahrzeug;Einmündung;Radverkehrsanlage auf der Fahrbahn;Lichtzeichenanlage in Betrieb;;;kein Aufprall;Unfall mit Leichtverletzten;Abbiegeunfall;;;;;FALSE;TRUE;;;;1;0;;1;;;0
12930;BWPV230002224574;2023-07-22T12:00:00Z;;;Karlsruhe, Stadt;0;0;0;2;Unfall anderer Art;;;;;;kein Aufprall;Sonstiger Sachschadensunfall ohne Alkoholeinwirkung;Sonstiger Unfall;;;;;TRUE;FALSE;;;;0;1;;1;;;0
12931;BWPV230002224799;2023-07-27T15:10:00Z;;;Karlsruhe, Stadt;0;1;0;2;Zusammenstoß mit einbiegendem/kreuzendem Fahrzeug;Einmündung;"Radverkehrsanlage auf der Fahrbahn; Benutzungspflicht der Radverkehrsanlage";;;;kein Aufprall;Unfall mit Schwerverletzten;Einbiege-/Kreuzen-Unfall;;;;;FALSE;TRUE;;;;1;0;;1;;;0
12932;BWPV230002224959;2023-07-26T16:40:00Z;;;Karlsruhe, Stadt;0;0;1;1;Unfall anderer Art;;Radverkehrsanlage neben der Fahrbahn / baulich getrennte RVA;;;;kein Aufprall;Unfall mit Leichtverletzten;Sonstiger Unfall;;;;;FALSE;TRUE;;;;1;0;;0;;;0
12933;BWPV230002225267;2023-07-26T16:05:00Z;;;Karlsruhe, Stadt;0;0;1;2;Zusammenstoß mit anfahrendem/anhaltendem/ruhendem Fahrzeug;;;;;;kein Aufprall;Unfall mit Leichtverletzten;Unfall durch ruhenden Verkehr;;;;;FALSE;TRUE;;;;1;0;;1;;;0
12934;BWPV230002225478;2023-07-26T11:25:00Z;;;Karlsruhe, Stadt;0;0;1;1;Unfall anderer Art;Grundstücksein-/ausfahrt;"Radverkehrsanlage neben der Fahrbahn / baulich getrennte RVA; Benutzungspflicht der Radverkehrsanlage";;;;kein Aufprall;Unfall mit Leichtverletzten;Sonstiger Unfall;;;;;FALSE;TRUE;;;;1;0;;0;;;0
12935;BWPV230002225532;2023-07-26T21:00:00Z;;;Karlsruhe, Stadt;0;0;1;1;Unfall anderer Art;;"Radverkehrsanlage neben der Fahrbahn / baulich getrennte RVA; Benutzungspflicht der Radverkehrsanlage";;;;kein Aufprall;Unfall mit Leichtverletzten;Sonstiger Unfall;;;;;FALSE;TRUE;;;;1;0;;0;;;0
12936;BWPV230002225558;2023-07-28T08:40:00Z;;;Karlsruhe, Stadt;0;0;1;2;Zusammenstoß zwischen Fahrzeug und Fußgänger;Kreuzung;Fußgängerfurt;Lichtzeichenanlage in Betrieb;;;kein Aufprall;Unfall mit Leichtverletzten;Abbiegeunfall;;;;;TRUE;TRUE;;;;1;1;;0;;;0
12937;BWPV230002225674;2023-07-20T08:40:00Z;;;Karlsruhe, Stadt;0;0;1;3;Zusammenstoß mit einbiegendem/kreuzendem Fahrzeug;Grundstücksein-/ausfahrt;Radverkehrsanlage neben der Fahrbahn / baulich getrennte RVA;;;;kein Aufprall;Unfall mit Leichtverletzten;Abbiegeunfall;;;;;FALSE;TRUE;;;;1;0;;2;;;0
12938;BWPV230002225831;2023-07-28T08:50:00Z;;;Karlsruhe, Stadt;0;0;1;2;Zusammenstoß zwischen Fahrzeug und Fußgänger;;;;;;kein Aufprall;Unfall mit Leichtverletzten;Unfall im Längsverkehr;;;;;TRUE;TRUE;;;;1;1;;0;;;0
12939;BWPV230002225872;2023-07-27T13:19:00Z;;;Karlsruhe, Stadt;0;0;1;1;Unfall anderer Art;;;;;;kein Aufprall;Unfall mit Leichtverletzten;Sonstiger Unfall;;;;;FALSE;TRUE;;;;1;0;;0;;;0
12940;BWPV230002226707;2023-07-28T13:00:00Z;;;Karlsruhe, Stadt;0;0;0;2;Zusammenstoß mit einbiegendem/kreuzendem Fahrzeug;Einmündung;Fußgängerüberweg (Zebrastreifen);Lichtzeichenanlage in Betrieb;;;kein Aufprall;Sonstiger Sachschadensunfall ohne Alkoholeinwirkung;Abbiegeunfall;;;;;FALSE;TRUE;;;;1;0;;1;;;0
12941;BWPV230002226817;2023-07-29T17:10:00Z;;;Karlsruhe, Stadt;0;0;1;2;Unfall anderer Art;;;;;;kein Aufprall;Unfall mit Leichtverletzten;Überschreiten-Unfall;;;;;TRUE;TRUE;;;;1;1;;0;;;0
12942;BWPV230002226948;2023-07-07T23:51:00Z;;;Karlsruhe, Stadt;0;1;0;1;Abkommen von Fahrbahn nach links;Gefälle;Radverkehrsanlage neben der Fahrbahn / baulich getrennte RVA;;;;kein Aufprall;Unfall mit Schwerverletzten;Fahrunfall;;;;;FALSE;TRUE;;;;1;0;;0;;;0
12943;BWPV230002227673;2023-07-21T17:05:00Z;;;Karlsruhe, Stadt;0;0;1;2;Zusammenstoß zwischen Fahrzeug und Fußgänger;Grundstücksein-/ausfahrt;;;;;kein Aufprall;Unfall mit Leichtverletzten;Einbiege-/Kreuzen-Unfall;;;;;TRUE;FALSE;;;;0;1;;1;;;0
12944;BWPV230002227713;2023-07-08T12:15:00Z;;;Karlsruhe, Stadt;0;0;1;1;Unfall anderer Art;;Schienengleicher Wegübergang;;;;kein Aufprall;Unfall mit Leichtverletzten;Fahrunfall;;;;;FALSE;TRUE;;;;1;0;;0;;;0
12945;BWPV230002227743;2023-07-25T16:31:00Z;;;Karlsruhe, Stadt;0;0;1;1;Unfall anderer Art;Kreuzung;Schienengleicher Wegübergang;;;;kein Aufprall;Unfall mit Leichtverletzten;Fahrunfall;;;;;FALSE;TRUE;;;;1;0;;0;;;0
12946;BWPV230002228021;2023-07-18T15:30:00Z;;;Karlsruhe, Stadt;0;0;1;2;Zusammenstoß mit einbiegendem/kreuzendem Fahrzeug;Kreuzung;;;;;kein Aufprall;Unfall mit Leichtverletzten;Einbiege-/Kreuzen-Unfall;;;;;FALSE;TRUE;;;;1;0;;1;;;0
12947;BWPV230002229068;2023-07-31T17:05:00Z;;;Karlsruhe, Stadt;0;0;0;2;Zusammenstoß mit einbiegendem/kreuzendem Fahrzeug;Grundstücksein-/ausfahrt;Radverkehrsanlage neben der Fahrbahn / baulich getrennte RVA;;;;kein Aufprall;Sonstiger Sachschadensunfall ohne Alkoholeinwirkung;Einbiege-/Kreuzen-Unfall;;;;;FALSE;TRUE;;;;1;0;;1;;;0
12948;BWPV230002229643;2023-08-01T06:25:00Z;;;Karlsruhe, Stadt;0;0;1;2;Zusammenstoß mit einbiegendem/kreuzendem Fahrzeug;Kreuzung;Radverkehrsanlage auf der Fahrbahn;;;;kein Aufprall;Unfall mit Leichtverletzten;Einbiege-/Kreuzen-Unfall;;;;;FALSE;TRUE;;;;1;0;;1;;;0
12949;BWPV230002229704;2023-08-01T12:35:00Z;;;Karlsruhe, Stadt;0;0;0;2;Unfall anderer Art;;;;;;kein Aufprall;Sonstiger Sachschadensunfall ohne Alkoholeinwirkung;Sonstiger Unfall;;;;;TRUE;FALSE;;;;0;1;;1;;;0
12950;BWPV230002230368;2023-07-28T15:00:00Z;;;Karlsruhe, Stadt;0;0;1;2;Unfall anderer Art;;;;;;kein Aufprall;Unfall mit Leichtverletzten;Unfall im Längsverkehr;;;;;FALSE;TRUE;;;;1;0;;1;;;0
12951;BWPV230002230512;2023-08-01T14:50:00Z;;;Karlsruhe, Stadt;0;0;0;2;Zusammenstoß mit einbiegendem/kreuzendem Fahrzeug;Kreuzung;"Fußgängerfurt; Radverkehrsanlage auf der Fahrbahn";Lichtzeichenanlage in Betrieb;;;kein Aufprall;Sonstiger Sachschadensunfall ohne Alkoholeinwirkung;Einbiege-/Kreuzen-Unfall;;;;;FALSE;TRUE;;;;1;0;;1;;;0
12952;BWPV230002230990;2023-08-01T09:10:00Z;;;Karlsruhe, Stadt;0;0;1;2;Zusammenstoß mit anfahrendem/anhaltendem/ruhendem Fahrzeug;Gefälle;;;;;kein Aufprall;Unfall mit Leichtverletzten;Unfall durch ruhenden Verkehr;;;;;FALSE;TRUE;;;;1;0;;1;;;0
12953;BWPV230002231027;2023-08-02T08:00:00Z;;;Karlsruhe, Stadt;0;0;1;2;Zusammenstoß mit einbiegendem/kreuzendem Fahrzeug;;;;;;kein Aufprall;Unfall mit Leichtverletzten;Einbiege-/Kreuzen-Unfall;;;;;FALSE;TRUE;;;;1;0;;1;;;0
12954;BWPV230002231028;2023-08-02T08:15:00Z;;;Karlsruhe, Stadt;0;0;1;2;Zusammenstoß mit vorausfahrendem/wartendem Fahrzeug;Grundstücksein-/ausfahrt;;;;;kein Aufprall;Unfall mit Leichtverletzten;Abbiegeunfall;;;;;FALSE;TRUE;;;;2;0;;0;;;0
12955;BWPV230002231037;2023-08-03T05:22:00Z;;;Karlsruhe, Stadt;0;0;1;2;Zusammenstoß mit einbiegendem/kreuzendem Fahrzeug;Grundstücksein-/ausfahrt;;;;;kein Aufprall;Unfall mit Leichtverletzten;Einbiege-/Kreuzen-Unfall;;;;;FALSE;TRUE;;;;1;0;;1;;;0
12956;BWPV230002231115;2023-07-26T13:30:00Z;;;Karlsruhe, Stadt;0;0;0;2;Unfall anderer Art;;;;;;kein Aufprall;Sonstiger Sachschadensunfall ohne Alkoholeinwirkung;Sonstiger Unfall;;;;;TRUE;FALSE;;;;0;1;;1;;;0
12957;BWPV230002231202;2023-07-24T17:52:00Z;;;Karlsruhe, Stadt;0;0;1;2;Zusammenstoß mit anfahrendem/anhaltendem/ruhendem Fahrzeug;;;;;;kein Aufprall;Unfall mit Leichtverletzten;Unfall durch ruhenden Verkehr;;;;;FALSE;TRUE;;;;1;0;;1;;;0