Unfall_ID;Original_Unfall_ID;Datum + Uhrzeit;Koordinaten Breitengrad;Koordinaten Längengrad;Gemeinde;Anzahl der Getöteten;Anzahl der Schwerverletzten;Anzahl der Leichtverletzten;Anzahl Beteiligte;Unfallart;Charakteristik;Besonderheiten;Lichtzeichenanlage;Lichtverhältnisse;Straßenzustand;Aufprall auf Hindernis;Unfallkategorie;Unfalltyp;Beteiligter 1: Ursachen;Beteiligter 2: Ursachen;Beteiligter 1: Verkehrsbeteiligung;Beteiligter 2: Verkehrsbeteiligung;beteiligt_fuss;beteiligt_fahrrad;beteiligt_pkw;beteiligt_sonst_kfz;beteiligt_sonst;Anzahl Fahrrad;Anzahl zu Fuß;Anzahl Pkw;Anzahl Pkw/Lkw/Bus;Anzahl sonstige Kfz;Anzahl sonstige;Anzahl sonstige Verkehrsmittel
13121;BWPV230002281576;2023-09-27T10:00:00Z;;;Karlsruhe, Stadt;0;1;0;2;Zusammenstoß mit einbiegendem/kreuzendem Fahrzeug;;Schienengleicher Wegübergang;Lichtzeichenanlage in Betrieb;;;kein Aufprall;Unfall mit Schwerverletzten;Abbiegeunfall;;;;;FALSE;TRUE;;;;1;0;;0;;;1
13122;BWPV230002281584;2023-09-29T04:00:00Z;;;Karlsruhe, Stadt;0;0;1;2;Zusammenstoß mit einbiegendem/kreuzendem Fahrzeug;Einmündung;;;;;kein Aufprall;Unfall mit Leichtverletzten;Einbiege-/Kreuzen-Unfall;;;;;FALSE;TRUE;;;;1;0;;1;;;0
13123;BWPV230002281780;2023-09-29T06:40:00Z;;;Karlsruhe, Stadt;0;0;1;2;Zusammenstoß mit einbiegendem/kreuzendem Fahrzeug;Kreuzung;Schienengleicher Wegübergang;Lichtzeichenanlage in Betrieb;;;kein Aufprall;Unfall mit Leichtverletzten;Einbiege-/Kreuzen-Unfall;;;;;FALSE;TRUE;;;;1;0;;0;;;1
13124;BWPV230002282261;2023-09-13T13:15:00Z;;;Karlsruhe, Stadt;0;0;0;2;Zusammenstoß mit einbiegendem/kreuzendem Fahrzeug;Einmündung;Radverkehrsanlage auf der Fahrbahn;;;;kein Aufprall;Sonstiger Sachschadensunfall ohne Alkoholeinwirkung;Abbiegeunfall;;;;;FALSE;TRUE;;;;1;0;;1;;;0
13125;BWPV230002282899;2023-09-20T15:59:00Z;;;Karlsruhe, Stadt;0;0;0;2;Zusammenstoß mit einbiegendem/kreuzendem Fahrzeug;Grundstücksein-/ausfahrt;Radverkehrsanlage auf der Fahrbahn;;;;kein Aufprall;Sonstiger Sachschadensunfall ohne Alkoholeinwirkung;Abbiegeunfall;;;;;FALSE;TRUE;;;;1;0;;1;;;0
13126;BWPV230002283279;2023-09-14T15:15:00Z;;;Karlsruhe, Stadt;0;0;0;2;Aufprall auf Fahrbahnhindernis;;;;;;sonstiges Hindernis;Sonstiger Sachschadensunfall ohne Alkoholeinwirkung;Sonstiger Unfall;;;;;TRUE;FALSE;;;;0;1;;1;;;0
13127;BWPV230002283900;2023-10-07T20:40:00Z;;;Karlsruhe, Stadt;0;0;1;2;Zusammenstoß mit anfahrendem/anhaltendem/ruhendem Fahrzeug;;;;;;kein Aufprall;Unfall mit Leichtverletzten;Unfall durch ruhenden Verkehr;;;;;FALSE;TRUE;;;;1;0;;1;;;0
13128;BWPV230002284072;2023-09-15T12:50:00Z;;;Karlsruhe, Stadt;0;0;1;2;Zusammenstoß zwischen Fahrzeug und Fußgänger;;;;;;kein Aufprall;Unfall mit Leichtverletzten;Sonstiger Unfall;;;;;TRUE;TRUE;;;;1;1;;0;;;0
13129;BWPV230002284077;2023-10-07T15:30:00Z;;;Karlsruhe, Stadt;0;0;0;2;Zusammenstoß mit entgegenkommendem Fahrzeug;;;;;;kein Aufprall;Sonstiger Sachschadensunfall ohne Alkoholeinwirkung;Unfall im Längsverkehr;;;;;FALSE;TRUE;;;;1;0;;1;;;0
13130;BWPV230002284222;2023-10-07T11:31:00Z;;;Karlsruhe, Stadt;0;0;0;2;Zusammenstoß mit anfahrendem/anhaltendem/ruhendem Fahrzeug;;;Lichtzeichenanlage in Betrieb;;;kein Aufprall;Sonstiger Sachschadensunfall ohne Alkoholeinwirkung;Unfall durch ruhenden Verkehr;;;;;FALSE;TRUE;;;;1;0;;1;;;0
13131;BWPV230002284392;2023-10-08T14:20:00Z;;;Karlsruhe, Stadt;0;0;0;2;Zusammenstoß mit anfahrendem/anhaltendem/ruhendem Fahrzeug;;;;;;kein Aufprall;Sonstiger Sachschadensunfall ohne Alkoholeinwirkung;Unfall durch ruhenden Verkehr;;;;;FALSE;TRUE;;;;1;0;;1;;;0
13132;BWPV230002284848;2023-10-04T16:05:00Z;;;Karlsruhe, Stadt;0;0;1;2;Zusammenstoß mit einbiegendem/kreuzendem Fahrzeug;Einmündung;Radverkehrsanlage neben der Fahrbahn / baulich getrennte RVA;;;;kein Aufprall;Unfall mit Leichtverletzten;Einbiege-/Kreuzen-Unfall;;;;;FALSE;TRUE;;;;1;0;;1;;;0
13133;BWPV230002284853;2023-10-06T07:45:00Z;;;Karlsruhe, Stadt;0;0;1;2;Zusammenstoß mit einbiegendem/kreuzendem Fahrzeug;;;;;;kein Aufprall;Unfall mit Leichtverletzten;Einbiege-/Kreuzen-Unfall;;;;;FALSE;TRUE;;;;1;0;;1;;;0
13134;BWPV230002284912;2023-09-28T13:50:00Z;;;Karlsruhe, Stadt;0;0;1;2;Zusammenstoß mit einbiegendem/kreuzendem Fahrzeug;Kreuzung;Radverkehrsanlage neben der Fahrbahn / baulich getrennte RVA;;;;kein Aufprall;Unfall mit Leichtverletzten;Abbiegeunfall;;;;;FALSE;TRUE;;;;1;0;;1;;;0
13135;BWPV230002284973;2023-09-28T10:20:00Z;;;Karlsruhe, Stadt;0;0;1;2;Zusammenstoß mit einbiegendem/kreuzendem Fahrzeug;Einmündung;;;;;kein Aufprall;Unfall mit Leichtverletzten;Einbiege-/Kreuzen-Unfall;;;;;FALSE;TRUE;;;;1;0;;1;;;0
13136;BWPV230002285027;2023-10-04T08:10:00Z;;;Karlsruhe, Stadt;0;0;0;2;Zusammenstoß mit einbiegendem/kreuzendem Fahrzeug;Einmündung;Radverkehrsanlage neben der Fahrbahn / baulich getrennte RVA;;;;kein Aufprall;Sonstiger Sachschadensunfall ohne Alkoholeinwirkung;Einbiege-/Kreuzen-Unfall;;;;;FALSE;TRUE;;;;1;0;;1;;;0
13137;BWPV230002285067;2023-09-28T05:45:00Z;;;Karlsruhe, Stadt;0;1;1;2;Zusammenstoß mit vorausfahrendem/wartendem Fahrzeug;Grundstücksein-/ausfahrt;;;;;kein Aufprall;Unfall mit Schwerverletzten;Abbiegeunfall;;;;;FALSE;TRUE;;;;1;0;;0;;;1
13138;BWPV230002285256;2023-09-28T07:35:00Z;;;Karlsruhe, Stadt;0;0;1;2;Zusammenstoß zwischen Fahrzeug und Fußgänger;;;;;;kein Aufprall;Unfall mit Leichtverletzten;Überschreiten-Unfall;;;;;TRUE;FALSE;;;;0;1;;1;;;0
13139;BWPV230002285279;2023-10-05T15:00:00Z;;;Karlsruhe, Stadt;0;0;1;2;Zusammenstoß mit einbiegendem/kreuzendem Fahrzeug;Kreuzung;;;;;kein Aufprall;Unfall mit Leichtverletzten;Einbiege-/Kreuzen-Unfall;;;;;FALSE;TRUE;;;;1;0;;1;;;0
13140;BWPV230002285401;2023-09-28T14:06:00Z;;;Karlsruhe, Stadt;0;0;1;2;Zusammenstoß mit seitlich in gleicher Richtung fahrendem Fahrzeug;;;;;;kein Aufprall;Unfall mit Leichtverletzten;Unfall im Längsverkehr;;;;;FALSE;TRUE;;;;2;0;;0;;;0
13141;BWPV230002285760;2023-09-24T15:10:00Z;;;Karlsruhe, Stadt;0;0;1;2;Zusammenstoß mit einbiegendem/kreuzendem Fahrzeug;Grundstücksein-/ausfahrt;;;;;kein Aufprall;Unfall mit Leichtverletzten;Einbiege-/Kreuzen-Unfall;;;;;FALSE;TRUE;;;;1;0;;1;;;0
13142;BWPV230002285846;2023-10-04T16:05:00Z;;;Karlsruhe, Stadt;0;0;0;2;Unfall anderer Art;;;;;;kein Aufprall;Sonstiger Sachschadensunfall ohne Alkoholeinwirkung;Sonstiger Unfall;;;;;FALSE;TRUE;;;;1;0;;1;;;0
13143;BWPV230002286281;2023-10-09T13:10:00Z;;;Karlsruhe, Stadt;0;0;1;3;Zusammenstoß mit einbiegendem/kreuzendem Fahrzeug;;Radverkehrsanlage auf der Fahrbahn;;;;kein Aufprall;Unfall mit Leichtverletzten;Unfall durch ruhenden Verkehr;;;;;FALSE;TRUE;;;;1;0;;2;;;0
13144;BWPV230002287008;2023-09-30T13:15:00Z;;;Karlsruhe, Stadt;0;1;0;2;Zusammenstoß mit einbiegendem/kreuzendem Fahrzeug;Grundstücksein-/ausfahrt;Radverkehrsanlage auf der Fahrbahn;;;;kein Aufprall;Unfall mit Schwerverletzten;Einbiege-/Kreuzen-Unfall;;;;;FALSE;TRUE;;;;1;0;;1;;;0
13145;BWPV230002287049;2023-10-02T09:15:00Z;;;Karlsruhe, Stadt;0;0;1;2;Zusammenstoß mit einbiegendem/kreuzendem Fahrzeug;Kreuzung;Radverkehrsanlage neben der Fahrbahn / baulich getrennte RVA;;;;kein Aufprall;Unfall mit Leichtverletzten;Einbiege-/Kreuzen-Unfall;;;;;FALSE;TRUE;;;;1;0;;1;;;0
13146;BWPV230002287204;2023-10-06T12:51:00Z;;;Karlsruhe, Stadt;0;0;0;2;Unfall anderer Art;;;;;;sonstiges Hindernis;Sonstiger Sachschadensunfall ohne Alkoholeinwirkung;Sonstiger Unfall;;;;;TRUE;FALSE;;;;0;1;;1;;;0
13147;BWPV230002287650;2023-10-10T16:02:00Z;;;Karlsruhe, Stadt;0;0;0;2;Unfall anderer Art;;;;;;kein Aufprall;Sonstiger Sachschadensunfall ohne Alkoholeinwirkung;Sonstiger Unfall;;;;;TRUE;FALSE;;;;0;1;;1;;;0
13148;BWPV230002287722;2023-10-01T16:15:00Z;;;Karlsruhe, Stadt;0;0;0;2;Unfall anderer Art;;;;;;kein Aufprall;Sonstiger Sachschadensunfall ohne Alkoholeinwirkung;Fahrunfall;;;;;TRUE;FALSE;;;;0;1;;1;;;0
13149;BWPV230002287955;2023-10-11T15:00:00Z;;;Karlsruhe, Stadt;0;0;1;2;Unfall anderer Art;Einmündung;Radverkehrsanlage neben der Fahrbahn / baulich getrennte RVA;Lichtzeichenanlage in Betrieb;;;kein Aufprall;Unfall mit Leichtverletzten;Abbiegeunfall;;;;;FALSE;TRUE;;;;1;0;;1;;;0
13150;BWPV230002288022;2023-10-12T06:35:00Z;;;Karlsruhe, Stadt;0;0;1;1;Unfall anderer Art;;;;;;kein Aufprall;Unfall mit Leichtverletzten;Sonstiger Unfall;;;;;FALSE;TRUE;;;;1;0;;0;;;0
13151;BWPV230002289012;2023-10-04T18:30:00Z;;;Karlsruhe, Stadt;0;0;1;2;Zusammenstoß mit einbiegendem/kreuzendem Fahrzeug;Einmündung;Radverkehrsanlage neben der Fahrbahn / baulich getrennte RVA;;;;kein Aufprall;Unfall mit Leichtverletzten;Abbiegeunfall;;;;;FALSE;TRUE;;;;1;0;;1;;;0
13152;BWPV230002289233;2023-10-02T13:19:00Z;;;Karlsruhe, Stadt;0;1;0;2;Zusammenstoß mit einbiegendem/kreuzendem Fahrzeug;"Gefälle; Einmündung";Radverkehrsanlage neben der Fahrbahn / baulich getrennte RVA;;;;kein Aufprall;Unfall mit Schwerverletzten;Abbiegeunfall;;;;;FALSE;TRUE;;;;1;0;;1;;;0
13153;BWPV230002289246;2023-10-05T07:15:00Z;;;Karlsruhe, Stadt;0;0;1;2;Zusammenstoß mit einbiegendem/kreuzendem Fahrzeug;Kreisverkehr;;;;;kein Aufprall;Unfall mit Leichtverletzten;Einbiege-/Kreuzen-Unfall;;;;;FALSE;TRUE;;;;1;0;;1;;;0
13154;BWPV230002289521;2023-10-14T01:30:00Z;;;Karlsruhe, Stadt;0;0;0;2;Zusammenstoß mit anfahrendem/anhaltendem/ruhendem Fahrzeug;;;;;;kein Aufprall;Sonstiger Sachschadensunfall ohne Alkoholeinwirkung;Unfall durch ruhenden Verkehr;;;;;FALSE;TRUE;;;;1;0;;1;;;0
13155;BWPV230002290049;2023-10-07T13:10:00Z;;;Karlsruhe, Stadt;0;0;0;2;Zusammenstoß mit anfahrendem/anhaltendem/ruhendem Fahrzeug;;;;;;kein Aufprall;Sonstiger Sachschadensunfall ohne Alkoholeinwirkung;Sonstiger Unfall;;;;;FALSE;TRUE;;;;1;0;;1;;;0
13156;BWPV230002290136;2023-10-13T12:05:00Z;;;Karlsruhe, Stadt;0;0;0;2;Unfall anderer Art;;;;;;kein Aufprall;Sonstiger Sachschadensunfall ohne Alkoholeinwirkung;Sonstiger Unfall;;;;;FALSE;TRUE;;;;1;0;;1;;;0
13157;BWPV230002290561;2023-09-30T16:34:00Z;;;Karlsruhe, Stadt;0;0;1;2;Zusammenstoß mit anfahrendem/anhaltendem/ruhendem Fahrzeug;;Radverkehrsanlage auf der Fahrbahn;;;;kein Aufprall;Unfall mit Leichtverletzten;Unfall durch ruhenden Verkehr;;;;;FALSE;TRUE;;;;1;0;;1;;;0
13158;BWPV230002290681;2023-10-05T15:50:00Z;;;Karlsruhe, Stadt;0;0;1;2;Zusammenstoß zwischen Fahrzeug und Fußgänger;Gefälle;Radverkehrsanlage neben der Fahrbahn / baulich getrennte RVA;;;;kein Aufprall;Unfall mit Leichtverletzten;Überschreiten-Unfall;;;;;TRUE;TRUE;;;;1;1;;0;;;0
13159;BWPV230002291443;2023-10-12T06:04:00Z;;;Karlsruhe, Stadt;0;0;1;1;Unfall anderer Art;;;;;;sonstiges Hindernis;Unfall mit Leichtverletzten;Sonstiger Unfall;;;;;FALSE;TRUE;;;;1;0;;0;;;0
13160;BWPV230002291633;2023-10-08T00:10:00Z;;;Karlsruhe, Stadt;0;0;1;2;Zusammenstoß mit einbiegendem/kreuzendem Fahrzeug;Einmündung;Radverkehrsanlage neben der Fahrbahn / baulich getrennte RVA;;;;kein Aufprall;Unfall mit Leichtverletzten;Abbiegeunfall;;;;;FALSE;TRUE;;;;1;0;;1;;;0
13161;BWPV230002291690;2023-10-16T13:35:00Z;;;Karlsruhe, Stadt;0;0;1;1;Unfall anderer Art;;Schienengleicher Wegübergang;;;;kein Aufprall;Unfall mit Leichtverletzten;Sonstiger Unfall;;;;;FALSE;TRUE;;;;1;0;;0;;;0
13162;BWPV230002291858;2023-09-22T20:45:00Z;;;Karlsruhe, Stadt;0;0;0;2;Zusammenstoß mit anfahrendem/anhaltendem/ruhendem Fahrzeug;;;;;;kein Aufprall;Sonstiger Sachschadensunfall ohne Alkoholeinwirkung;Unfall im Längsverkehr;;;;;FALSE;TRUE;;;;1;0;;1;;;0
13163;BWPV230002292272;2023-10-16T13:31:00Z;;;Karlsruhe, Stadt;0;0;0;2;Zusammenstoß mit anfahrendem/anhaltendem/ruhendem Fahrzeug;;Radverkehrsanlage auf der Fahrbahn;;;;kein Aufprall;Sonstiger Sachschadensunfall ohne Alkoholeinwirkung;Unfall durch ruhenden Verkehr;;;;;FALSE;TRUE;;;;1;0;;1;;;0
13164;BWPV230002293480;2023-10-10T14:35:00Z;;;Karlsruhe, Stadt;0;0;2;2;Zusammenstoß zwischen Fahrzeug und Fußgänger;;;;;;kein Aufprall;Unfall mit Leichtverletzten;Unfall im Längsverkehr;;;;;TRUE;TRUE;;;;1;1;;0;;;0
13165;BWPV230002293776;2023-10-05T23:00:00Z;;;Karlsruhe, Stadt;0;0;1;2;Zusammenstoß mit einbiegendem/kreuzendem Fahrzeug;Kreuzung;Radverkehrsanlage neben der Fahrbahn / baulich getrennte RVA;Lichtzeichenanlage in Betrieb;;;kein Aufprall;Unfall mit Leichtverletzten;Einbiege-/Kreuzen-Unfall;;;;;FALSE;TRUE;;;;1;0;;1;;;0
13166;BWPV230002294417;2023-10-13T14:30:00Z;;;Karlsruhe, Stadt;0;0;1;1;Unfall anderer Art;Kreuzung;;;;;kein Aufprall;Unfall mit Leichtverletzten;Fahrunfall;;;;;FALSE;TRUE;;;;1;0;;0;;;0
13167;BWPV230002295347;2023-10-13T14:20:00Z;;;Karlsruhe, Stadt;0;1;0;1;Unfall anderer Art;;"Fußgängerfurt; Haltestelle";;;;Mast;Unfall mit Schwerverletzten;Sonstiger Unfall;;;;;FALSE;TRUE;;;;1;0;;0;;;0
13168;BWPV230002295521;2023-10-19T12:51:00Z;;;Karlsruhe, Stadt;0;0;1;2;Zusammenstoß zwischen Fahrzeug und Fußgänger;Grundstücksein-/ausfahrt;;;;;kein Aufprall;Unfall mit Leichtverletzten;Sonstiger Unfall;;;;;TRUE;FALSE;;;;0;1;;1;;;0
13169;BWPV230002295532;2023-10-19T04:08:00Z;;;Karlsruhe, Stadt;0;0;1;2;Zusammenstoß mit einbiegendem/kreuzendem Fahrzeug;Kreisverkehr;;;;;kein Aufprall;Unfall mit Leichtverletzten;Einbiege-/Kreuzen-Unfall;;;;;FALSE;TRUE;;;;1;0;;1;;;0
13170;BWPV230002295582;2023-10-10T19:15:00Z;;;Karlsruhe, Stadt;0;0;1;2;Zusammenstoß mit einbiegendem/kreuzendem Fahrzeug;Kreuzung;Radverkehrsanlage auf der Fahrbahn;Lichtzeichenanlage in Betrieb;;;kein Aufprall;Unfall mit Leichtverletzten;Abbiegeunfall;;;;;FALSE;TRUE;;;;1;0;;1;;;0
13171;BWPV230002295868;2023-10-16T07:00:00Z;;;Karlsruhe, Stadt;0;0;1;2;Zusammenstoß mit einbiegendem/kreuzendem Fahrzeug;Kreisverkehr;;;;;kein Aufprall;Unfall mit Leichtverletzten;Einbiege-/Kreuzen-Unfall;;;;;FALSE;TRUE;;;;1;0;;1;;;0
13172;BWPV230002295939;2023-10-19T11:20:00Z;;;Karlsruhe, Stadt;0;0;1;2;Zusammenstoß mit einbiegendem/kreuzendem Fahrzeug;Kreuzung;Fußgängerfurt;Lichtzeichenanlage in Betrieb;;;kein Aufprall;Unfall mit Leichtverletzten;Abbiegeunfall;;;;;FALSE;TRUE;;;;1;0;;1;;;0
13173;BWPV230002297377;2023-10-17T18:16:00Z;;;Karlsruhe, Stadt;0;0;0;2;Zusammenstoß mit einbiegendem/kreuzendem Fahrzeug;Kreuzung;"Radverkehrsanlage auf der Fahrbahn; Arbeitsstelle";;;;kein Aufprall;Sonstiger Sachschadensunfall ohne Alkoholeinwirkung;Abbiegeunfall;;;;;FALSE;TRUE;;;;1;0;;1;;;0
13174;BWPV230002297647;2023-10-12T18:20:00Z;;;Karlsruhe, Stadt;0;0;1;2;Zusammenstoß zwischen Fahrzeug und Fußgänger;;Haltestelle;;;;kein Aufprall;Unfall mit Leichtverletzten;Überschreiten-Unfall;;;;;TRUE;FALSE;;;;0;1;;1;;;0
13175;BWPV230002297880;2023-10-17T07:33:00Z;;;Karlsruhe, Stadt;0;0;0;2;Zusammenstoß mit vorausfahrendem/wartendem Fahrzeug;;;;;;kein Aufprall;Sonstiger Sachschadensunfall ohne Alkoholeinwirkung;Fahrunfall;;;;;FALSE;TRUE;;;;1;0;;1;;;0
13176;BWPV230002298038;2023-10-22T12:45:00Z;;;Karlsruhe, Stadt;0;0;0;2;Zusammenstoß mit anfahrendem/anhaltendem/ruhendem Fahrzeug;;;;;;kein Aufprall;Sonstiger Sachschadensunfall ohne Alkoholeinwirkung;Unfall durch ruhenden Verkehr;;;;;FALSE;TRUE;;;;1;0;;1;;;0
13177;BWPV230002298066;2023-10-13T10:55:00Z;;;Karlsruhe, Stadt;0;1;0;2;Zusammenstoß mit einbiegendem/kreuzendem Fahrzeug;;;;;;kein Aufprall;Unfall mit Schwerverletzten;Sonstiger Unfall;;;;;FALSE;TRUE;;;;1;0;;1;;;0
13178;BWPV230002298128;2023-10-10T04:25:00Z;;;Karlsruhe, Stadt;0;0;1;2;Unfall anderer Art;Grundstücksein-/ausfahrt;;;;;kein Aufprall;Unfall mit Leichtverletzten;Abbiegeunfall;;;;;FALSE;TRUE;;;;1;0;;1;;;0
13179;BWPV230002298613;2023-10-12T14:14:00Z;;;Karlsruhe, Stadt;0;0;1;2;Zusammenstoß mit einbiegendem/kreuzendem Fahrzeug;Grundstücksein-/ausfahrt;Radverkehrsanlage auf der Fahrbahn;;;;kein Aufprall;Unfall mit Leichtverletzten;Einbiege-/Kreuzen-Unfall;;;;;FALSE;TRUE;;;;2;0;;0;;;0
13180;BWPV230002298722;2023-10-18T18:20:00Z;;;Karlsruhe, Stadt;0;0;0;2;Zusammenstoß mit anfahrendem/anhaltendem/ruhendem Fahrzeug;;;;;;kein Aufprall;Sonstiger Sachschadensunfall ohne Alkoholeinwirkung;Unfall durch ruhenden Verkehr;;;;;FALSE;TRUE;;;;1;0;;1;;;0
13181;BWPV230002298915;2023-10-13T14:20:00Z;;;Karlsruhe, Stadt;0;0;1;1;Unfall anderer Art;;Arbeitsstelle;;;;kein Aufprall;Unfall mit Leichtverletzten;Sonstiger Unfall;;;;;FALSE;TRUE;;;;1;0;;0;;;0
13182;BWPV230002299902;2023-10-19T05:35:00Z;;;Karlsruhe, Stadt;0;0;0;2;Unfall anderer Art;Kurve;;;;;sonstiges Hindernis;Sonstiger Sachschadensunfall ohne Alkoholeinwirkung;Sonstiger Unfall;;;;;TRUE;FALSE;;;;0;1;;1;;;0
13183;BWPV230002300097;2023-10-13T16:38:00Z;;;Karlsruhe, Stadt;0;0;1;2;Zusammenstoß zwischen Fahrzeug und Fußgänger;;;;;;kein Aufprall;Unfall mit Leichtverletzten;Sonstiger Unfall;;;;;TRUE;FALSE;;;;0;1;;1;;;0
13184;BWPV230002300117;2023-10-17T12:28:00Z;;;Karlsruhe, Stadt;0;0;2;2;Zusammenstoß mit entgegenkommendem Fahrzeug;"Einmündung; Gefälle";;;;;kein Aufprall;Unfall mit Leichtverletzten;Unfall im Längsverkehr;;;;;FALSE;TRUE;;;;2;0;;0;;;0
13185;BWPV230002300177;2023-10-19T10:38:00Z;;;Karlsruhe, Stadt;0;0;0;2;Unfall anderer Art;Kreuzung;Verkehrsberuhigter Bereich;;;;sonstiges Hindernis;Sonstiger Sachschadensunfall ohne Alkoholeinwirkung;Sonstiger Unfall;;;;;TRUE;FALSE;;;;0;1;;1;;;0
13186;BWPV230002300482;2023-10-23T13:38:00Z;;;Karlsruhe, Stadt;0;1;0;2;Zusammenstoß mit einbiegendem/kreuzendem Fahrzeug;Einmündung;Radverkehrsanlage neben der Fahrbahn / baulich getrennte RVA;;;;kein Aufprall;Unfall mit Schwerverletzten;Einbiege-/Kreuzen-Unfall;;;;;FALSE;TRUE;;;;1;0;;1;;;0
13187;BWPV230002301556;2023-10-24T06:03:00Z;;;Karlsruhe, Stadt;0;0;1;2;Zusammenstoß mit einbiegendem/kreuzendem Fahrzeug;Kreuzung;"Radverkehrsanlage neben der Fahrbahn / baulich getrennte RVA; Benutzungspflicht der Radverkehrsanlage";;;;kein Aufprall;Unfall mit Leichtverletzten;Abbiegeunfall;;;;;FALSE;TRUE;;;;1;0;;1;;;0
13188;BWPV230002301654;2023-10-24T13:30:00Z;;;Karlsruhe, Stadt;0;0;0;2;Unfall anderer Art;;;;;;sonstiges Hindernis;Sonstiger Sachschadensunfall ohne Alkoholeinwirkung;Fahrunfall;;;;;TRUE;FALSE;;;;0;1;;1;;;0
13189;BWPV230002301847;2023-10-26T08:38:00Z;;;Karlsruhe, Stadt;0;0;0;2;Unfall anderer Art;;;;;;kein Aufprall;Sonstiger Sachschadensunfall ohne Alkoholeinwirkung;Sonstiger Unfall;;;;;TRUE;FALSE;;;;0;1;;1;;;0
13190;BWPV230002302428;2023-10-24T11:10:00Z;;;Karlsruhe, Stadt;0;0;1;2;Zusammenstoß mit einbiegendem/kreuzendem Fahrzeug;Kreuzung;"Radverkehrsanlage neben der Fahrbahn / baulich getrennte RVA; Benutzungspflicht der Radverkehrsanlage";Lichtzeichenanlage in Betrieb;;;Mast;Unfall mit Leichtverletzten;Abbiegeunfall;;;;;FALSE;TRUE;;;;1;0;;1;;;0
13191;BWPV230002302799;2023-10-15T17:40:00Z;;;Karlsruhe, Stadt;0;1;0;2;Zusammenstoß zwischen Fahrzeug und Fußgänger;;;;;;kein Aufprall;Unfall mit Schwerverletzten;Überschreiten-Unfall;;;;;TRUE;FALSE;;;;0;1;;1;;;0
13192;BWPV230002302866;2023-10-25T10:15:00Z;;;Karlsruhe, Stadt;0;0;1;2;Zusammenstoß zwischen Fahrzeug und Fußgänger;Kreuzung;;Lichtzeichenanlage in Betrieb;;;kein Aufprall;Unfall mit Leichtverletzten;Sonstiger Unfall;;;;;TRUE;FALSE;;;;0;1;;1;;;0
13193;BWPV230002302979;2023-10-27T06:15:00Z;;;Karlsruhe, Stadt;0;0;0;2;Zusammenstoß mit einbiegendem/kreuzendem Fahrzeug;Kreuzung;;;;;kein Aufprall;Sonstiger Sachschadensunfall ohne Alkoholeinwirkung;Einbiege-/Kreuzen-Unfall;;;;;FALSE;TRUE;;;;1;0;;1;;;0
13194;BWPV230002303048;2023-10-27T05:30:00Z;;;Karlsruhe, Stadt;0;0;1;2;Zusammenstoß zwischen Fahrzeug und Fußgänger;;Haltestelle;;;;kein Aufprall;Unfall mit Leichtverletzten;Überschreiten-Unfall;;;;;TRUE;FALSE;;;;0;1;;1;;;0
13195;BWPV230002303109;2023-10-26T11:15:00Z;;;Karlsruhe, Stadt;0;0;1;2;Zusammenstoß mit seitlich in gleicher Richtung fahrendem Fahrzeug;;"Benutzungspflicht der Radverkehrsanlage; Radverkehrsanlage auf der Fahrbahn";;;;kein Aufprall;Unfall mit Leichtverletzten;Abbiegeunfall;;;;;FALSE;TRUE;;;;1;0;;1;;;0
13196;BWPV230002303914;2023-10-27T06:20:00Z;;;Karlsruhe, Stadt;0;0;1;2;Zusammenstoß mit entgegenkommendem Fahrzeug;;Radverkehrsanlage neben der Fahrbahn / baulich getrennte RVA;;;;kein Aufprall;Unfall mit Leichtverletzten;Unfall im Längsverkehr;;;;;FALSE;TRUE;;;;2;0;;0;;;0
13197;BWPV230002304038;2023-10-23T23:55:00Z;;;Karlsruhe, Stadt;0;0;1;1;Unfall anderer Art;;Radverkehrsanlage neben der Fahrbahn / baulich getrennte RVA;;;;sonstiges Hindernis;Unfall mit Leichtverletzten;Sonstiger Unfall;;;;;FALSE;TRUE;;;;1;0;;0;;;0
13198;BWPV230002304661;2023-10-23T11:35:00Z;;;Karlsruhe, Stadt;0;1;0;1;Unfall anderer Art;;Radverkehrsanlage neben der Fahrbahn / baulich getrennte RVA;;;;kein Aufprall;Unfall mit Schwerverletzten;Sonstiger Unfall;;;;;FALSE;TRUE;;;;1;0;;0;;;0
13199;BWPV230002304805;2023-10-18T14:46:00Z;;;Karlsruhe, Stadt;0;0;2;2;Zusammenstoß mit einbiegendem/kreuzendem Fahrzeug;Einmündung;Radverkehrsanlage neben der Fahrbahn / baulich getrennte RVA;;;;kein Aufprall;Unfall mit Leichtverletzten;Einbiege-/Kreuzen-Unfall;;;;;FALSE;TRUE;;;;2;0;;0;;;0
13200;BWPV230002304866;2023-10-28T10:30:00Z;;;Karlsruhe, Stadt;0;0;0;2;Unfall anderer Art;;;;;;sonstiges Hindernis;Sonstiger Sachschadensunfall ohne Alkoholeinwirkung;Sonstiger Unfall;;;;;TRUE;FALSE;;;;0;1;;1;;;0
13201;BWPV230002304921;2023-10-19T12:30:00Z;;;Karlsruhe, Stadt;0;0;1;2;Zusammenstoß mit seitlich in gleicher Richtung fahrendem Fahrzeug;Kreuzung;Radverkehrsanlage auf der Fahrbahn;Lichtzeichenanlage in Betrieb;;;kein Aufprall;Unfall mit Leichtverletzten;Abbiegeunfall;;;;;FALSE;TRUE;;;;1;0;;1;;;0